windcode,成分券名称,index
000001.SZ,平安银行,CSI300
000002.SZ,万科A,CSI300
000063.SZ,中兴通讯,CSI300
000100.SZ,TCL科技,CSI300
000157.SZ,中联重科,CSI300
000166.SZ,申万宏源,CSI300
000301.SZ,东方盛虹,CSI300
000333.SZ,美的集团,CSI300
000338.SZ,潍柴动力,CSI300
000408.SZ,藏格矿业,CSI300
000425.SZ,徐工机械,CSI300
000538.SZ,云南白药,CSI300
000568.SZ,泸州老窖,CSI300
000596.SZ,古井贡酒,CSI300
000617.SZ,中油资本,CSI300
000625.SZ,长安汽车,CSI300
000630.SZ,铜陵有色,CSI300
000651.SZ,格力电器,CSI300
000657.SZ,中钨高新,CSI300
000708.SZ,中信特钢,CSI300
000725.SZ,京东方A,CSI300
000768.SZ,中航西飞,CSI300
000776.SZ,广发证券,CSI300
000792.SZ,盐湖股份,CSI300
000807.SZ,云铝股份,CSI300
000858.SZ,五 粮 液,CSI300
000895.SZ,双汇发展,CSI300
000938.SZ,紫光股份,CSI300
000963.SZ,华东医药,CSI300
000975.SZ,山金国际,CSI300
000977.SZ,浪潮信息,CSI300
000988.SZ,华工科技,CSI300
000999.SZ,华润三九,CSI300
001280.SZ,中国铀业,CSI300
001391.SZ,国货航,CSI300
001965.SZ,招商公路,CSI300
001979.SZ,招商蛇口,CSI300
002001.SZ,新和成,CSI300
002027.SZ,分众传媒,CSI300
002028.SZ,思源电气,CSI300
002049.SZ,紫光国微,CSI300
002050.SZ,三花智控,CSI300
002074.SZ,国轩高科,CSI300
002142.SZ,宁波银行,CSI300
002179.SZ,中航光电,CSI300
002202.SZ,金风科技,CSI300
002230.SZ,科大讯飞,CSI300
002236.SZ,大华股份,CSI300
002241.SZ,歌尔股份,CSI300
002304.SZ,洋河股份,CSI300
002311.SZ,海大集团,CSI300
002352.SZ,顺丰控股,CSI300
002353.SZ,杰瑞股份,CSI300
002371.SZ,北方华创,CSI300
002384.SZ,东山精密,CSI300
002415.SZ,海康威视,CSI300
002422.SZ,科伦药业,CSI300
002460.SZ,赣锋锂业,CSI300
002463.SZ,沪电股份,CSI300
002466.SZ,天齐锂业,CSI300
002475.SZ,立讯精密,CSI300
002493.SZ,荣盛石化,CSI300
002532.SZ,天山铝业,CSI300
002558.SZ,巨人网络,CSI300
002594.SZ,比亚迪,CSI300
002600.SZ,领益智造,CSI300
002602.SZ,世纪华通,CSI300
002625.SZ,光启技术,CSI300
002648.SZ,卫星化学,CSI300
002709.SZ,天赐材料,CSI300
002714.SZ,牧原股份,CSI300
002736.SZ,国信证券,CSI300
002837.SZ,英维克,CSI300
002916.SZ,深南电路,CSI300
002920.SZ,德赛西威,CSI300
002938.SZ,鹏鼎控股,CSI300
003816.SZ,中国广核,CSI300
300014.SZ,亿纬锂能,CSI300
300015.SZ,爱尔眼科,CSI300
300033.SZ,同花顺,CSI300
300059.SZ,东方财富,CSI300
300122.SZ,智飞生物,CSI300
300124.SZ,汇川技术,CSI300
300251.SZ,光线传媒,CSI300
300274.SZ,阳光电源,CSI300
300308.SZ,中际旭创,CSI300
300316.SZ,晶盛机电,CSI300
300394.SZ,天孚通信,CSI300
300408.SZ,三环集团,CSI300
300413.SZ,芒果超媒,CSI300
300418.SZ,昆仑万维,CSI300
300433.SZ,蓝思科技,CSI300
300442.SZ,润泽科技,CSI300
300450.SZ,先导智能,CSI300
300476.SZ,胜宏科技,CSI300
300498.SZ,温氏股份,CSI300
300502.SZ,新易盛,CSI300
300628.SZ,亿联网络,CSI300
300661.SZ,圣邦股份,CSI300
300750.SZ,宁德时代,CSI300
300760.SZ,迈瑞医疗,CSI300
300803.SZ,指南针,CSI300
300832.SZ,新产业,CSI300
300866.SZ,安克创新,CSI300
300896.SZ,爱美客,CSI300
300999.SZ,金龙鱼,CSI300
301165.SZ,锐捷网络,CSI300
301236.SZ,软通动力,CSI300
301269.SZ,华大九天,CSI300
301308.SZ,江波龙,CSI300
302132.SZ,中航成飞,CSI300
600000.SH,浦发银行,CSI300
600009.SH,上海机场,CSI300
600010.SH,包钢股份,CSI300
600011.SH,华能国际,CSI300
600015.SH,华夏银行,CSI300
600016.SH,民生银行,CSI300
600018.SH,上港集团,CSI300
600019.SH,宝钢股份,CSI300
600023.SH,浙能电力,CSI300
600025.SH,华能水电,CSI300
600026.SH,中远海能,CSI300
600027.SH,华电国际,CSI300
600028.SH,中国石化,CSI300
600029.SH,南方航空,CSI300
600030.SH,中信证券,CSI300
600031.SH,三一重工,CSI300
600036.SH,招商银行,CSI300
600039.SH,四川路桥,CSI300
600048.SH,保利发展,CSI300
600050.SH,中国联通,CSI300
600061.SH,国投资本,CSI300
600066.SH,宇通客车,CSI300
600085.SH,同仁堂,CSI300
600089.SH,特变电工,CSI300
600104.SH,上汽集团,CSI300
600111.SH,北方稀土,CSI300
600115.SH,中国东航,CSI300
600118.SH,中国卫星,CSI300
600150.SH,中国船舶,CSI300
600160.SH,巨化股份,CSI300
600176.SH,中国巨石,CSI300
600183.SH,生益科技,CSI300
600188.SH,兖矿能源,CSI300
600196.SH,复星医药,CSI300
600219.SH,南山铝业,CSI300
600221.SH,海航控股,CSI300
600233.SH,圆通速递,CSI300
600276.SH,恒瑞医药,CSI300
600309.SH,万华化学,CSI300
600346.SH,恒力石化,CSI300
600362.SH,江西铜业,CSI300
600372.SH,中航机载,CSI300
600406.SH,国电南瑞,CSI300
600415.SH,小商品城,CSI300
600426.SH,华鲁恒升,CSI300
600436.SH,片仔癀,CSI300
600438.SH,通威股份,CSI300
600460.SH,士兰微,CSI300
600482.SH,中国动力,CSI300
600489.SH,中金黄金,CSI300
600515.SH,海南机场,CSI300
600519.SH,贵州茅台,CSI300
600522.SH,中天科技,CSI300
600547.SH,山东黄金,CSI300
600549.SH,厦门钨业,CSI300
600570.SH,恒生电子,CSI300
600584.SH,长电科技,CSI300
600585.SH,海螺水泥,CSI300
600588.SH,用友网络,CSI300
600600.SH,青岛啤酒,CSI300
600660.SH,福耀玻璃,CSI300
600674.SH,川投能源,CSI300
600690.SH,海尔智家,CSI300
600741.SH,华域汽车,CSI300
600760.SH,中航沈飞,CSI300
600795.SH,国电电力,CSI300
600803.SH,新奥股份,CSI300
600809.SH,山西汾酒,CSI300
600845.SH,宝信软件,CSI300
600875.SH,东方电气,CSI300
600886.SH,国投电力,CSI300
600887.SH,伊利股份,CSI300
600893.SH,航发动力,CSI300
600900.SH,长江电力,CSI300
600905.SH,三峡能源,CSI300
600918.SH,中泰证券,CSI300
600919.SH,江苏银行,CSI300
600926.SH,杭州银行,CSI300
600930.SH,华电新能,CSI300
600938.SH,中国海油,CSI300
600941.SH,中国移动,CSI300
600958.SH,东方证券,CSI300
600989.SH,宝丰能源,CSI300
600999.SH,招商证券,CSI300
601006.SH,大秦铁路,CSI300
601009.SH,南京银行,CSI300
601012.SH,隆基绿能,CSI300
601018.SH,宁波港,CSI300
601021.SH,春秋航空,CSI300
601058.SH,赛轮轮胎,CSI300
601059.SH,信达证券,CSI300
601066.SH,中信建投,CSI300
601077.SH,渝农商行,CSI300
601088.SH,中国神华,CSI300
601100.SH,恒立液压,CSI300
601111.SH,中国国航,CSI300
601117.SH,中国化学,CSI300
601127.SH,赛力斯,CSI300
601136.SH,首创证券,CSI300
601138.SH,工业富联,CSI300
601166.SH,兴业银行,CSI300
601169.SH,北京银行,CSI300
601186.SH,中国铁建,CSI300
601211.SH,国泰海通,CSI300
601225.SH,陕西煤业,CSI300
601229.SH,上海银行,CSI300
601238.SH,广汽集团,CSI300
601288.SH,农业银行,CSI300
601318.SH,中国平安,CSI300
601319.SH,中国人保,CSI300
601328.SH,交通银行,CSI300
601336.SH,新华保险,CSI300
601360.SH,三六零,CSI300
601377.SH,兴业证券,CSI300
601390.SH,中国中铁,CSI300
601398.SH,工商银行,CSI300
601456.SH,国联民生,CSI300
601600.SH,中国铝业,CSI300
601601.SH,中国太保,CSI300
601607.SH,上海医药,CSI300
601618.SH,中国中冶,CSI300
601628.SH,中国人寿,CSI300
601633.SH,长城汽车,CSI300
601658.SH,邮储银行,CSI300
601668.SH,中国建筑,CSI300
601669.SH,中国电建,CSI300
601688.SH,华泰证券,CSI300
601689.SH,拓普集团,CSI300
601698.SH,中国卫通,CSI300
601727.SH,上海电气,CSI300
601728.SH,中国电信,CSI300
601766.SH,中国中车,CSI300
601788.SH,光大证券,CSI300
601800.SH,中国交建,CSI300
601816.SH,京沪高铁,CSI300
601818.SH,光大银行,CSI300
601825.SH,沪农商行,CSI300
601838.SH,成都银行,CSI300
601857.SH,中国石油,CSI300
601868.SH,中国能建,CSI300
601872.SH,招商轮船,CSI300
601877.SH,正泰电器,CSI300
601878.SH,浙商证券,CSI300
601881.SH,中国银河,CSI300
601888.SH,中国中免,CSI300
601898.SH,中煤能源,CSI300
601899.SH,紫金矿业,CSI300
601901.SH,方正证券,CSI300
601916.SH,浙商银行,CSI300
601919.SH,中远海控,CSI300
601939.SH,建设银行,CSI300
601985.SH,中国核电,CSI300
601988.SH,中国银行,CSI300
601995.SH,中金公司,CSI300
601998.SH,中信银行,CSI300
603019.SH,中科曙光,CSI300
603259.SH,药明康德,CSI300
603260.SH,合盛硅业,CSI300
603288.SH,海天味业,CSI300
603296.SH,华勤技术,CSI300
603369.SH,今世缘,CSI300
603392.SH,万泰生物,CSI300
603501.SH,豪威集团,CSI300
603799.SH,华友钴业,CSI300
603893.SH,瑞芯微,CSI300
603986.SH,兆易创新,CSI300
603993.SH,洛阳钼业,CSI300
605117.SH,德业股份,CSI300
605499.SH,东鹏饮料,CSI300
688008.SH,澜起科技,CSI300
688009.SH,中国通号,CSI300
688012.SH,中微公司,CSI300
688036.SH,传音控股,CSI300
688041.SH,海光信息,CSI300
688047.SH,龙芯中科,CSI300
688072.SH,拓荆科技,CSI300
688082.SH,盛美上海,CSI300
688111.SH,金山办公,CSI300
688126.SH,沪硅产业,CSI300
688183.SH,生益电子,CSI300
688223.SH,晶科能源,CSI300
688256.SH,寒武纪,CSI300
688271.SH,联影医疗,CSI300
688303.SH,大全能源,CSI300
688396.SH,华润微,CSI300
688472.SH,阿特斯,CSI300
688506.SH,百利天恒,CSI300
688521.SH,芯原股份,CSI300
688981.SH,中芯国际,CSI300
000009.SZ,中国宝安,CSI500
000021.SZ,深科技,CSI500
000027.SZ,深圳能源,CSI500
000032.SZ,深桑达A,CSI500
000034.SZ,神州数码,CSI500
000039.SZ,中集集团,CSI500
000050.SZ,深天马A,CSI500
000060.SZ,中金岭南,CSI500
000062.SZ,深圳华强,CSI500
000088.SZ,盐田港,CSI500
000155.SZ,川能动力,CSI500
000400.SZ,许继电气,CSI500
000415.SZ,渤海租赁,CSI500
000423.SZ,东阿阿胶,CSI500
000429.SZ,粤高速A,CSI500
000513.SZ,丽珠集团,CSI500
000519.SZ,中兵红箭,CSI500
000528.SZ,柳工,CSI500
000537.SZ,绿发电力,CSI500
000539.SZ,粤电力A,CSI500
000559.SZ,万向钱潮,CSI500
000582.SZ,北部湾港,CSI500
000591.SZ,太阳能,CSI500
000598.SZ,兴蓉环境,CSI500
000623.SZ,吉林敖东,CSI500
000629.SZ,钒钛股份,CSI500
000661.SZ,长春高新,CSI500
000683.SZ,博源化工,CSI500
000703.SZ,恒逸石化,CSI500
000709.SZ,河钢股份,CSI500
000723.SZ,美锦能源,CSI500
000728.SZ,国元证券,CSI500
000729.SZ,燕京啤酒,CSI500
000733.SZ,振华科技,CSI500
000737.SZ,北方铜业,CSI500
000738.SZ,航发控制,CSI500
000739.SZ,普洛药业,CSI500
000750.SZ,国海证券,CSI500
000783.SZ,长江证券,CSI500
000785.SZ,居然智家,CSI500
000786.SZ,北新建材,CSI500
000800.SZ,一汽解放,CSI500
000825.SZ,太钢不锈,CSI500
000830.SZ,鲁西化工,CSI500
000831.SZ,中国稀土,CSI500
000878.SZ,云南铜业,CSI500
000883.SZ,湖北能源,CSI500
000887.SZ,中鼎股份,CSI500
000893.SZ,亚钾国际,CSI500
000898.SZ,鞍钢股份,CSI500
000921.SZ,海信家电,CSI500
000932.SZ,华菱钢铁,CSI500
000937.SZ,冀中能源,CSI500
000951.SZ,中国重汽,CSI500
000959.SZ,首钢股份,CSI500
000960.SZ,锡业股份,CSI500
000967.SZ,盈峰环境,CSI500
000983.SZ,山西焦煤,CSI500
000987.SZ,越秀资本,CSI500
000997.SZ,新 大 陆,CSI500
001203.SZ,大中矿业,CSI500
001221.SZ,悍高集团,CSI500
001286.SZ,陕西能源,CSI500
001309.SZ,德明利,CSI500
001386.SZ,马可波罗,CSI500
001389.SZ,广合科技,CSI500
001696.SZ,宗申动力,CSI500
002007.SZ,华兰生物,CSI500
002008.SZ,大族激光,CSI500
002025.SZ,航天电器,CSI500
002032.SZ,苏泊尔,CSI500
002044.SZ,美年健康,CSI500
002056.SZ,横店东磁,CSI500
002064.SZ,华峰化学,CSI500
002065.SZ,东华软件,CSI500
002078.SZ,太阳纸业,CSI500
002085.SZ,万丰奥威,CSI500
002120.SZ,韵达股份,CSI500
002126.SZ,银轮股份,CSI500
002130.SZ,沃尔核材,CSI500
002131.SZ,利欧股份,CSI500
002138.SZ,顺络电子,CSI500
002152.SZ,广电运通,CSI500
002153.SZ,石基信息,CSI500
002155.SZ,湖南黄金,CSI500
002157.SZ,正邦科技,CSI500
002185.SZ,华天科技,CSI500
002195.SZ,岩山科技,CSI500
002203.SZ,海亮股份,CSI500
002223.SZ,鱼跃医疗,CSI500
002244.SZ,滨江集团,CSI500
002252.SZ,上海莱士,CSI500
002261.SZ,拓维信息,CSI500
002262.SZ,恩华药业,CSI500
002265.SZ,建设工业,CSI500
002266.SZ,浙富控股,CSI500
002271.SZ,东方雨虹,CSI500
002273.SZ,水晶光电,CSI500
002281.SZ,光迅科技,CSI500
002299.SZ,圣农发展,CSI500
002312.SZ,川发龙蟒,CSI500
002318.SZ,久立特材,CSI500
002335.SZ,科华数据,CSI500
002340.SZ,格林美,CSI500
002402.SZ,和而泰,CSI500
002407.SZ,多氟多,CSI500
002409.SZ,雅克科技,CSI500
002410.SZ,广联达,CSI500
002414.SZ,高德红外,CSI500
002423.SZ,中粮资本,CSI500
002429.SZ,兆驰股份,CSI500
002430.SZ,杭氧股份,CSI500
002432.SZ,九安医疗,CSI500
002436.SZ,兴森科技,CSI500
002444.SZ,巨星科技,CSI500
002461.SZ,珠江啤酒,CSI500
002465.SZ,海格通信,CSI500
002472.SZ,双环传动,CSI500
002487.SZ,大金重工,CSI500
002500.SZ,山西证券,CSI500
002508.SZ,老板电器,CSI500
002517.SZ,恺英网络,CSI500
002568.SZ,百润股份,CSI500
002583.SZ,海能达,CSI500
002601.SZ,龙佰集团,CSI500
002603.SZ,以岭药业,CSI500
002608.SZ,江苏国信,CSI500
002624.SZ,完美世界,CSI500
002670.SZ,国盛证券,CSI500
002673.SZ,西部证券,CSI500
002683.SZ,广东宏大,CSI500
002738.SZ,中矿资源,CSI500
002739.SZ,儒意电影,CSI500
002756.SZ,永兴材料,CSI500
002773.SZ,康弘药业,CSI500
002797.SZ,第一创业,CSI500
002812.SZ,恩捷股份,CSI500
002821.SZ,凯莱英,CSI500
002831.SZ,裕同科技,CSI500
002841.SZ,视源股份,CSI500
002850.SZ,科达利,CSI500
002851.SZ,麦格米特,CSI500
002926.SZ,华西证券,CSI500
002939.SZ,长城证券,CSI500
002945.SZ,华林证券,CSI500
002966.SZ,苏州银行,CSI500
002984.SZ,森麒麟,CSI500
003021.SZ,兆威机电,CSI500
003022.SZ,联泓新科,CSI500
003031.SZ,中瓷电子,CSI500
003035.SZ,南网能源,CSI500
300001.SZ,特锐德,CSI500
300002.SZ,神州泰岳,CSI500
300003.SZ,乐普医疗,CSI500
300012.SZ,华测检测,CSI500
300017.SZ,网宿科技,CSI500
300024.SZ,机器人,CSI500
300037.SZ,新宙邦,CSI500
300054.SZ,鼎龙股份,CSI500
300058.SZ,蓝色光标,CSI500
300073.SZ,当升科技,CSI500
300100.SZ,双林股份,CSI500
300115.SZ,长盈精密,CSI500
300136.SZ,信维通信,CSI500
300140.SZ,节能环境,CSI500
300142.SZ,沃森生物,CSI500
300144.SZ,宋城演艺,CSI500
300146.SZ,汤臣倍健,CSI500
300207.SZ,欣旺达,CSI500
300223.SZ,君正股份,CSI500
300285.SZ,国瓷材料,CSI500
300339.SZ,润和软件,CSI500
300346.SZ,南大光电,CSI500
300373.SZ,扬杰科技,CSI500
300383.SZ,光环新网,CSI500
300390.SZ,天华新能,CSI500
300395.SZ,菲利华,CSI500
300432.SZ,富临精工,CSI500
300454.SZ,深信服,CSI500
300458.SZ,全志科技,CSI500
300474.SZ,景嘉微,CSI500
300475.SZ,香农芯创,CSI500
300487.SZ,蓝晓科技,CSI500
300496.SZ,中科创达,CSI500
300548.SZ,长芯博创,CSI500
300558.SZ,贝达药业,CSI500
300567.SZ,精测电子,CSI500
300570.SZ,太辰光,CSI500
300604.SZ,长川科技,CSI500
300620.SZ,光库科技,CSI500
300623.SZ,捷捷微电,CSI500
300627.SZ,华测导航,CSI500
300666.SZ,江丰电子,CSI500
300676.SZ,华大基因,CSI500
300677.SZ,英科医疗,CSI500
300679.SZ,电连技术,CSI500
300699.SZ,光威复材,CSI500
300718.SZ,长盛轴承,CSI500
300724.SZ,捷佳伟创,CSI500
300735.SZ,光弘科技,CSI500
300748.SZ,金力永磁,CSI500
300751.SZ,迈为股份,CSI500
300757.SZ,罗博特科,CSI500
300759.SZ,康龙化成,CSI500
300763.SZ,锦浪科技,CSI500
300857.SZ,协创数据,CSI500
300888.SZ,稳健医疗,CSI500
300919.SZ,中伟新材,CSI500
300953.SZ,震裕科技,CSI500
300957.SZ,贝泰妮,CSI500
300972.SZ,万辰集团,CSI500
301200.SZ,大族数控,CSI500
301301.SZ,川宁生物,CSI500
301358.SZ,湖南裕能,CSI500
301377.SZ,鼎泰高科,CSI500
301498.SZ,乖宝宠物,CSI500
301526.SZ,国际复材,CSI500
301536.SZ,星宸科技,CSI500
301606.SZ,绿联科技,CSI500
301611.SZ,珂玛科技,CSI500
600004.SH,白云机场,CSI500
600008.SH,首创环保,CSI500
600021.SH,上海电力,CSI500
600032.SH,浙江新能,CSI500
600038.SH,中直股份,CSI500
600060.SH,海信视像,CSI500
600062.SH,华润双鹤,CSI500
600095.SH,湘财股份,CSI500
600098.SH,广州发展,CSI500
600100.SH,同方股份,CSI500
600105.SH,永鼎股份,CSI500
600109.SH,国金证券,CSI500
600126.SH,杭钢股份,CSI500
600131.SH,国网信通,CSI500
600132.SH,重庆啤酒,CSI500
600141.SH,兴发集团,CSI500
600143.SH,金发科技,CSI500
600153.SH,建发股份,CSI500
600157.SH,永泰能源,CSI500
600161.SH,天坛生物,CSI500
600166.SH,福田汽车,CSI500
600170.SH,上海建工,CSI500
600171.SH,上海贝岭,CSI500
600177.SH,雅戈尔,CSI500
600208.SH,衢州发展,CSI500
600256.SH,广汇能源,CSI500
600282.SH,南钢股份,CSI500
600292.SH,电投水电,CSI500
600295.SH,鄂尔多斯,CSI500
600298.SH,安琪酵母,CSI500
600299.SH,安迪苏,CSI500
600312.SH,平高电气,CSI500
600316.SH,洪都航空,CSI500
600329.SH,达仁堂,CSI500
600332.SH,白云山,CSI500
600339.SH,中油工程,CSI500
600348.SH,华阳股份,CSI500
600350.SH,山东高速,CSI500
600352.SH,浙江龙盛,CSI500
600363.SH,联创光电,CSI500
600369.SH,西南证券,CSI500
600377.SH,宁沪高速,CSI500
600378.SH,昊华科技,CSI500
600380.SH,健康元,CSI500
600390.SH,五矿资本,CSI500
600392.SH,盛和资源,CSI500
600398.SH,海澜之家,CSI500
600435.SH,北方导航,CSI500
600483.SH,福能股份,CSI500
600486.SH,扬农化工,CSI500
600497.SH,驰宏锌锗,CSI500
600498.SH,烽火通信,CSI500
600499.SH,科达制造,CSI500
600511.SH,国药股份,CSI500
600516.SH,方大炭素,CSI500
600517.SH,国网英大,CSI500
600521.SH,华海药业,CSI500
600535.SH,天士力,CSI500
600536.SH,中国软件,CSI500
600546.SH,山煤国际,CSI500
600562.SH,国睿科技,CSI500
600563.SH,法拉电子,CSI500
600566.SH,济川药业,CSI500
600578.SH,京能电力,CSI500
600582.SH,天地科技,CSI500
600583.SH,海油工程,CSI500
600595.SH,中孚实业,CSI500
600598.SH,北大荒,CSI500
600601.SH,方正科技,CSI500
600602.SH,云赛智联,CSI500
600606.SH,绿地控股,CSI500
600637.SH,东方明珠,CSI500
600642.SH,申能股份,CSI500
600655.SH,豫园股份,CSI500
600663.SH,陆家嘴,CSI500
600685.SH,中船防务,CSI500
600688.SH,上海石化,CSI500
600699.SH,均胜电子,CSI500
600704.SH,物产中大,CSI500
600707.SH,彩虹股份,CSI500
600711.SH,盛屯矿业,CSI500
600737.SH,中粮糖业,CSI500
600754.SH,锦江酒店,CSI500
600763.SH,通策医疗,CSI500
600764.SH,中国海防,CSI500
600765.SH,中航重机,CSI500
600801.SH,华新建材,CSI500
600808.SH,马钢股份,CSI500
600816.SH,建元信托,CSI500
600820.SH,隧道股份,CSI500
600848.SH,上海临港,CSI500
600862.SH,中航高科,CSI500
600863.SH,华能蒙电,CSI500
600871.SH,石化油服,CSI500
600873.SH,梅花生物,CSI500
600879.SH,航天电子,CSI500
600884.SH,杉杉股份,CSI500
600885.SH,宏发股份,CSI500
600901.SH,江苏金租,CSI500
600906.SH,财达证券,CSI500
600909.SH,华安证券,CSI500
600927.SH,永安期货,CSI500
600967.SH,内蒙一机,CSI500
600968.SH,海油发展,CSI500
600970.SH,中材国际,CSI500
600977.SH,中国电影,CSI500
600985.SH,淮北矿业,CSI500
600988.SH,赤峰黄金,CSI500
600995.SH,南网储能,CSI500
600998.SH,九州通,CSI500
601000.SH,唐山港,CSI500
601001.SH,晋控煤业,CSI500
601016.SH,节能风电,CSI500
601019.SH,山东出版,CSI500
601098.SH,中南传媒,CSI500
601099.SH,太平洋,CSI500
601106.SH,中国一重,CSI500
601108.SH,财通证券,CSI500
601112.SH,振石股份,CSI500
601118.SH,海南橡胶,CSI500
601128.SH,常熟银行,CSI500
601139.SH,深圳燃气,CSI500
601155.SH,新城控股,CSI500
601156.SH,东航物流,CSI500
601162.SH,天风证券,CSI500
601179.SH,中国西电,CSI500
601198.SH,东兴证券,CSI500
601212.SH,白银有色,CSI500
601216.SH,君正集团,CSI500
601228.SH,广州港,CSI500
601233.SH,桐昆股份,CSI500
601236.SH,红塔证券,CSI500
601298.SH,青岛港,CSI500
601399.SH,国机重装,CSI500
601555.SH,东吴证券,CSI500
601567.SH,三星电气,CSI500
601577.SH,长沙银行,CSI500
601598.SH,中国外运,CSI500
601608.SH,中信重工,CSI500
601611.SH,中国核建,CSI500
601615.SH,明阳智能,CSI500
601665.SH,齐鲁银行,CSI500
601666.SH,平煤股份,CSI500
601696.SH,中银证券,CSI500
601699.SH,潞安环能,CSI500
601717.SH,中创智领,CSI500
601799.SH,星宇股份,CSI500
601808.SH,中海油服,CSI500
601865.SH,福莱特,CSI500
601866.SH,中远海发,CSI500
601869.SH,长飞光纤,CSI500
601880.SH,辽港股份,CSI500
601928.SH,凤凰传媒,CSI500
601958.SH,金钼股份,CSI500
601966.SH,玲珑轮胎,CSI500
601990.SH,南京证券,CSI500
601991.SH,大唐发电,CSI500
601997.SH,贵阳银行,CSI500
603000.SH,人民网,CSI500
603049.SH,中策橡胶,CSI500
603077.SH,和邦生物,CSI500
603087.SH,甘李药业,CSI500
603092.SH,德力佳,CSI500
603119.SH,浙江荣泰,CSI500
603129.SH,春风动力,CSI500
603156.SH,养元饮品,CSI500
603160.SH,汇顶科技,CSI500
603175.SH,超颖电子,CSI500
603179.SH,新泉股份,CSI500
603225.SH,新凤鸣,CSI500
603233.SH,大参林,CSI500
603256.SH,宏和科技,CSI500
603290.SH,斯达半导,CSI500
603298.SH,杭叉集团,CSI500
603308.SH,应流股份,CSI500
603338.SH,浙江鼎力,CSI500
603341.SH,龙旗科技,CSI500
603345.SH,安井食品,CSI500
603379.SH,三美股份,CSI500
603444.SH,吉比特,CSI500
603486.SH,科沃斯,CSI500
603529.SH,爱玛科技,CSI500
603565.SH,中谷物流,CSI500
603568.SH,伟明环保,CSI500
603589.SH,口子窖,CSI500
603596.SH,伯特利,CSI500
603605.SH,珀莱雅,CSI500
603606.SH,东方电缆,CSI500
603650.SH,彤程新材,CSI500
603658.SH,安图生物,CSI500
603659.SH,璞泰来,CSI500
603688.SH,石英股份,CSI500
603699.SH,纽威股份,CSI500
603728.SH,鸣志电器,CSI500
603737.SH,三棵树,CSI500
603766.SH,隆鑫通用,CSI500
603786.SH,科博达,CSI500
603806.SH,福斯特,CSI500
603816.SH,顾家家居,CSI500
603833.SH,欧派家居,CSI500
603858.SH,步长制药,CSI500
603885.SH,吉祥航空,CSI500
603899.SH,晨光股份,CSI500
603920.SH,世运电路,CSI500
603939.SH,益丰药房,CSI500
603979.SH,金诚信,CSI500
605358.SH,立昂微,CSI500
605589.SH,圣泉集团,CSI500
688002.SH,睿创微纳,CSI500
688017.SH,绿的谐波,CSI500
688018.SH,乐鑫科技,CSI500
688019.SH,安集科技,CSI500
688027.SH,国盾量子,CSI500
688037.SH,芯源微,CSI500
688052.SH,纳芯微,CSI500
688065.SH,凯赛生物,CSI500
688099.SH,晶晨股份,CSI500
688114.SH,华大智造,CSI500
688120.SH,华海清科,CSI500
688122.SH,西部超导,CSI500
688166.SH,博瑞医药,CSI500
688169.SH,石头科技,CSI500
688172.SH,燕东微,CSI500
688180.SH,君实生物,CSI500
688187.SH,时代电气,CSI500
688188.SH,柏楚电子,CSI500
688192.SH,迪哲医药,CSI500
688200.SH,华峰测控,CSI500
688213.SH,思特威,CSI500
688220.SH,翱捷科技,CSI500
688234.SH,天岳先进,CSI500
688235.SH,百济神州,CSI500
688248.SH,南网科技,CSI500
688266.SH,泽璟制药,CSI500
688278.SH,特宝生物,CSI500
688281.SH,华秦科技,CSI500
688295.SH,中复神鹰,CSI500
688297.SH,中无人机,CSI500
688301.SH,奕瑞科技,CSI500
688313.SH,仕佳光子,CSI500
688318.SH,财富趋势,CSI500
688322.SH,奥比中光,CSI500
688331.SH,荣昌生物,CSI500
688336.SH,三生国健,CSI500
688343.SH,云天励飞,CSI500
688347.SH,华虹宏力,CSI500
688349.SH,三一重能,CSI500
688361.SH,中科飞测,CSI500
688363.SH,华熙生物,CSI500
688375.SH,国博电子,CSI500
688385.SH,复旦微电,CSI500
688387.SH,信科移动,CSI500
688411.SH,海博思创,CSI500
688425.SH,铁建重工,CSI500
688469.SH,芯联集成,CSI500
688475.SH,萤石网络,CSI500
688498.SH,源杰科技,CSI500
688520.SH,神州细胞,CSI500
688538.SH,和辉光电,CSI500
688561.SH,奇安信,CSI500
688563.SH,航材股份,CSI500
688568.SH,中科星图,CSI500
688578.SH,艾力斯,CSI500
688582.SH,芯动联科,CSI500
688599.SH,天合光能,CSI500
688608.SH,恒玄科技,CSI500
688615.SH,合合信息,CSI500
688617.SH,惠泰医疗,CSI500
688629.SH,华丰科技,CSI500
688676.SH,金盘科技,CSI500
688692.SH,达梦数据,CSI500
688702.SH,盛科通信,CSI500
688708.SH,佳驰科技,CSI500
688709.SH,成都华微,CSI500
688728.SH,格科微,CSI500
688772.SH,珠海冠宇,CSI500
688777.SH,中控技术,CSI500
688778.SH,厦钨新能,CSI500
688819.SH,天能股份,CSI500
689009.SH,九号公司,CSI500
