date,market,rank,code,name,score,selected,target_weight
2026-09-08,a,1,603256.SH,宏和科技,6.640339420536996,True,0.03333333333333333
2026-09-08,a,2,300285.SZ,国瓷材料,5.339541394598895,True,0.03333333333333333
2026-09-08,a,3,688629.SH,华丰科技,4.466742862243325,True,0.03333333333333333
2026-09-08,a,4,301611.SZ,珂玛科技,4.1058288956244855,True,0.03333333333333333
2026-09-08,a,5,600105.SH,永鼎股份,4.028678986455412,True,0.03333333333333333
2026-09-08,a,6,301526.SZ,国际复材,3.451764753486182,True,0.03333333333333333
2026-09-08,a,7,002384.SZ,东山精密,3.3986182043767035,True,0.03333333333333333
2026-09-08,a,8,600363.SH,联创光电,3.2856963038279074,True,0.03333333333333333
2026-09-08,a,9,600584.SH,长电科技,3.028174865525386,True,0.03333333333333333
2026-09-08,a,10,688017.SH,绿的谐波,2.9564063537291743,True,0.03333333333333333
2026-09-08,a,11,688361.SH,中科飞测,2.8238810000877614,True,0.03333333333333333
2026-09-08,a,12,300604.SZ,长川科技,2.7923950458548887,True,0.03333333333333333
2026-09-08,a,13,301377.SZ,鼎泰高科,2.767409117503858,True,0.03333333333333333
2026-09-08,a,14,300054.SZ,鼎龙股份,2.737284582458145,True,0.03333333333333333
2026-09-08,a,15,002407.SZ,多氟多,2.6593612587764035,True,0.03333333333333333
2026-09-08,a,16,000657.SZ,中钨高新,2.5921589843870514,True,0.03333333333333333
2026-09-08,a,17,688041.SH,海光信息,2.4895166196848564,True,0.03333333333333333
2026-09-08,a,18,688200.SH,华峰测控,2.4176613829118376,True,0.03333333333333333
2026-09-08,a,19,688347.SH,华虹宏力,2.3759872037742307,True,0.03333333333333333
2026-09-08,a,20,300567.SZ,精测电子,2.241185726039486,True,0.03333333333333333
2026-09-08,a,21,300548.SZ,长芯博创,2.143203963315989,True,0.03333333333333333
2026-09-08,a,22,300757.SZ,罗博特科,2.025732821991348,True,0.03333333333333333
2026-09-08,a,23,300136.SZ,信维通信,1.9898339046371953,True,0.03333333333333333
2026-09-08,a,24,300620.SZ,光库科技,1.982181295938548,True,0.03333333333333333
2026-09-08,a,25,688256.SH,寒武纪,1.9122041386194344,True,0.03333333333333333
2026-09-08,a,26,300346.SZ,南大光电,1.9090749286161055,True,0.03333333333333333
2026-09-08,a,27,002353.SZ,杰瑞股份,1.8840987889456828,True,0.03333333333333333
2026-09-08,a,28,002409.SZ,雅克科技,1.8461233253376395,True,0.03333333333333333
2026-09-08,a,29,002281.SZ,光迅科技,1.832090841344846,True,0.03333333333333333
2026-09-08,a,30,603986.SH,兆易创新,1.806096448740206,True,0.03333333333333333
2026-09-08,a,31,688248.SH,南网科技,1.7946558414876816,False,0.0
2026-09-08,a,32,688172.SH,燕东微,1.7434423547646503,False,0.0
2026-09-08,a,33,300735.SZ,光弘科技,1.699057772792102,False,0.0
2026-09-08,a,34,300100.SZ,双林股份,1.6951616571591877,False,0.0
2026-09-08,a,35,300308.SZ,中际旭创,1.6884460663550607,False,0.0
2026-09-08,a,36,688702.SH,盛科通信,1.659557937191805,False,0.0
2026-09-08,a,37,688120.SH,华海清科,1.6474057094743995,False,0.0
2026-09-08,a,38,002371.SZ,北方华创,1.62392842305901,False,0.0
2026-09-08,a,39,300390.SZ,天华新能,1.6211598968443088,False,0.0
2026-09-08,a,40,600008.SH,首创环保,1.5851006223075372,False,0.0
2026-09-08,a,41,300676.SZ,华大基因,1.5734291153346636,False,0.0
2026-09-08,a,42,301200.SZ,大族数控,1.5448655978045238,False,0.0
2026-09-08,a,43,688037.SH,芯源微,1.5017752495326258,False,0.0
2026-09-08,a,44,603308.SH,应流股份,1.4828590471561285,False,0.0
2026-09-08,a,45,688313.SH,仕佳光子,1.4361657629937663,False,0.0
2026-09-08,a,46,300570.SZ,太辰光,1.4347168101332632,False,0.0
2026-09-08,a,47,600498.SH,烽火通信,1.4055944567895011,False,0.0
2026-09-08,a,48,001203.SZ,大中矿业,1.3933836330699605,False,0.0
2026-09-08,a,49,688615.SH,合合信息,1.369750712501629,False,0.0
2026-09-08,a,50,600132.SH,重庆啤酒,1.3539064277184727,False,0.0
2026-09-08,a,51,601966.SH,玲珑轮胎,1.3511942366748644,False,0.0
2026-09-08,a,52,002461.SZ,珠江啤酒,1.3276638404464587,False,0.0
2026-09-08,a,53,688072.SH,拓荆科技,1.3183869245693716,False,0.0
2026-09-08,a,54,600380.SH,健康元,1.2873454860398688,False,0.0
2026-09-08,a,55,002185.SZ,华天科技,1.2838093274132745,False,0.0
2026-09-08,a,56,601106.SH,中国一重,1.2585951836641542,False,0.0
2026-09-08,a,57,688709.SH,成都华微,1.2584126017193322,False,0.0
2026-09-08,a,58,600023.SH,浙能电力,1.246983530836316,False,0.0
2026-09-08,a,59,001309.SZ,德明利,1.232056642191779,False,0.0
2026-09-08,a,60,000050.SZ,深天马A,1.2307825074567718,False,0.0
2026-09-08,a,61,002984.SZ,森麒麟,1.2143698070803775,False,0.0
2026-09-08,a,62,601001.SH,晋控煤业,1.1060609162274702,False,0.0
2026-09-08,a,63,603345.SH,安井食品,1.091701605974906,False,0.0
2026-09-08,a,64,601000.SH,唐山港,1.0815985295577084,False,0.0
2026-09-08,a,65,600131.SH,国网信通,1.0771828083796982,False,0.0
2026-09-08,a,66,002402.SZ,和而泰,1.058598370053462,False,0.0
2026-09-08,a,67,002312.SZ,川发龙蟒,1.0540494243871377,False,0.0
2026-09-08,a,68,301165.SZ,锐捷网络,1.0522129144256787,False,0.0
2026-09-08,a,69,600511.SH,国药股份,1.0482204496009626,False,0.0
2026-09-08,a,70,601868.SH,中国能建,1.0350301674398998,False,0.0
2026-09-08,a,71,600183.SH,生益科技,1.03223305956666,False,0.0
2026-09-08,a,72,600906.SH,财达证券,1.0112768746299734,False,0.0
2026-09-08,a,73,603858.SH,步长制药,1.0101667664318292,False,0.0
2026-09-08,a,74,603233.SH,大参林,1.0054428157488666,False,0.0
2026-09-08,a,75,000591.SZ,太阳能,1.0029820679492618,False,0.0
2026-09-08,a,76,688728.SH,格科微,0.996165437136755,False,0.0
2026-09-08,a,77,002266.SZ,浙富控股,0.9741728078617397,False,0.0
2026-09-08,a,78,600582.SH,天地科技,0.9654629257540598,False,0.0
2026-09-08,a,79,600460.SH,士兰微,0.9550859216940845,False,0.0
2026-09-08,a,80,002318.SZ,久立特材,0.9542355763081612,False,0.0
2026-09-08,a,81,600015.SH,华夏银行,0.9530883302745118,False,0.0
2026-09-08,a,82,688819.SH,天能股份,0.9530141494407909,False,0.0
2026-09-08,a,83,688498.SH,源杰科技,0.9487489793853288,False,0.0
2026-09-08,a,84,600848.SH,上海临港,0.9429244922272314,False,0.0
2026-09-08,a,85,000338.SZ,潍柴动力,0.9342412053095123,False,0.0
2026-09-08,a,86,002299.SZ,圣农发展,0.9324543228021938,False,0.0
2026-09-08,a,87,000060.SZ,中金岭南,0.9277588886867176,False,0.0
2026-09-08,a,88,603816.SH,顾家家居,0.9163597852598523,False,0.0
2026-09-08,a,89,600062.SH,华润双鹤,0.9080445630195021,False,0.0
2026-09-08,a,90,301358.SZ,湖南裕能,0.9072440464928365,False,0.0
2026-09-08,a,91,301308.SZ,江波龙,0.8995974660831634,False,0.0
2026-09-08,a,92,603589.SH,口子窖,0.8975789805858053,False,0.0
2026-09-08,a,93,601139.SH,深圳燃气,0.8975286816947426,False,0.0
2026-09-08,a,94,600763.SH,通策医疗,0.8951575358633533,False,0.0
2026-09-08,a,95,002756.SZ,永兴材料,0.8920617150861063,False,0.0
2026-09-08,a,96,600435.SH,北方导航,0.8901349378760705,False,0.0
2026-09-08,a,97,600170.SH,上海建工,0.8806316869585458,False,0.0
2026-09-08,a,98,600166.SH,福田汽车,0.8800826140663615,False,0.0
2026-09-08,a,99,688281.SH,华秦科技,0.8728028698976305,False,0.0
2026-09-08,a,100,601615.SH,明阳智能,0.8623965865766587,False,0.0
2026-09-08,a,101,688772.SH,珠海冠宇,0.859119017256417,False,0.0
2026-09-08,a,102,300957.SZ,贝泰妮,0.8536510830768114,False,0.0
2026-09-08,a,103,600339.SH,中油工程,0.8423547904415972,False,0.0
2026-09-08,a,104,600176.SH,中国巨石,0.8366817506970401,False,0.0
2026-09-08,a,105,601666.SH,平煤股份,0.8343337532061267,False,0.0
2026-09-08,a,106,600595.SH,中孚实业,0.8337462392289773,False,0.0
2026-09-08,a,107,601869.SH,长飞光纤,0.8279296935997684,False,0.0
2026-09-08,a,108,600546.SH,山煤国际,0.8201495258162353,False,0.0
2026-09-08,a,109,003021.SZ,兆威机电,0.8163626920235135,False,0.0
2026-09-08,a,110,600312.SH,平高电气,0.8131517312568888,False,0.0
2026-09-08,a,111,688343.SH,云天励飞,0.8119954155994116,False,0.0
2026-09-08,a,112,600970.SH,中材国际,0.805459603803408,False,0.0
2026-09-08,a,113,600535.SH,天士力,0.8016188688408415,False,0.0
2026-09-08,a,114,600522.SH,中天科技,0.8014397727499623,False,0.0
2026-09-08,a,115,300699.SZ,光威复材,0.7993989608390828,False,0.0
2026-09-08,a,116,600098.SH,广州发展,0.7941364225706724,False,0.0
2026-09-08,a,117,002056.SZ,横店东磁,0.7907643926242519,False,0.0
2026-09-08,a,118,000027.SZ,深圳能源,0.7883211267729665,False,0.0
2026-09-08,a,119,000951.SZ,中国重汽,0.7800657712249399,False,0.0
2026-09-08,a,120,000883.SZ,湖北能源,0.7789040289261843,False,0.0
2026-09-08,a,121,600927.SH,永安期货,0.778858206365943,False,0.0
2026-09-08,a,122,601016.SH,节能风电,0.7761105437403301,False,0.0
2026-09-08,a,123,603786.SH,科博达,0.7739612163306315,False,0.0
2026-09-08,a,124,688012.SH,中微公司,0.7702896170205703,False,0.0
2026-09-08,a,125,688114.SH,华大智造,0.7693620850492708,False,0.0
2026-09-08,a,126,603688.SH,石英股份,0.7587480981870591,False,0.0
2026-09-08,a,127,688582.SH,芯动联科,0.7505782939199455,False,0.0
2026-09-08,a,128,600642.SH,申能股份,0.7450626566102465,False,0.0
2026-09-08,a,129,600032.SH,浙江新能,0.7420574424865822,False,0.0
2026-09-08,a,130,603225.SH,新凤鸣,0.7405020484665488,False,0.0
2026-09-08,a,131,688778.SH,厦钨新能,0.7402464645995064,False,0.0
2026-09-08,a,132,000537.SZ,绿发电力,0.713502871257232,False,0.0
2026-09-08,a,133,000623.SZ,吉林敖东,0.7055466608691845,False,0.0
2026-09-08,a,134,600352.SH,浙江龙盛,0.6924805204398508,False,0.0
2026-09-08,a,135,600499.SH,科达制造,0.689402738824005,False,0.0
2026-09-08,a,136,688047.SH,龙芯中科,0.6801813909547032,False,0.0
2026-09-08,a,137,002126.SZ,银轮股份,0.670455680717621,False,0.0
2026-09-08,a,138,603699.SH,纽威股份,0.6682275965440984,False,0.0
2026-09-08,a,139,688475.SH,萤石网络,0.6680459151290665,False,0.0
2026-09-08,a,140,300418.SZ,昆仑万维,0.6658202451037736,False,0.0
2026-09-08,a,141,000559.SZ,万向钱潮,0.6653593391005798,False,0.0
2026-09-08,a,142,000709.SZ,河钢股份,0.6567819331042745,False,0.0
2026-09-08,a,143,000785.SZ,居然智家,0.6539860305854389,False,0.0
2026-09-08,a,144,000598.SZ,兴蓉环境,0.6440795033221548,False,0.0
2026-09-08,a,145,603833.SH,欧派家居,0.6439050394088104,False,0.0
2026-09-08,a,146,002738.SZ,中矿资源,0.643648697154205,False,0.0
2026-09-08,a,147,002271.SZ,东方雨虹,0.6329207981695197,False,0.0
2026-09-08,a,148,603077.SH,和邦生物,0.6327054418561641,False,0.0
2026-09-08,a,149,688008.SH,澜起科技,0.6308982751006584,False,0.0
2026-09-08,a,150,300972.SZ,万辰集团,0.6227011981180809,False,0.0
2026-09-08,a,151,603939.SH,益丰药房,0.6144203655298931,False,0.0
2026-09-08,a,152,301536.SZ,星宸科技,0.6066765564369555,False,0.0
2026-09-08,a,153,300033.SZ,同花顺,0.6064052050967159,False,0.0
2026-09-08,a,154,600153.SH,建发股份,0.599147675534013,False,0.0
2026-09-08,a,155,601117.SH,中国化学,0.5946784094969181,False,0.0
2026-09-08,a,156,000723.SZ,美锦能源,0.5941093569036762,False,0.0
2026-09-08,a,157,002508.SZ,老板电器,0.5925826525379394,False,0.0
2026-09-08,a,158,688692.SH,达梦数据,0.5857781775554434,False,0.0
2026-09-08,a,159,000683.SZ,博源化工,0.5808695663893481,False,0.0
2026-09-08,a,160,000651.SZ,格力电器,0.5788566345338695,False,0.0
2026-09-08,a,161,002262.SZ,恩华药业,0.5751237937341427,False,0.0
2026-09-08,a,162,600655.SH,豫园股份,0.5739744372514104,False,0.0
2026-09-08,a,163,000729.SZ,燕京啤酒,0.5735780709730671,False,0.0
2026-09-08,a,164,603341.SH,龙旗科技,0.5699747407529491,False,0.0
2026-09-08,a,165,601098.SH,中南传媒,0.5609280160996145,False,0.0
2026-09-08,a,166,601799.SH,星宇股份,0.558002248886058,False,0.0
2026-09-08,a,167,300953.SZ,震裕科技,0.5540485919976742,False,0.0
2026-09-08,a,168,688708.SH,佳驰科技,0.5536962790126385,False,0.0
2026-09-08,a,169,001286.SZ,陕西能源,0.5507829873933149,False,0.0
2026-09-08,a,170,002410.SZ,广联达,0.5384117972880643,False,0.0
2026-09-08,a,171,601088.SH,中国神华,0.53587166708185,False,0.0
2026-09-08,a,172,000937.SZ,冀中能源,0.5332416348991541,False,0.0
2026-09-08,a,173,603979.SH,金诚信,0.5317944996098253,False,0.0
2026-09-08,a,174,600516.SH,方大炭素,0.5286280199060436,False,0.0
2026-09-08,a,175,000825.SZ,太钢不锈,0.5276566940805324,False,0.0
2026-09-08,a,176,601717.SH,中创智领,0.5236687007838087,False,0.0
2026-09-08,a,177,688363.SH,华熙生物,0.5207452704976162,False,0.0
2026-09-08,a,178,603885.SH,吉祥航空,0.5206823429908993,False,0.0
2026-09-08,a,179,000987.SZ,越秀资本,0.5204791258648083,False,0.0
2026-09-08,a,180,601939.SH,建设银行,0.5122159542931618,False,0.0
2026-09-08,a,181,603568.SH,伟明环保,0.5010439536506991,False,0.0
2026-09-08,a,182,000157.SZ,中联重科,0.494870160411072,False,0.0
2026-09-08,a,183,600688.SH,上海石化,0.49068506318046373,False,0.0
2026-09-08,a,184,300408.SZ,三环集团,0.4864010685400393,False,0.0
2026-09-08,a,185,000582.SZ,北部湾港,0.4810554290834795,False,0.0
2026-09-08,a,186,002444.SZ,巨星科技,0.4781384461581251,False,0.0
2026-09-08,a,187,600348.SH,华阳股份,0.4738494420216823,False,0.0
2026-09-08,a,188,000733.SZ,振华科技,0.4624101298004797,False,0.0
2026-09-08,a,189,002236.SZ,大华股份,0.45577154449346036,False,0.0
2026-09-08,a,190,688349.SH,三一重能,0.4554637645371663,False,0.0
2026-09-08,a,191,600563.SH,法拉电子,0.4544796127769993,False,0.0
2026-09-08,a,192,000708.SZ,中信特钢,0.4481737505788411,False,0.0
2026-09-08,a,193,300115.SZ,长盈精密,0.44745743725194126,False,0.0
2026-09-08,a,194,000786.SZ,北新建材,0.44093646225598004,False,0.0
2026-09-08,a,195,601211.SH,国泰海通,0.43859086778967965,False,0.0
2026-09-08,a,196,600566.SH,济川药业,0.43798791939177945,False,0.0
2026-09-08,a,197,002028.SZ,思源电气,0.43773606222677625,False,0.0
2026-09-08,a,198,002831.SZ,裕同科技,0.43660313501103565,False,0.0
2026-09-08,a,199,300751.SZ,迈为股份,0.4366021681271884,False,0.0
2026-09-08,a,200,002120.SZ,韵达股份,0.4311418560764198,False,0.0
2026-09-08,a,201,300012.SZ,华测检测,0.4309067759621233,False,0.0
2026-09-08,a,202,603049.SH,中策橡胶,0.4307409324943489,False,0.0
2026-09-08,a,203,688777.SH,中控技术,0.4298683314568395,False,0.0
2026-09-08,a,204,300496.SZ,中科创达,0.4258844950775749,False,0.0
2026-09-08,a,205,600332.SH,白云山,0.42345657696034744,False,0.0
2026-09-08,a,206,000629.SZ,钒钛股份,0.4196513118065951,False,0.0
2026-09-08,a,207,600025.SH,华能水电,0.4178940827689272,False,0.0
2026-09-08,a,208,601567.SH,三星电气,0.40527834809696706,False,0.0
2026-09-08,a,209,603565.SH,中谷物流,0.40398032601449835,False,0.0
2026-09-08,a,210,603298.SH,杭叉集团,0.3966971814120923,False,0.0
2026-09-08,a,211,000513.SZ,丽珠集团,0.3945466686049481,False,0.0
2026-09-08,a,212,002244.SZ,滨江集团,0.39143429051594664,False,0.0
2026-09-08,a,213,600060.SH,海信视像,0.38875690332340235,False,0.0
2026-09-08,a,214,000528.SZ,柳工,0.38756415119343685,False,0.0
2026-09-08,a,215,600329.SH,达仁堂,0.3849037949277086,False,0.0
2026-09-08,a,216,601816.SH,京沪高铁,0.38464620604988,False,0.0
2026-09-08,a,217,601728.SH,中国电信,0.3802229570646965,False,0.0
2026-09-08,a,218,000983.SZ,山西焦煤,0.3777764165661785,False,0.0
2026-09-08,a,219,603728.SH,鸣志电器,0.37553600790348474,False,0.0
2026-09-08,a,220,301301.SZ,川宁生物,0.37450637331898196,False,0.0
2026-09-08,a,221,000792.SZ,盐湖股份,0.3722854515146538,False,0.0
2026-09-08,a,222,001965.SZ,招商公路,0.36862846377497704,False,0.0
2026-09-08,a,223,603737.SH,三棵树,0.36733509947217635,False,0.0
2026-09-08,a,224,300001.SZ,特锐德,0.36099013122438,False,0.0
2026-09-08,a,225,688425.SH,铁建重工,0.3608533702814409,False,0.0
2026-09-08,a,226,300140.SZ,节能环境,0.360519681484396,False,0.0
2026-09-08,a,227,603658.SH,安图生物,0.3570247801941684,False,0.0
2026-09-08,a,228,601898.SH,中煤能源,0.356440225766917,False,0.0
2026-09-08,a,229,600030.SH,中信证券,0.35482976389166704,False,0.0
2026-09-08,a,230,002709.SZ,天赐材料,0.3470996282700669,False,0.0
2026-09-08,a,231,600171.SH,上海贝岭,0.3447791956324117,False,0.0
2026-09-08,a,232,300373.SZ,扬杰科技,0.34314968106218874,False,0.0
2026-09-08,a,233,600398.SH,海澜之家,0.34301533292934955,False,0.0
2026-09-08,a,234,600282.SH,南钢股份,0.3420805649572556,False,0.0
2026-09-08,a,235,002223.SZ,鱼跃医疗,0.3406165813865665,False,0.0
2026-09-08,a,236,601928.SH,凤凰传媒,0.3402540974832225,False,0.0
2026-09-08,a,237,600188.SH,兖矿能源,0.33896173789068573,False,0.0
2026-09-08,a,238,603379.SH,三美股份,0.3383260054989685,False,0.0
2026-09-08,a,239,300679.SZ,电连技术,0.32745794766066666,False,0.0
2026-09-08,a,240,002841.SZ,视源股份,0.32045024548530665,False,0.0
2026-09-08,a,241,300888.SZ,稳健医疗,0.32019480993200766,False,0.0
2026-09-08,a,242,600995.SH,南网储能,0.31927226608664333,False,0.0
2026-09-08,a,243,600350.SH,山东高速,0.31547017917211545,False,0.0
2026-09-08,a,244,000977.SZ,浪潮信息,0.3137374493905422,False,0.0
2026-09-08,a,245,300919.SZ,中伟新材,0.3132827738707306,False,0.0
2026-09-08,a,246,002500.SZ,山西证券,0.31320854079301186,False,0.0
2026-09-08,a,247,601019.SH,山东出版,0.3130743544657496,False,0.0
2026-09-08,a,248,601916.SH,浙商银行,0.30723183877957555,False,0.0
2026-09-08,a,249,600808.SH,马钢股份,0.3050584504425587,False,0.0
2026-09-08,a,250,002608.SZ,江苏国信,0.30081988779001034,False,0.0
2026-09-08,a,251,000800.SZ,一汽解放,0.29505075824075616,False,0.0
2026-09-08,a,252,300073.SZ,当升科技,0.2943064434046806,False,0.0
2026-09-08,a,253,601225.SH,陕西煤业,0.2918285022335185,False,0.0
2026-09-08,a,254,603766.SH,隆鑫通用,0.2890764208894789,False,0.0
2026-09-08,a,255,600406.SH,国电南瑞,0.28821518059624357,False,0.0
2026-09-08,a,256,600909.SH,华安证券,0.28726677974746295,False,0.0
2026-09-08,a,257,600968.SH,海油发展,0.28476581278107155,False,0.0
2026-09-08,a,258,000895.SZ,双汇发展,0.2844986566304849,False,0.0
2026-09-08,a,259,603993.SH,洛阳钼业,0.2830342852348308,False,0.0
2026-09-08,a,260,002568.SZ,百润股份,0.2803897928156098,False,0.0
2026-09-08,a,261,002603.SZ,以岭药业,0.2726217320171029,False,0.0
2026-09-08,a,262,002064.SZ,华峰化学,0.26756355202358784,False,0.0
2026-09-08,a,263,600100.SH,同方股份,0.2668245076311002,False,0.0
2026-09-08,a,264,300502.SZ,新易盛,0.2646207142787703,False,0.0
2026-09-08,a,265,301606.SZ,绿联科技,0.2630159391140001,False,0.0
2026-09-08,a,266,601668.SH,中国建筑,0.2565802296503738,False,0.0
2026-09-08,a,267,601399.SH,国机重装,0.2550033308906276,False,0.0
2026-09-08,a,268,603606.SH,东方电缆,0.245321637427535,False,0.0
2026-09-08,a,269,002152.SZ,广电运通,0.244532527285471,False,0.0
2026-09-08,a,270,688538.SH,和辉光电,0.2414429544568588,False,0.0
2026-09-08,a,271,688223.SH,晶科能源,0.2410032143011837,False,0.0
2026-09-08,a,272,601233.SH,桐昆股份,0.2402713657486384,False,0.0
2026-09-08,a,273,601919.SH,中远海控,0.2363181650958536,False,0.0
2026-09-08,a,274,688387.SH,信科移动,0.2359469726571211,False,0.0
2026-09-08,a,275,600707.SH,彩虹股份,0.23593928099994216,False,0.0
2026-09-08,a,276,002008.SZ,大族激光,0.23461009936847696,False,0.0
2026-09-08,a,277,600884.SH,杉杉股份,0.22650391506610668,False,0.0
2026-09-08,a,278,000967.SZ,盈峰环境,0.226257505203164,False,0.0
2026-09-08,a,279,603799.SH,华友钴业,0.2240294359474495,False,0.0
2026-09-08,a,280,002926.SZ,华西证券,0.22366591847359268,False,0.0
2026-09-08,a,281,688234.SH,天岳先进,0.22239471157835305,False,0.0
2026-09-08,a,282,000893.SZ,亚钾国际,0.22216226927757227,False,0.0
2026-09-08,a,283,000997.SZ,新 大 陆,0.22121907717348965,False,0.0
2026-09-08,a,284,689009.SH,九号公司,0.22068205078472394,False,0.0
2026-09-08,a,285,002085.SZ,万丰奥威,0.21950921311093677,False,0.0
2026-09-08,a,286,688599.SH,天合光能,0.21894052136956113,False,0.0
2026-09-08,a,287,688561.SH,奇安信,0.21697080376934408,False,0.0
2026-09-08,a,288,300677.SZ,英科医疗,0.2112471090094825,False,0.0
2026-09-08,a,289,600820.SH,隧道股份,0.20587433201295344,False,0.0
2026-09-08,a,290,600233.SH,圆通速递,0.2032745607807495,False,0.0
2026-09-08,a,291,002273.SZ,水晶光电,0.20312585966962715,False,0.0
2026-09-08,a,292,300476.SZ,胜宏科技,0.2017325111953958,False,0.0
2026-09-08,a,293,300666.SZ,江丰电子,0.20139525054676918,False,0.0
2026-09-08,a,294,600583.SH,海油工程,0.19326866602126702,False,0.0
2026-09-08,a,295,300763.SZ,锦浪科技,0.19121935505967774,False,0.0
2026-09-08,a,296,605589.SH,圣泉集团,0.1864432109220763,False,0.0
2026-09-08,a,297,300432.SZ,富临精工,0.18490891729692585,False,0.0
2026-09-08,a,298,002493.SZ,荣盛石化,0.17955349370872598,False,0.0
2026-09-08,a,299,688187.SH,时代电气,0.17768227479135626,False,0.0
2026-09-08,a,300,688065.SH,凯赛生物,0.17152234160435495,False,0.0
2026-09-08,a,301,688052.SH,纳芯微,0.16939849872667231,False,0.0
2026-09-08,a,302,603338.SH,浙江鼎力,0.1693356192230261,False,0.0
2026-09-08,a,303,002130.SZ,沃尔核材,0.1691373305551475,False,0.0
2026-09-08,a,304,001389.SZ,广合科技,0.16707636416571378,False,0.0
2026-09-08,a,305,600873.SH,梅花生物,0.16663187805285487,False,0.0
2026-09-08,a,306,600050.SH,中国联通,0.16502678094177559,False,0.0
2026-09-08,a,307,002430.SZ,杭氧股份,0.16440169518538034,False,0.0
2026-09-08,a,308,601608.SH,中信重工,0.1640156338736862,False,0.0
2026-09-08,a,309,603156.SH,养元饮品,0.1600842856391346,False,0.0
2026-09-08,a,310,600109.SH,国金证券,0.15809749522177585,False,0.0
2026-09-08,a,311,002583.SZ,海能达,0.14760224123903382,False,0.0
2026-09-08,a,312,600066.SH,宇通客车,0.14721275120881075,False,0.0
2026-09-08,a,313,601818.SH,光大银行,0.14528783960714878,False,0.0
2026-09-08,a,314,000830.SZ,鲁西化工,0.1429178603287377,False,0.0
2026-09-08,a,315,600754.SH,锦江酒店,0.1392837243474854,False,0.0
2026-09-08,a,316,688009.SH,中国通号,0.13698793489029026,False,0.0
2026-09-08,a,317,600741.SH,华域汽车,0.1360781933573218,False,0.0
2026-09-08,a,318,002487.SZ,大金重工,0.12139104900497473,False,0.0
2026-09-08,a,319,600316.SH,洪都航空,0.11319091660811945,False,0.0
2026-09-08,a,320,603659.SH,璞泰来,0.11250649064777267,False,0.0
2026-09-08,a,321,600295.SH,鄂尔多斯,0.10885428260869236,False,0.0
2026-09-08,a,322,002414.SZ,高德红外,0.10778819625144058,False,0.0
2026-09-08,a,323,002044.SZ,美年健康,0.10700116243225286,False,0.0
2026-09-08,a,324,601077.SH,渝农商行,0.1035353817502006,False,0.0
2026-09-08,a,325,600816.SH,建元信托,0.10125432910387004,False,0.0
2026-09-08,a,326,000408.SZ,藏格矿业,0.09839911764779616,False,0.0
2026-09-08,a,327,002736.SZ,国信证券,0.09503692562544147,False,0.0
2026-09-08,a,328,600016.SH,民生银行,0.09493783554878395,False,0.0
2026-09-08,a,329,300142.SZ,沃森生物,0.09230291145171107,False,0.0
2026-09-08,a,330,600157.SH,永泰能源,0.09220429421656894,False,0.0
2026-09-08,a,331,000738.SZ,航发控制,0.09135682888320647,False,0.0
2026-09-08,a,332,600378.SH,昊华科技,0.09075238728926982,False,0.0
2026-09-08,a,333,002773.SZ,康弘药业,0.08961956929303826,False,0.0
2026-09-08,a,334,603486.SH,科沃斯,0.077022385125673,False,0.0
2026-09-08,a,335,688520.SH,神州细胞,0.07694909778757947,False,0.0
2026-09-08,a,336,600699.SH,均胜电子,0.07668085629463181,False,0.0
2026-09-08,a,337,601995.SH,中金公司,0.07654466283795298,False,0.0
2026-09-08,a,338,601288.SH,农业银行,0.07127662219974831,False,0.0
2026-09-08,a,339,600637.SH,东方明珠,0.06926346080676411,False,0.0
2026-09-08,a,340,300223.SZ,君正股份,0.06919084257737788,False,0.0
2026-09-08,a,341,002423.SZ,中粮资本,0.06723648319651064,False,0.0
2026-09-08,a,342,601318.SH,中国平安,0.06629542993543859,False,0.0
2026-09-08,a,343,600369.SH,西南证券,0.06414013783366082,False,0.0
2026-09-08,a,344,600606.SH,绿地控股,0.06270223908390714,False,0.0
2026-09-08,a,345,601699.SH,潞安环能,0.05960870595921423,False,0.0
2026-09-08,a,346,688188.SH,柏楚电子,0.05909843756494505,False,0.0
2026-09-08,a,347,002078.SZ,太阳纸业,0.058392504293984404,False,0.0
2026-09-08,a,348,002683.SZ,广东宏大,0.05636334059400642,False,0.0
2026-09-08,a,349,002938.SZ,鹏鼎控股,0.0557339751348781,False,0.0
2026-09-08,a,350,600938.SH,中国海油,0.05550211393811463,False,0.0
2026-09-08,a,351,603806.SH,福斯特,0.05342898955776246,False,0.0
2026-09-08,a,352,601899.SH,紫金矿业,0.05242045754169203,False,0.0
2026-09-08,a,353,600346.SH,恒力石化,0.05074378159936964,False,0.0
2026-09-08,a,354,300627.SZ,华测导航,0.04587999911528672,False,0.0
2026-09-08,a,355,600011.SH,华能国际,0.04299653512552394,False,0.0
2026-09-08,a,356,603529.SH,爱玛科技,0.0420960565332304,False,0.0
2026-09-08,a,357,688411.SH,海博思创,0.03869150175256166,False,0.0
2026-09-08,a,358,603596.SH,伯特利,0.03750882119991946,False,0.0
2026-09-08,a,359,601066.SH,中信建投,0.03471661683660373,False,0.0
2026-09-08,a,360,600004.SH,白云机场,0.03465765040109387,False,0.0
2026-09-08,a,361,688099.SH,晶晨股份,0.032122607915269344,False,0.0
2026-09-08,a,362,600426.SH,华鲁恒升,0.028255007573276262,False,0.0
2026-09-08,a,363,601611.SH,中国核建,0.026677376194396564,False,0.0
2026-09-08,a,364,600711.SH,盛屯矿业,0.025282264642144208,False,0.0
2026-09-08,a,365,000739.SZ,普洛药业,0.024717985112137752,False,0.0
2026-09-08,a,366,600549.SH,厦门钨业,0.023655495471666246,False,0.0
2026-09-08,a,367,603000.SH,人民网,0.018053607206827183,False,0.0
2026-09-08,a,368,300024.SZ,机器人,0.017576676068923106,False,0.0
2026-09-08,a,369,603893.SH,瑞芯微,0.017521407016919264,False,0.0
2026-09-08,a,370,000166.SZ,申万宏源,0.017277460449039213,False,0.0
2026-09-08,a,371,300146.SZ,汤臣倍健,0.015087727917840039,False,0.0
2026-09-08,a,372,600208.SH,衢州发展,0.011409803823985591,False,0.0
2026-09-08,a,373,600292.SH,电投水电,0.01071268403031664,False,0.0
2026-09-08,a,374,600377.SH,宁沪高速,0.009929409238325755,False,0.0
2026-09-08,a,375,600941.SH,中国移动,0.008130290487145317,False,0.0
2026-09-08,a,376,601058.SH,赛轮轮胎,0.005703096894523609,False,0.0
2026-09-08,a,377,300718.SZ,长盛轴承,0.0034523416007155388,False,0.0
2026-09-08,a,378,688322.SH,奥比中光,0.0032439550847765523,False,0.0
2026-09-08,a,379,688213.SH,思特威,0.002529207701111147,False,0.0
2026-09-08,a,380,002532.SZ,天山铝业,0.0013967950818350007,False,0.0
2026-09-08,a,381,688301.SH,奕瑞科技,0.0009578681009991602,False,0.0
2026-09-08,a,382,601108.SH,财通证券,-0.001012683174639505,False,0.0
2026-09-08,a,383,300003.SZ,乐普医疗,-0.003137322385325444,False,0.0
2026-09-08,a,384,002432.SZ,九安医疗,-0.006156124702386829,False,0.0
2026-09-08,a,385,600600.SH,青岛啤酒,-0.007334996781646372,False,0.0
2026-09-08,a,386,003031.SZ,中瓷电子,-0.00974769080249228,False,0.0
2026-09-08,a,387,601377.SH,兴业证券,-0.013989745836830351,False,0.0
2026-09-08,a,388,600999.SH,招商证券,-0.015661831906944982,False,0.0
2026-09-08,a,389,003022.SZ,联泓新科,-0.016239586896323613,False,0.0
2026-09-08,a,390,603160.SH,汇顶科技,-0.016959879190586256,False,0.0
2026-09-08,a,391,600795.SH,国电电力,-0.018090233929966823,False,0.0
2026-09-08,a,392,601398.SH,工商银行,-0.018321629876191924,False,0.0
2026-09-08,a,393,688568.SH,中科星图,-0.022231027821366846,False,0.0
2026-09-08,a,394,003816.SZ,中国广核,-0.02279699224499037,False,0.0
2026-09-08,a,395,601696.SH,中银证券,-0.02818779158356296,False,0.0
2026-09-08,a,396,300750.SZ,宁德时代,-0.028664543296136387,False,0.0
2026-09-08,a,397,000661.SZ,长春高新,-0.02915351620535584,False,0.0
2026-09-08,a,398,601021.SH,春秋航空,-0.031347390751869174,False,0.0
2026-09-08,a,399,601881.SH,中国银河,-0.03350572791267127,False,0.0
2026-09-08,a,400,603179.SH,新泉股份,-0.03588001551009324,False,0.0
2026-09-08,a,401,002340.SZ,格林美,-0.037515920122509046,False,0.0
2026-09-08,a,402,688676.SH,金盘科技,-0.037902553720573585,False,0.0
2026-09-08,a,403,600392.SH,盛和资源,-0.041319222536338976,False,0.0
2026-09-08,a,404,600000.SH,浦发银行,-0.04335305026664933,False,0.0
2026-09-08,a,405,600704.SH,物产中大,-0.04477899590704294,False,0.0
2026-09-08,a,406,600299.SH,安迪苏,-0.04823397550172155,False,0.0
2026-09-08,a,407,688180.SH,君实生物,-0.048634606082333304,False,0.0
2026-09-08,a,408,002001.SZ,新和成,-0.04892970694765508,False,0.0
2026-09-08,a,409,000009.SZ,中国宝安,-0.05345063801454968,False,0.0
2026-09-08,a,410,300058.SZ,蓝色光标,-0.053564025643852584,False,0.0
2026-09-08,a,411,002311.SZ,海大集团,-0.05677250730243635,False,0.0
2026-09-08,a,412,000750.SZ,国海证券,-0.057550587136542264,False,0.0
2026-09-08,a,413,688082.SH,盛美上海,-0.059807190396034764,False,0.0
2026-09-08,a,414,688303.SH,大全能源,-0.06069224734290828,False,0.0
2026-09-08,a,415,002939.SZ,长城证券,-0.0635102892507234,False,0.0
2026-09-08,a,416,000333.SZ,美的集团,-0.0647632262199682,False,0.0
2026-09-08,a,417,300207.SZ,欣旺达,-0.06784492334087429,False,0.0
2026-09-08,a,418,603129.SH,春风动力,-0.0681621496542165,False,0.0
2026-09-08,a,419,300002.SZ,神州泰岳,-0.06869559766390898,False,0.0
2026-09-08,a,420,601598.SH,中国外运,-0.06971289359496616,False,0.0
2026-09-08,a,421,601997.SH,贵阳银行,-0.06998274881267454,False,0.0
2026-09-08,a,422,002648.SZ,卫星化学,-0.06998320310409971,False,0.0
2026-09-08,a,423,002032.SZ,苏泊尔,-0.07090093916604946,False,0.0
2026-09-08,a,424,002335.SZ,科华数据,-0.07096563344398409,False,0.0
2026-09-08,a,425,002007.SZ,华兰生物,-0.07418132587610517,False,0.0
2026-09-08,a,426,300623.SZ,捷捷微电,-0.07451782808957726,False,0.0
2026-09-08,a,427,600390.SH,五矿资本,-0.07848535553996415,False,0.0
2026-09-08,a,428,600562.SH,国睿科技,-0.09311873367423394,False,0.0
2026-09-08,a,429,601857.SH,中国石油,-0.10239948133083256,False,0.0
2026-09-08,a,430,600018.SH,上港集团,-0.10796355417156468,False,0.0
2026-09-08,a,431,600989.SH,宝丰能源,-0.10876489426897187,False,0.0
2026-09-08,a,432,603650.SH,彤程新材,-0.10996377421863683,False,0.0
2026-09-08,a,433,600061.SH,国投资本,-0.11261351458443247,False,0.0
2026-09-08,a,434,002475.SZ,立讯精密,-0.11322753111435933,False,0.0
2026-09-08,a,435,002812.SZ,恩捷股份,-0.11771988902439105,False,0.0
2026-09-08,a,436,601688.SH,华泰证券,-0.12052987501745203,False,0.0
2026-09-08,a,437,600588.SH,用友网络,-0.13204968449346371,False,0.0
2026-09-08,a,438,000776.SZ,广发证券,-0.13597213077354403,False,0.0
2026-09-08,a,439,300628.SZ,亿联网络,-0.142997304574138,False,0.0
2026-09-08,a,440,600221.SH,海航控股,-0.1475366662399153,False,0.0
2026-09-08,a,441,601216.SH,君正集团,-0.14923876163255484,False,0.0
2026-09-08,a,442,601456.SH,国联民生,-0.1492965963738889,False,0.0
2026-09-08,a,443,000938.SZ,紫光股份,-0.14965419390627943,False,0.0
2026-09-08,a,444,003035.SZ,南网能源,-0.149827766064738,False,0.0
2026-09-08,a,445,605117.SH,德业股份,-0.15084259670926292,False,0.0
2026-09-08,a,446,600219.SH,南山铝业,-0.15361658066152795,False,0.0
2026-09-08,a,447,002460.SZ,赣锋锂业,-0.15463898641634,False,0.0
2026-09-08,a,448,301269.SZ,华大九天,-0.1553815800367265,False,0.0
2026-09-08,a,449,600863.SH,华能蒙电,-0.15562920720074017,False,0.0
2026-09-08,a,450,600918.SH,中泰证券,-0.15631092756330614,False,0.0
2026-09-08,a,451,688336.SH,三生国健,-0.15818684098305116,False,0.0
2026-09-08,a,452,002065.SZ,东华软件,-0.15875945126070037,False,0.0
2026-09-08,a,453,600019.SH,宝钢股份,-0.16067376853540688,False,0.0
2026-09-08,a,454,603444.SH,吉比特,-0.1623292006052078,False,0.0
2026-09-08,a,455,688018.SH,乐鑫科技,-0.16304357036235642,False,0.0
2026-09-08,a,456,300383.SZ,光环新网,-0.16393590652133425,False,0.0
2026-09-08,a,457,600885.SH,宏发股份,-0.16957688540757349,False,0.0
2026-09-08,a,458,600602.SH,云赛智联,-0.16993429778237695,False,0.0
2026-09-08,a,459,603260.SH,合盛硅业,-0.1718132493682276,False,0.0
2026-09-08,a,460,600570.SH,恒生电子,-0.17615608113536657,False,0.0
2026-09-08,a,461,603605.SH,珀莱雅,-0.1802913212462377,False,0.0
2026-09-08,a,462,600875.SH,东方电气,-0.18214716103684817,False,0.0
2026-09-08,a,463,600765.SH,中航重机,-0.18502959078927136,False,0.0
2026-09-08,a,464,600905.SH,三峡能源,-0.18750440636613666,False,0.0
2026-09-08,a,465,300144.SZ,宋城演艺,-0.18774875575034375,False,0.0
2026-09-08,a,466,000959.SZ,首钢股份,-0.19340501758951345,False,0.0
2026-09-08,a,467,601788.SH,光大证券,-0.19413060526714096,False,0.0
2026-09-08,a,468,002594.SZ,比亚迪,-0.19606123557107014,False,0.0
2026-09-08,a,469,002673.SZ,西部证券,-0.19673748028349164,False,0.0
2026-09-08,a,470,000932.SZ,华菱钢铁,-0.19776482630027634,False,0.0
2026-09-08,a,471,000960.SZ,锡业股份,-0.2019188599880741,False,0.0
2026-09-08,a,472,688297.SH,中无人机,-0.2032947425760281,False,0.0
2026-09-08,a,473,601006.SH,大秦铁路,-0.2054724172133233,False,0.0
2026-09-08,a,474,600160.SH,巨化股份,-0.2055467505531572,False,0.0
2026-09-08,a,475,300748.SZ,金力永磁,-0.2099390129986352,False,0.0
2026-09-08,a,476,000021.SZ,深科技,-0.2118266933771038,False,0.0
2026-09-08,a,477,600039.SH,四川路桥,-0.21231263867526168,False,0.0
2026-09-08,a,478,603899.SH,晨光股份,-0.21305710049130286,False,0.0
2026-09-08,a,479,601607.SH,上海医药,-0.21480423196723858,False,0.0
2026-09-08,a,480,000898.SZ,鞍钢股份,-0.21863724815227326,False,0.0
2026-09-08,a,481,002153.SZ,石基信息,-0.2230309447401059,False,0.0
2026-09-08,a,482,601018.SH,宁波港,-0.22566460951131917,False,0.0
2026-09-08,a,483,600038.SH,中直股份,-0.2273397058769893,False,0.0
2026-09-08,a,484,688396.SH,华润微,-0.227928522364717,False,0.0
2026-09-08,a,485,601600.SH,中国铝业,-0.23149473748389057,False,0.0
2026-09-08,a,486,002465.SZ,海格通信,-0.23191168300791556,False,0.0
2026-09-08,a,487,600517.SH,国网英大,-0.23395968580032753,False,0.0
2026-09-08,a,488,002155.SZ,湖南黄金,-0.23449949330305536,False,0.0
2026-09-08,a,489,601555.SH,东吴证券,-0.23508176959086097,False,0.0
2026-09-08,a,490,000783.SZ,长江证券,-0.2365349558254186,False,0.0
2026-09-08,a,491,002352.SZ,顺丰控股,-0.24062723123991198,False,0.0
2026-09-08,a,492,002466.SZ,天齐锂业,-0.2423360184310263,False,0.0
2026-09-08,a,493,600161.SH,天坛生物,-0.24263727703459956,False,0.0
2026-09-08,a,494,600089.SH,特变电工,-0.24725944923566645,False,0.0
2026-09-08,a,495,600958.SH,东方证券,-0.2506547663842236,False,0.0
2026-09-08,a,496,600126.SH,杭钢股份,-0.25182351666042774,False,0.0
2026-09-08,a,497,601880.SH,辽港股份,-0.25249554480963016,False,0.0
2026-09-08,a,498,300433.SZ,蓝思科技,-0.2586091147417158,False,0.0
2026-09-08,a,499,601390.SH,中国中铁,-0.26361998974726264,False,0.0
2026-09-08,a,500,002601.SZ,龙佰集团,-0.26362166133890474,False,0.0
2026-09-08,a,501,688385.SH,复旦微电,-0.267309915452941,False,0.0
2026-09-08,a,502,600690.SH,海尔智家,-0.2677951821795946,False,0.0
2026-09-08,a,503,300316.SZ,晶盛机电,-0.27655452224156907,False,0.0
2026-09-08,a,504,000539.SZ,粤电力A,-0.27942992041616027,False,0.0
2026-09-08,a,505,002252.SZ,上海莱士,-0.27971494690097726,False,0.0
2026-09-08,a,506,000728.SZ,国元证券,-0.2798771471713042,False,0.0
2026-09-08,a,507,002472.SZ,双环传动,-0.28677718519988044,False,0.0
2026-09-08,a,508,002920.SZ,德赛西威,-0.2881461282011398,False,0.0
2026-09-08,a,509,601633.SH,长城汽车,-0.2894963104884886,False,0.0
2026-09-08,a,510,600900.SH,长江电力,-0.28954208503506745,False,0.0
2026-09-08,a,511,601156.SH,东航物流,-0.28971035757280367,False,0.0
2026-09-08,a,512,600010.SH,包钢股份,-0.2936662397291108,False,0.0
2026-09-08,a,513,600919.SH,江苏银行,-0.3026558753599409,False,0.0
2026-09-08,a,514,000630.SZ,铜陵有色,-0.3037688746593257,False,0.0
2026-09-08,a,515,601866.SH,中远海发,-0.30654565324858735,False,0.0
2026-09-08,a,516,688375.SH,国博电子,-0.3087513672111904,False,0.0
2026-09-08,a,517,601990.SH,南京证券,-0.3096533410495819,False,0.0
2026-09-08,a,518,002230.SZ,科大讯飞,-0.3124887630915858,False,0.0
2026-09-08,a,519,300487.SZ,蓝晓科技,-0.313633769600083,False,0.0
2026-09-08,a,520,000975.SZ,山金国际,-0.31404077838124644,False,0.0
2026-09-08,a,521,601958.SH,金钼股份,-0.3161625032783753,False,0.0
2026-09-08,a,522,600031.SH,三一重工,-0.3184810782390504,False,0.0
2026-09-08,a,523,300558.SZ,贝达药业,-0.3197263117273488,False,0.0
2026-09-08,a,524,600497.SH,驰宏锌锗,-0.32514809088684987,False,0.0
2026-09-08,a,525,600685.SH,中船防务,-0.32804097981057834,False,0.0
2026-09-08,a,526,688019.SH,安集科技,-0.3280516823376745,False,0.0
2026-09-08,a,527,600486.SH,扬农化工,-0.3321553765220939,False,0.0
2026-09-08,a,528,600660.SH,福耀玻璃,-0.33257210451191654,False,0.0
2026-09-08,a,529,601228.SH,广州港,-0.3334206624176956,False,0.0
2026-09-08,a,530,002850.SZ,科达利,-0.35681020213688297,False,0.0
2026-09-08,a,531,688220.SH,翱捷科技,-0.35755570049593466,False,0.0
2026-09-08,a,532,300458.SZ,全志科技,-0.35922735007201095,False,0.0
2026-09-08,a,533,601100.SH,恒立液压,-0.3600013655902027,False,0.0
2026-09-08,a,534,600309.SH,万华化学,-0.36114911363199714,False,0.0
2026-09-08,a,535,301498.SZ,乖宝宠物,-0.36940041994205136,False,0.0
2026-09-08,a,536,600196.SH,复星医药,-0.371533659107843,False,0.0
2026-09-08,a,537,601800.SH,中国交建,-0.3749754398845836,False,0.0
2026-09-08,a,538,601618.SH,中国中冶,-0.3773692622579168,False,0.0
2026-09-08,a,539,601985.SH,中国核电,-0.38201061540289194,False,0.0
2026-09-08,a,540,002429.SZ,兆驰股份,-0.3874296287777601,False,0.0
2026-09-08,a,541,600985.SH,淮北矿业,-0.3925049255656644,False,0.0
2026-09-08,a,542,601991.SH,大唐发电,-0.39981589988239535,False,0.0
2026-09-08,a,543,600143.SH,金发科技,-0.40059920211177413,False,0.0
2026-09-08,a,544,601128.SH,常熟银行,-0.4027836641177081,False,0.0
2026-09-08,a,545,600489.SH,中金黄金,-0.40860500193305216,False,0.0
2026-09-08,a,546,000807.SZ,云铝股份,-0.40989016944373524,False,0.0
2026-09-08,a,547,000519.SZ,中兵红箭,-0.4100440007422128,False,0.0
2026-09-08,a,548,601838.SH,成都银行,-0.4123378091890107,False,0.0
2026-09-08,a,549,600298.SH,安琪酵母,-0.4155712681449594,False,0.0
2026-09-08,a,550,600764.SH,中国海防,-0.42307779575857823,False,0.0
2026-09-08,a,551,603119.SH,浙江荣泰,-0.4238205010020187,False,0.0
2026-09-08,a,552,601099.SH,太平洋,-0.42689746190770533,False,0.0
2026-09-08,a,553,002624.SZ,完美世界,-0.42736407320808795,False,0.0
2026-09-08,a,554,688126.SH,沪硅产业,-0.43037156441266583,False,0.0
2026-09-08,a,555,600803.SH,新奥股份,-0.4325582915048962,False,0.0
2026-09-08,a,556,601766.SH,中国中车,-0.4332458783226946,False,0.0
2026-09-08,a,557,300661.SZ,圣邦股份,-0.4355866024536843,False,0.0
2026-09-08,a,558,688563.SH,航材股份,-0.4358211136968547,False,0.0
2026-09-08,a,559,601865.SH,福莱特,-0.43971544548982383,False,0.0
2026-09-08,a,560,002195.SZ,岩山科技,-0.44523664781788974,False,0.0
2026-09-08,a,561,002265.SZ,建设工业,-0.445382943290178,False,0.0
2026-09-08,a,562,688122.SH,西部超导,-0.44560567235159326,False,0.0
2026-09-08,a,563,688278.SH,特宝生物,-0.44587512189970313,False,0.0
2026-09-08,a,564,002739.SZ,儒意电影,-0.44655277774401353,False,0.0
2026-09-08,a,565,002916.SZ,深南电路,-0.4477641005201621,False,0.0
2026-09-08,a,566,601808.SH,中海油服,-0.44832861354985204,False,0.0
2026-09-08,a,567,002179.SZ,中航光电,-0.4495185519624284,False,0.0
2026-09-08,a,568,600977.SH,中国电影,-0.45208160924740826,False,0.0
2026-09-08,a,569,300059.SZ,东方财富,-0.4616604107528949,False,0.0
2026-09-08,a,570,601669.SH,中国电建,-0.4638531982619051,False,0.0
2026-09-08,a,571,300832.SZ,新产业,-0.4645203355331701,False,0.0
2026-09-08,a,572,600862.SH,中航高科,-0.47037388636996563,False,0.0
2026-09-08,a,573,600515.SH,海南机场,-0.47490317033314516,False,0.0
2026-09-08,a,574,000999.SZ,华润三九,-0.4826219029598818,False,0.0
2026-09-08,a,575,603501.SH,豪威集团,-0.48349387977383446,False,0.0
2026-09-08,a,576,301236.SZ,软通动力,-0.4849769739287285,False,0.0
2026-09-08,a,577,300866.SZ,安克创新,-0.48647927812260633,False,0.0
2026-09-08,a,578,600521.SH,华海药业,-0.48655601607674415,False,0.0
2026-09-08,a,579,601877.SH,正泰电器,-0.4870431042054371,False,0.0
2026-09-08,a,580,002050.SZ,三花智控,-0.49726923149162044,False,0.0
2026-09-08,a,581,300017.SZ,网宿科技,-0.4994489445179325,False,0.0
2026-09-08,a,582,300124.SZ,汇川技术,-0.5024121549530344,False,0.0
2026-09-08,a,583,688578.SH,艾力斯,-0.5061573690699137,False,0.0
2026-09-08,a,584,601111.SH,中国国航,-0.5069659630804063,False,0.0
2026-09-08,a,585,002422.SZ,科伦药业,-0.5080523920183354,False,0.0
2026-09-08,a,586,601878.SH,浙商证券,-0.5089089008064079,False,0.0
2026-09-08,a,587,600027.SH,华电国际,-0.5096454454943213,False,0.0
2026-09-08,a,588,601628.SH,中国人寿,-0.5124695157395398,False,0.0
2026-09-08,a,589,601901.SH,方正证券,-0.5219745492691469,False,0.0
2026-09-08,a,590,603296.SH,华勤技术,-0.5227733185457784,False,0.0
2026-09-08,a,591,688027.SH,国盾量子,-0.5259496904440686,False,0.0
2026-09-08,a,592,600115.SH,中国东航,-0.5297336284017242,False,0.0
2026-09-08,a,593,002157.SZ,正邦科技,-0.5319908261218066,False,0.0
2026-09-08,a,594,600141.SH,兴发集团,-0.5324828065127118,False,0.0
2026-09-08,a,595,603920.SH,世运电路,-0.537545971351375,False,0.0
2026-09-08,a,596,688266.SH,泽璟制药,-0.5394523235399004,False,0.0
2026-09-08,a,597,603290.SH,斯达半导,-0.5403733970140712,False,0.0
2026-09-08,a,598,601155.SH,新城控股,-0.5404145837709222,False,0.0
2026-09-08,a,599,002142.SZ,宁波银行,-0.5449746779119208,False,0.0
2026-09-08,a,600,600021.SH,上海电力,-0.5481295205768875,False,0.0
2026-09-08,a,601,603288.SH,海天味业,-0.5549852148160137,False,0.0
2026-09-08,a,602,688608.SH,恒玄科技,-0.5570763277105786,False,0.0
2026-09-08,a,603,601689.SH,拓普集团,-0.5594763450715792,False,0.0
2026-09-08,a,604,000425.SZ,徐工机械,-0.5626697314388891,False,0.0
2026-09-08,a,605,688192.SH,迪哲医药,-0.5638885149442417,False,0.0
2026-09-08,a,606,000062.SZ,深圳华强,-0.5649953741256629,False,0.0
2026-09-08,a,607,600483.SH,福能股份,-0.5742762924385123,False,0.0
2026-09-08,a,608,002463.SZ,沪电股份,-0.5767498060599265,False,0.0
2026-09-08,a,609,000568.SZ,泸州老窖,-0.5839897972892832,False,0.0
2026-09-08,a,610,600578.SH,京能电力,-0.5868044831444168,False,0.0
2026-09-08,a,611,600026.SH,中远海能,-0.5900373981294254,False,0.0
2026-09-08,a,612,601236.SH,红塔证券,-0.5906120580592894,False,0.0
2026-09-08,a,613,603392.SH,万泰生物,-0.5920064099366461,False,0.0
2026-09-08,a,614,600871.SH,石化油服,-0.5925440026602959,False,0.0
2026-09-08,a,615,000988.SZ,华工科技,-0.5983140486821984,False,0.0
2026-09-08,a,616,688111.SH,金山办公,-0.6006236361257363,False,0.0
2026-09-08,a,617,000831.SZ,中国稀土,-0.6009522774635683,False,0.0
2026-09-08,a,618,600887.SH,伊利股份,-0.6012643149617888,False,0.0
2026-09-08,a,619,300857.SZ,协创数据,-0.6059614259365954,False,0.0
2026-09-08,a,620,300274.SZ,阳光电源,-0.6227766098410027,False,0.0
2026-09-08,a,621,300475.SZ,香农芯创,-0.6533001181978113,False,0.0
2026-09-08,a,622,688036.SH,传音控股,-0.6569882656406092,False,0.0
2026-09-08,a,623,002797.SZ,第一创业,-0.6586190253038643,False,0.0
2026-09-08,a,624,000100.SZ,TCL科技,-0.6621398844084716,False,0.0
2026-09-08,a,625,601336.SH,新华保险,-0.6632975399758689,False,0.0
2026-09-08,a,626,601727.SH,上海电气,-0.6686159804541488,False,0.0
2026-09-08,a,627,002025.SZ,航天电器,-0.6755824505718447,False,0.0
2026-09-08,a,628,600585.SH,海螺水泥,-0.6777000898011335,False,0.0
2026-09-08,a,629,601360.SH,三六零,-0.6827021128915448,False,0.0
2026-09-08,a,630,600009.SH,上海机场,-0.6892646648469811,False,0.0
2026-09-08,a,631,000887.SZ,中鼎股份,-0.6909056648124412,False,0.0
2026-09-08,a,632,002415.SZ,海康威视,-0.7006633818141084,False,0.0
2026-09-08,a,633,002966.SZ,苏州银行,-0.7011155449626588,False,0.0
2026-09-08,a,634,002851.SZ,麦格米特,-0.706297643096368,False,0.0
2026-09-08,a,635,601229.SH,上海银行,-0.7096720199185864,False,0.0
2026-09-08,a,636,601825.SH,沪农商行,-0.7156394261597439,False,0.0
2026-09-08,a,637,600845.SH,宝信软件,-0.7178696373721238,False,0.0
2026-09-08,a,638,300037.SZ,新宙邦,-0.7196898372979136,False,0.0
2026-09-08,a,639,000921.SZ,海信家电,-0.7198378388536791,False,0.0
2026-09-08,a,640,688295.SH,中复神鹰,-0.7208868287030452,False,0.0
2026-09-08,a,641,600029.SH,南方航空,-0.7234263745625145,False,0.0
2026-09-08,a,642,002670.SZ,国盛证券,-0.7275231418805078,False,0.0
2026-09-08,a,643,601012.SH,隆基绿能,-0.7287070820394377,False,0.0
2026-09-08,a,644,601238.SH,广汽集团,-0.7299578124531605,False,0.0
2026-09-08,a,645,000737.SZ,北方铜业,-0.7338903313343318,False,0.0
2026-09-08,a,646,688331.SH,荣昌生物,-0.7372325412690474,False,0.0
2026-09-08,a,647,601186.SH,中国铁建,-0.7409142453382537,False,0.0
2026-09-08,a,648,601166.SH,兴业银行,-0.7475873814759209,False,0.0
2026-09-08,a,649,002131.SZ,利欧股份,-0.7535837052000997,False,0.0
2026-09-08,a,650,600036.SH,招商银行,-0.753616895759194,False,0.0
2026-09-08,a,651,002138.SZ,顺络电子,-0.7554904375289279,False,0.0
2026-09-08,a,652,601198.SH,东兴证券,-0.7578544595905101,False,0.0
2026-09-08,a,653,600362.SH,江西铜业,-0.7693052848397153,False,0.0
2026-09-08,a,654,300442.SZ,润泽科技,-0.7735626568072033,False,0.0
2026-09-08,a,655,601988.SH,中国银行,-0.7779771641993872,False,0.0
2026-09-08,a,656,002202.SZ,金风科技,-0.7826577526057817,False,0.0
2026-09-08,a,657,600028.SH,中国石化,-0.7854612640584707,False,0.0
2026-09-08,a,658,000538.SZ,云南白药,-0.8000489535116229,False,0.0
2026-09-08,a,659,600482.SH,中国动力,-0.8111293621375152,False,0.0
2026-09-08,a,660,300724.SZ,捷佳伟创,-0.8112371512292726,False,0.0
2026-09-08,a,661,601059.SH,信达证券,-0.8116592731346063,False,0.0
2026-09-08,a,662,300759.SZ,康龙化成,-0.8259089837100059,False,0.0
2026-09-08,a,663,601319.SH,中国人保,-0.8288768354879519,False,0.0
2026-09-08,a,664,600095.SH,湘财股份,-0.8299174182769911,False,0.0
2026-09-08,a,665,600663.SH,陆家嘴,-0.8299806496413695,False,0.0
2026-09-08,a,666,600085.SH,同仁堂,-0.830121484171582,False,0.0
2026-09-08,a,667,001696.SZ,宗申动力,-0.8405316761222242,False,0.0
2026-09-08,a,668,300896.SZ,爱美客,-0.8639862991610706,False,0.0
2026-09-08,a,669,688469.SH,芯联集成,-0.8693169099990846,False,0.0
2026-09-08,a,670,002436.SZ,兴森科技,-0.8838226599670244,False,0.0
2026-09-08,a,671,601872.SH,招商轮船,-0.8950055598806407,False,0.0
2026-09-08,a,672,600519.SH,贵州茅台,-0.9000534120889866,False,0.0
2026-09-08,a,673,000725.SZ,京东方A,-0.9001060006913196,False,0.0
2026-09-08,a,674,002600.SZ,领益智造,-0.903633691135899,False,0.0
2026-09-08,a,675,601888.SH,中国中免,-0.9060846738458331,False,0.0
2026-09-08,a,676,600598.SH,北大荒,-0.915941703621115,False,0.0
2026-09-08,a,677,600801.SH,华新建材,-0.9169750788429233,False,0.0
2026-09-08,a,678,603019.SH,中科曙光,-0.9270867973127936,False,0.0
2026-09-08,a,679,688235.SH,百济神州,-0.9274108736499014,False,0.0
2026-09-08,a,680,002517.SZ,恺英网络,-0.9398239081588828,False,0.0
2026-09-08,a,681,000963.SZ,华东医药,-0.9412167781421963,False,0.0
2026-09-08,a,682,002241.SZ,歌尔股份,-0.9419126750306774,False,0.0
2026-09-08,a,683,603369.SH,今世缘,-0.9435885068080194,False,0.0
2026-09-08,a,684,002074.SZ,国轩高科,-0.9532044304698596,False,0.0
2026-09-08,a,685,000617.SZ,中油资本,-0.9604098041706065,False,0.0
2026-09-08,a,686,600893.SH,航发动力,-0.9661824376312556,False,0.0
2026-09-08,a,687,605358.SH,立昂微,-0.9675938279937668,False,0.0
2026-09-08,a,688,300454.SZ,深信服,-0.9721328082914981,False,0.0
2026-09-08,a,689,600998.SH,九州通,-0.9738577026224725,False,0.0
2026-09-08,a,690,002203.SZ,海亮股份,-0.9964276860248739,False,0.0
2026-09-08,a,691,000625.SZ,长安汽车,-1.0046114814295504,False,0.0
2026-09-08,a,692,002027.SZ,分众传媒,-1.0122116678627824,False,0.0
2026-09-08,a,693,601138.SH,工业富联,-1.0212308854576724,False,0.0
2026-09-08,a,694,688472.SH,阿特斯,-1.029321776135577,False,0.0
2026-09-08,a,695,002945.SZ,华林证券,-1.029479097907983,False,0.0
2026-09-08,a,696,002304.SZ,洋河股份,-1.0337226187861908,False,0.0
2026-09-08,a,697,001391.SZ,国货航,-1.039149675791032,False,0.0
2026-09-08,a,698,600886.SH,国投电力,-1.0398573840104288,False,0.0
2026-09-08,a,699,300015.SZ,爱尔眼科,-1.0414270705408033,False,0.0
2026-09-08,a,700,600547.SH,山东黄金,-1.0769306247724286,False,0.0
2026-09-08,a,701,600926.SH,杭州银行,-1.0940636383629017,False,0.0
2026-09-08,a,702,000878.SZ,云南铜业,-1.0974092097893788,False,0.0
2026-09-08,a,703,600276.SH,恒瑞医药,-1.0998926189391318,False,0.0
2026-09-08,a,704,000858.SZ,五 粮 液,-1.1006013410482627,False,0.0
2026-09-08,a,705,002625.SZ,光启技术,-1.1011495916986873,False,0.0
2026-09-08,a,706,600988.SH,赤峰黄金,-1.1058377974492277,False,0.0
2026-09-08,a,707,300122.SZ,智飞生物,-1.1071610486921677,False,0.0
2026-09-08,a,708,600372.SH,中航机载,-1.1122850248345606,False,0.0
2026-09-08,a,709,300339.SZ,润和软件,-1.114803151178681,False,0.0
2026-09-08,a,710,600111.SH,北方稀土,-1.1163597554049942,False,0.0
2026-09-08,a,711,601658.SH,邮储银行,-1.1264764155700582,False,0.0
2026-09-08,a,712,601162.SH,天风证券,-1.1517148681805633,False,0.0
2026-09-08,a,713,000001.SZ,平安银行,-1.1600110683847753,False,0.0
2026-09-08,a,714,300474.SZ,景嘉微,-1.1671737669997273,False,0.0
2026-09-08,a,715,603087.SH,甘李药业,-1.180379953832242,False,0.0
2026-09-08,a,716,601179.SH,中国西电,-1.188154129240826,False,0.0
2026-09-08,a,717,002049.SZ,紫光国微,-1.1889282289886702,False,0.0
2026-09-08,a,718,600879.SH,航天电子,-1.1957258698303959,False,0.0
2026-09-08,a,719,300498.SZ,温氏股份,-1.2053817294388103,False,0.0
2026-09-08,a,720,000063.SZ,中兴通讯,-1.2220993205919901,False,0.0
2026-09-08,a,721,601601.SH,中国太保,-1.2230516649741894,False,0.0
2026-09-08,a,722,600415.SH,小商品城,-1.2285901948610287,False,0.0
2026-09-08,a,723,688318.SH,财富趋势,-1.2305419314049104,False,0.0
2026-09-08,a,724,300014.SZ,亿纬锂能,-1.2379480933298952,False,0.0
2026-09-08,a,725,688169.SH,石头科技,-1.2448335036687064,False,0.0
2026-09-08,a,726,001979.SZ,招商蛇口,-1.250389789089803,False,0.0
2026-09-08,a,727,300251.SZ,光线传媒,-1.2508597547553226,False,0.0
2026-09-08,a,728,605499.SH,东鹏饮料,-1.2511787969973425,False,0.0
2026-09-08,a,729,002714.SZ,牧原股份,-1.2533347675867332,False,0.0
2026-09-08,a,730,000002.SZ,万科A,-1.2569622489124936,False,0.0
2026-09-08,a,731,000768.SZ,中航西飞,-1.2614740735337795,False,0.0
2026-09-08,a,732,601298.SH,青岛港,-1.2639774946095823,False,0.0
2026-09-08,a,733,688271.SH,联影医疗,-1.3054022386286006,False,0.0
2026-09-08,a,734,600674.SH,川投能源,-1.320521371967867,False,0.0
2026-09-08,a,735,601698.SH,中国卫通,-1.3237282256641867,False,0.0
2026-09-08,a,736,601328.SH,交通银行,-1.3271302207823166,False,0.0
2026-09-08,a,737,603259.SH,药明康德,-1.3314844042613472,False,0.0
2026-09-08,a,738,601009.SH,南京银行,-1.3370324553255963,False,0.0
2026-09-08,a,739,002558.SZ,巨人网络,-1.351193105862124,False,0.0
2026-09-08,a,740,600436.SH,片仔癀,-1.3684664534961777,False,0.0
2026-09-08,a,741,688166.SH,博瑞医药,-1.369203627483241,False,0.0
2026-09-08,a,742,600438.SH,通威股份,-1.4080795001878552,False,0.0
2026-09-08,a,743,300999.SZ,金龙鱼,-1.4251005768647111,False,0.0
2026-09-08,a,744,002602.SZ,世纪华通,-1.4515387884875048,False,0.0
2026-09-08,a,745,300450.SZ,先导智能,-1.5283592450531298,False,0.0
2026-09-08,a,746,002261.SZ,拓维信息,-1.5292607853523932,False,0.0
2026-09-08,a,747,600118.SH,中国卫星,-1.5354226459750668,False,0.0
2026-09-08,a,748,600901.SH,江苏金租,-1.5496560013702765,False,0.0
2026-09-08,a,749,600760.SH,中航沈飞,-1.5568927153949712,False,0.0
2026-09-08,a,750,600104.SH,上汽集团,-1.5820617087160547,False,0.0
2026-09-08,a,751,300760.SZ,迈瑞医疗,-1.6277584650676893,False,0.0
2026-09-08,a,752,000596.SZ,古井贡酒,-1.6292099499712516,False,0.0
2026-09-08,a,753,302132.SZ,中航成飞,-1.62992579133237,False,0.0
2026-09-08,a,754,300803.SZ,指南针,-1.643586510896296,False,0.0
2026-09-08,a,755,688183.SH,生益电子,-1.6970689800398346,False,0.0
2026-09-08,a,756,600048.SH,保利发展,-1.7394428953467735,False,0.0
2026-09-08,a,757,002821.SZ,凯莱英,-1.7779560784885153,False,0.0
2026-09-08,a,758,601577.SH,长沙银行,-1.781303628628318,False,0.0
2026-09-08,a,759,600256.SH,广汇能源,-1.804578690330486,False,0.0
2026-09-08,a,760,002837.SZ,英维克,-1.8782966220066986,False,0.0
2026-09-08,a,761,600536.SH,中国软件,-1.8851250988872987,False,0.0
2026-09-08,a,762,600601.SH,方正科技,-1.9003998798809296,False,0.0
2026-09-08,a,763,688617.SH,惠泰医疗,-1.9516844913709852,False,0.0
2026-09-08,a,764,601665.SH,齐鲁银行,-1.9843469463779817,False,0.0
2026-09-08,a,765,600809.SH,山西汾酒,-1.9885717121690818,False,0.0
2026-09-08,a,766,601136.SH,首创证券,-2.0365434496989487,False,0.0
2026-09-08,a,767,300394.SZ,天孚通信,-2.0588002665264162,False,0.0
2026-09-08,a,768,300395.SZ,菲利华,-2.075242440083645,False,0.0
2026-09-08,a,769,600177.SH,雅戈尔,-2.0791816014432776,False,0.0
2026-09-08,a,770,000301.SZ,东方盛虹,-2.0952856065775336,False,0.0
2026-09-08,a,771,601998.SH,中信银行,-2.0961898543530046,False,0.0
2026-09-08,a,772,601127.SH,赛力斯,-2.1218301377801336,False,0.0
2026-09-08,a,773,600150.SH,中国船舶,-2.170272384299365,False,0.0
2026-09-08,a,774,000703.SZ,恒逸石化,-2.5773733659695064,False,0.0
2026-09-08,a,775,601212.SH,白银有色,-2.580345473601239,False,0.0
2026-09-08,a,776,600967.SH,内蒙一机,-2.7002198000019897,False,0.0
2026-09-08,a,777,600737.SH,中粮糖业,-2.9131365282272705,False,0.0
2026-09-08,a,778,601169.SH,北京银行,-3.098158841866371,False,0.0
2026-09-08,a,779,688002.SH,睿创微纳,-3.19975044382993,False,0.0
2026-09-08,a,780,601118.SH,海南橡胶,-4.244116776222278,False,0.0
2026-09-08,a,781,300413.SZ,芒果超媒,-5.137187433766096,False,0.0
