ticker_2015,issuer_name,yahoo_query_symbol,mapping_status,notes,universe_date,known_by_date,source,source_pdf_pages,source_printed_pages,source_pdf_page
BA,Boeing Co. (The),BA,provisional_same_ticker,Ticker mapping needs matching provider metadata; issuer membership is source-backed.,2015-06-30,2015-09-02,https://announcements.asx.com.au/asxpdf/20150902/pdf/4311bmqvg9p1d1.pdf,343-345,345-347,343
GD,General Dynamics Corp.,GD,provisional_same_ticker,Ticker mapping needs matching provider metadata; issuer membership is source-backed.,2015-06-30,2015-09-02,https://announcements.asx.com.au/asxpdf/20150902/pdf/4311bmqvg9p1d1.pdf,343-345,345-347,343
HON,Honeywell International Inc.,HON,corporate_action_adjustment_review,Same ticker may continue but split/spinoff/merger distributions require adjustment validation.,2015-06-30,2015-09-02,https://announcements.asx.com.au/asxpdf/20150902/pdf/4311bmqvg9p1d1.pdf,343-345,345-347,343
LMT,Lockheed Martin Corp.,LMT,provisional_same_ticker,Ticker mapping needs matching provider metadata; issuer membership is source-backed.,2015-06-30,2015-09-02,https://announcements.asx.com.au/asxpdf/20150902/pdf/4311bmqvg9p1d1.pdf,343-345,345-347,343
RTN,Raytheon Co.,RTN,complex_lineage_require_review,Do not equate current reused/successor ticker with the original issue; unresolved corporate action lineage.,2015-06-30,2015-09-02,https://announcements.asx.com.au/asxpdf/20150902/pdf/4311bmqvg9p1d1.pdf,343-345,345-347,343
UTX,United Technologies Corp.,UTX,complex_lineage_require_review,Do not equate current reused/successor ticker with the original issue; unresolved corporate action lineage.,2015-06-30,2015-09-02,https://announcements.asx.com.au/asxpdf/20150902/pdf/4311bmqvg9p1d1.pdf,343-345,345-347,343
FDX,FedEx Corp.,FDX,provisional_same_ticker,Ticker mapping needs matching provider metadata; issuer membership is source-backed.,2015-06-30,2015-09-02,https://announcements.asx.com.au/asxpdf/20150902/pdf/4311bmqvg9p1d1.pdf,343-345,345-347,343
UPS,United Parcel Service Inc. Class B,UPS,provisional_same_ticker,Ticker mapping needs matching provider metadata; issuer membership is source-backed.,2015-06-30,2015-09-02,https://announcements.asx.com.au/asxpdf/20150902/pdf/4311bmqvg9p1d1.pdf,343-345,345-347,343
F,Ford Motor Co.,F,provisional_same_ticker,Ticker mapping needs matching provider metadata; issuer membership is source-backed.,2015-06-30,2015-09-02,https://announcements.asx.com.au/asxpdf/20150902/pdf/4311bmqvg9p1d1.pdf,343-345,345-347,343
GM,General Motors Co.,GM,provisional_same_ticker,Ticker mapping needs matching provider metadata; issuer membership is source-backed.,2015-06-30,2015-09-02,https://announcements.asx.com.au/asxpdf/20150902/pdf/4311bmqvg9p1d1.pdf,343-345,345-347,343
BAC,Bank of America Corp.,BAC,provisional_same_ticker,Ticker mapping needs matching provider metadata; issuer membership is source-backed.,2015-06-30,2015-09-02,https://announcements.asx.com.au/asxpdf/20150902/pdf/4311bmqvg9p1d1.pdf,343-345,345-347,343
C,Citigroup Inc.,C,provisional_same_ticker,Ticker mapping needs matching provider metadata; issuer membership is source-backed.,2015-06-30,2015-09-02,https://announcements.asx.com.au/asxpdf/20150902/pdf/4311bmqvg9p1d1.pdf,343-345,345-347,343
JPM,JPMorgan Chase & Co.,JPM,provisional_same_ticker,Ticker mapping needs matching provider metadata; issuer membership is source-backed.,2015-06-30,2015-09-02,https://announcements.asx.com.au/asxpdf/20150902/pdf/4311bmqvg9p1d1.pdf,343-345,345-347,343
USB,U.S. Bancorp/MN,USB,provisional_same_ticker,Ticker mapping needs matching provider metadata; issuer membership is source-backed.,2015-06-30,2015-09-02,https://announcements.asx.com.au/asxpdf/20150902/pdf/4311bmqvg9p1d1.pdf,343-345,345-347,343
WFC,Wells Fargo & Co.,WFC,provisional_same_ticker,Ticker mapping needs matching provider metadata; issuer membership is source-backed.,2015-06-30,2015-09-02,https://announcements.asx.com.au/asxpdf/20150902/pdf/4311bmqvg9p1d1.pdf,343-345,345-347,343
KO,Coca-Cola Co. (The),KO,provisional_same_ticker,Ticker mapping needs matching provider metadata; issuer membership is source-backed.,2015-06-30,2015-09-02,https://announcements.asx.com.au/asxpdf/20150902/pdf/4311bmqvg9p1d1.pdf,343-345,345-347,343
PEP,PepsiCo Inc.,PEP,provisional_same_ticker,Ticker mapping needs matching provider metadata; issuer membership is source-backed.,2015-06-30,2015-09-02,https://announcements.asx.com.au/asxpdf/20150902/pdf/4311bmqvg9p1d1.pdf,343-345,345-347,343
AMGN,Amgen Inc.,AMGN,provisional_same_ticker,Ticker mapping needs matching provider metadata; issuer membership is source-backed.,2015-06-30,2015-09-02,https://announcements.asx.com.au/asxpdf/20150902/pdf/4311bmqvg9p1d1.pdf,343-345,345-347,343
BIIB,Biogen Inc.,BIIB,provisional_same_ticker,Ticker mapping needs matching provider metadata; issuer membership is source-backed.,2015-06-30,2015-09-02,https://announcements.asx.com.au/asxpdf/20150902/pdf/4311bmqvg9p1d1.pdf,343-345,345-347,343
CELG,Celgene Corp.,CELG,delisted_or_acquired_expected,Retain in declared roster and missing-data audit even if provider has no history; do not replace with acquirer.,2015-06-30,2015-09-02,https://announcements.asx.com.au/asxpdf/20150902/pdf/4311bmqvg9p1d1.pdf,343-345,345-347,343
GILD,Gilead Sciences Inc.,GILD,provisional_same_ticker,Ticker mapping needs matching provider metadata; issuer membership is source-backed.,2015-06-30,2015-09-02,https://announcements.asx.com.au/asxpdf/20150902/pdf/4311bmqvg9p1d1.pdf,343-345,345-347,343
BK,Bank of New York Mellon Corp. (The),BK,provisional_same_ticker,Ticker mapping needs matching provider metadata; issuer membership is source-backed.,2015-06-30,2015-09-02,https://announcements.asx.com.au/asxpdf/20150902/pdf/4311bmqvg9p1d1.pdf,343-345,345-347,343
GS,Goldman Sachs Group Inc. (The),GS,provisional_same_ticker,Ticker mapping needs matching provider metadata; issuer membership is source-backed.,2015-06-30,2015-09-02,https://announcements.asx.com.au/asxpdf/20150902/pdf/4311bmqvg9p1d1.pdf,343-345,345-347,343
MS,Morgan Stanley,MS,provisional_same_ticker,Ticker mapping needs matching provider metadata; issuer membership is source-backed.,2015-06-30,2015-09-02,https://announcements.asx.com.au/asxpdf/20150902/pdf/4311bmqvg9p1d1.pdf,343-345,345-347,343
DOW,Dow Chemical Co. (The),DOW,complex_lineage_require_review,Do not equate current reused/successor ticker with the original issue; unresolved corporate action lineage.,2015-06-30,2015-09-02,https://announcements.asx.com.au/asxpdf/20150902/pdf/4311bmqvg9p1d1.pdf,343-345,345-347,343
DD,EI du Pont de Nemours & Co.,DD,complex_lineage_require_review,Do not equate current reused/successor ticker with the original issue; unresolved corporate action lineage.,2015-06-30,2015-09-02,https://announcements.asx.com.au/asxpdf/20150902/pdf/4311bmqvg9p1d1.pdf,343-345,345-347,343
MON,Monsanto Co.,MON,delisted_or_acquired_expected,Retain in declared roster and missing-data audit even if provider has no history; do not replace with acquirer.,2015-06-30,2015-09-02,https://announcements.asx.com.au/asxpdf/20150902/pdf/4311bmqvg9p1d1.pdf,343-345,345-347,343
CSCO,Cisco Systems Inc.,CSCO,provisional_same_ticker,Ticker mapping needs matching provider metadata; issuer membership is source-backed.,2015-06-30,2015-09-02,https://announcements.asx.com.au/asxpdf/20150902/pdf/4311bmqvg9p1d1.pdf,343-345,345-347,343
QCOM,QUALCOMM Inc.,QCOM,provisional_same_ticker,Ticker mapping needs matching provider metadata; issuer membership is source-backed.,2015-06-30,2015-09-02,https://announcements.asx.com.au/asxpdf/20150902/pdf/4311bmqvg9p1d1.pdf,343-345,345-347,343
AXP,American Express Co.,AXP,provisional_same_ticker,Ticker mapping needs matching provider metadata; issuer membership is source-backed.,2015-06-30,2015-09-02,https://announcements.asx.com.au/asxpdf/20150902/pdf/4311bmqvg9p1d1.pdf,343-345,345-347,343
COF,Capital One Financial Corp.,COF,provisional_same_ticker,Ticker mapping needs matching provider metadata; issuer membership is source-backed.,2015-06-30,2015-09-02,https://announcements.asx.com.au/asxpdf/20150902/pdf/4311bmqvg9p1d1.pdf,343-345,345-347,343
BRK-B,Berkshire Hathaway Inc. Class B,BRK-B,provisional_same_ticker,Ticker mapping needs matching provider metadata; issuer membership is source-backed.,2015-06-30,2015-09-02,https://announcements.asx.com.au/asxpdf/20150902/pdf/4311bmqvg9p1d1.pdf,343-345,345-347,343
T,AT&T Inc.,T,corporate_action_adjustment_review,Same ticker may continue but split/spinoff/merger distributions require adjustment validation.,2015-06-30,2015-09-02,https://announcements.asx.com.au/asxpdf/20150902/pdf/4311bmqvg9p1d1.pdf,343-345,345-347,343
VZ,Verizon Communications Inc.,VZ,provisional_same_ticker,Ticker mapping needs matching provider metadata; issuer membership is source-backed.,2015-06-30,2015-09-02,https://announcements.asx.com.au/asxpdf/20150902/pdf/4311bmqvg9p1d1.pdf,343-345,345-347,343
EXC,Exelon Corp.,EXC,corporate_action_adjustment_review,Same ticker may continue but split/spinoff/merger distributions require adjustment validation.,2015-06-30,2015-09-02,https://announcements.asx.com.au/asxpdf/20150902/pdf/4311bmqvg9p1d1.pdf,343-345,345-347,343
SO,Southern Co. (The),SO,provisional_same_ticker,Ticker mapping needs matching provider metadata; issuer membership is source-backed.,2015-06-30,2015-09-02,https://announcements.asx.com.au/asxpdf/20150902/pdf/4311bmqvg9p1d1.pdf,343-345,345-347,343
EMR,Emerson Electric Co.,EMR,provisional_same_ticker,Ticker mapping needs matching provider metadata; issuer membership is source-backed.,2015-06-30,2015-09-02,https://announcements.asx.com.au/asxpdf/20150902/pdf/4311bmqvg9p1d1.pdf,343-345,345-347,343
HAL,Halliburton Co.,HAL,provisional_same_ticker,Ticker mapping needs matching provider metadata; issuer membership is source-backed.,2015-06-30,2015-09-02,https://announcements.asx.com.au/asxpdf/20150902/pdf/4311bmqvg9p1d1.pdf,343-345,345-347,343
SLB,Schlumberger Ltd.,SLB,provisional_same_ticker,Ticker mapping needs matching provider metadata; issuer membership is source-backed.,2015-06-30,2015-09-02,https://announcements.asx.com.au/asxpdf/20150902/pdf/4311bmqvg9p1d1.pdf,343-345,345-347,343
COST,Costco Wholesale Corp.,COST,provisional_same_ticker,Ticker mapping needs matching provider metadata; issuer membership is source-backed.,2015-06-30,2015-09-02,https://announcements.asx.com.au/asxpdf/20150902/pdf/4311bmqvg9p1d1.pdf,343-345,345-347,343
CVS,CVS Health Corp.,CVS,provisional_same_ticker,Ticker mapping needs matching provider metadata; issuer membership is source-backed.,2015-06-30,2015-09-02,https://announcements.asx.com.au/asxpdf/20150902/pdf/4311bmqvg9p1d1.pdf,343-345,345-347,343
WMT,Wal-Mart Stores Inc.,WMT,provisional_same_ticker,Ticker mapping needs matching provider metadata; issuer membership is source-backed.,2015-06-30,2015-09-02,https://announcements.asx.com.au/asxpdf/20150902/pdf/4311bmqvg9p1d1.pdf,343-345,345-347,343
WBA,Walgreens Boots Alliance Inc.,WBA,delisted_or_acquired_expected,Retain in declared roster and missing-data audit even if provider has no history; do not replace with acquirer.,2015-06-30,2015-09-02,https://announcements.asx.com.au/asxpdf/20150902/pdf/4311bmqvg9p1d1.pdf,343-345,345-347,343
MDLZ,Mondelez International Inc. Class A,MDLZ,provisional_same_ticker,Ticker mapping needs matching provider metadata; issuer membership is source-backed.,2015-06-30,2015-09-02,https://announcements.asx.com.au/asxpdf/20150902/pdf/4311bmqvg9p1d1.pdf,343-345,345-347,343
ABT,Abbott Laboratories,ABT,provisional_same_ticker,Ticker mapping needs matching provider metadata; issuer membership is source-backed.,2015-06-30,2015-09-02,https://announcements.asx.com.au/asxpdf/20150902/pdf/4311bmqvg9p1d1.pdf,343-345,345-347,343
MDT,Medtronic PLC,MDT,corporate_action_adjustment_review,Same ticker may continue but split/spinoff/merger distributions require adjustment validation.,2015-06-30,2015-09-02,https://announcements.asx.com.au/asxpdf/20150902/pdf/4311bmqvg9p1d1.pdf,343-345,345-347,343
UNH,UnitedHealth Group Inc.,UNH,provisional_same_ticker,Ticker mapping needs matching provider metadata; issuer membership is source-backed.,2015-06-30,2015-09-02,https://announcements.asx.com.au/asxpdf/20150902/pdf/4311bmqvg9p1d1.pdf,343-345,345-347,344
MCD,McDonald’s Corp.,MCD,provisional_same_ticker,Ticker mapping needs matching provider metadata; issuer membership is source-backed.,2015-06-30,2015-09-02,https://announcements.asx.com.au/asxpdf/20150902/pdf/4311bmqvg9p1d1.pdf,343-345,345-347,344
SBUX,Starbucks Corp.,SBUX,provisional_same_ticker,Ticker mapping needs matching provider metadata; issuer membership is source-backed.,2015-06-30,2015-09-02,https://announcements.asx.com.au/asxpdf/20150902/pdf/4311bmqvg9p1d1.pdf,343-345,345-347,344
CL,Colgate-Palmolive Co.,CL,provisional_same_ticker,Ticker mapping needs matching provider metadata; issuer membership is source-backed.,2015-06-30,2015-09-02,https://announcements.asx.com.au/asxpdf/20150902/pdf/4311bmqvg9p1d1.pdf,343-345,345-347,344
PG,Procter & Gamble Co. (The),PG,provisional_same_ticker,Ticker mapping needs matching provider metadata; issuer membership is source-backed.,2015-06-30,2015-09-02,https://announcements.asx.com.au/asxpdf/20150902/pdf/4311bmqvg9p1d1.pdf,343-345,345-347,344
MMM,3M Co.,MMM,corporate_action_adjustment_review,Same ticker may continue but split/spinoff/merger distributions require adjustment validation.,2015-06-30,2015-09-02,https://announcements.asx.com.au/asxpdf/20150902/pdf/4311bmqvg9p1d1.pdf,343-345,345-347,344
GE,General Electric Co.,GE,corporate_action_adjustment_review,Same ticker may continue but split/spinoff/merger distributions require adjustment validation.,2015-06-30,2015-09-02,https://announcements.asx.com.au/asxpdf/20150902/pdf/4311bmqvg9p1d1.pdf,343-345,345-347,344
ALL,Allstate Corp. (The),ALL,provisional_same_ticker,Ticker mapping needs matching provider metadata; issuer membership is source-backed.,2015-06-30,2015-09-02,https://announcements.asx.com.au/asxpdf/20150902/pdf/4311bmqvg9p1d1.pdf,343-345,345-347,344
AIG,American International Group Inc.,AIG,provisional_same_ticker,Ticker mapping needs matching provider metadata; issuer membership is source-backed.,2015-06-30,2015-09-02,https://announcements.asx.com.au/asxpdf/20150902/pdf/4311bmqvg9p1d1.pdf,343-345,345-347,344
MET,MetLife Inc.,MET,corporate_action_adjustment_review,Same ticker may continue but split/spinoff/merger distributions require adjustment validation.,2015-06-30,2015-09-02,https://announcements.asx.com.au/asxpdf/20150902/pdf/4311bmqvg9p1d1.pdf,343-345,345-347,344
AMZN,Amazon.com Inc.,AMZN,provisional_same_ticker,Ticker mapping needs matching provider metadata; issuer membership is source-backed.,2015-06-30,2015-09-02,https://announcements.asx.com.au/asxpdf/20150902/pdf/4311bmqvg9p1d1.pdf,343-345,345-347,344
PCLN,Priceline Group Inc. (The),BKNG,simple_rename_primary_verified,PCLN to BKNG effective 2018-02-27; https://www.bookingholdings.com/press-releases/the-priceline-group-inc-nasdaq-pcln-announces-name-change-to-booking-holdings-inc/,2015-06-30,2015-09-02,https://announcements.asx.com.au/asxpdf/20150902/pdf/4311bmqvg9p1d1.pdf,343-345,345-347,344
EBAY,eBay Inc.,EBAY,corporate_action_adjustment_review,Same ticker may continue but split/spinoff/merger distributions require adjustment validation.,2015-06-30,2015-09-02,https://announcements.asx.com.au/asxpdf/20150902/pdf/4311bmqvg9p1d1.pdf,343-345,345-347,344
FB,Facebook Inc. Class A,META,simple_rename_primary_verified,FB to META effective 2022-06-09; same Class A shares and CUSIP; https://investor.atmeta.com/investor-news/press-release-details/2022/Meta-Platforms-Inc.-to-Change-Ticker-Symbol-to-META-on-June-9/default.aspx,2015-06-30,2015-09-02,https://announcements.asx.com.au/asxpdf/20150902/pdf/4311bmqvg9p1d1.pdf,343-345,345-347,344
GOOGL,Google Inc. Class A,GOOGL,holding_company_reorganization_primary_verified,Google to Alphabet holding company 2015-10-02; each corresponding Class A/C share converted one-for-one and retained its respective GOOGL/GOOG ticker. Source https://www.nasdaqtrader.com/TraderNews.aspx?id=dtn2015-21,2015-06-30,2015-09-02,https://announcements.asx.com.au/asxpdf/20150902/pdf/4311bmqvg9p1d1.pdf,343-345,345-347,344
GOOG,Google Inc. Class C,GOOG,holding_company_reorganization_primary_verified,Google to Alphabet holding company 2015-10-02; each corresponding Class A/C share converted one-for-one and retained its respective GOOGL/GOOG ticker. Source https://www.nasdaqtrader.com/TraderNews.aspx?id=dtn2015-21,2015-06-30,2015-09-02,https://announcements.asx.com.au/asxpdf/20150902/pdf/4311bmqvg9p1d1.pdf,343-345,345-347,344
ACN,Accenture PLC Class A,ACN,provisional_same_ticker,Ticker mapping needs matching provider metadata; issuer membership is source-backed.,2015-06-30,2015-09-02,https://announcements.asx.com.au/asxpdf/20150902/pdf/4311bmqvg9p1d1.pdf,343-345,345-347,344
IBM,International Business Machines Corp.,IBM,corporate_action_adjustment_review,Same ticker may continue but split/spinoff/merger distributions require adjustment validation.,2015-06-30,2015-09-02,https://announcements.asx.com.au/asxpdf/20150902/pdf/4311bmqvg9p1d1.pdf,343-345,345-347,344
MA,MasterCard Inc. Class A,MA,provisional_same_ticker,Ticker mapping needs matching provider metadata; issuer membership is source-backed.,2015-06-30,2015-09-02,https://announcements.asx.com.au/asxpdf/20150902/pdf/4311bmqvg9p1d1.pdf,343-345,345-347,344
V,Visa Inc. Class A,V,provisional_same_ticker,Ticker mapping needs matching provider metadata; issuer membership is source-backed.,2015-06-30,2015-09-02,https://announcements.asx.com.au/asxpdf/20150902/pdf/4311bmqvg9p1d1.pdf,343-345,345-347,344
CAT,Caterpillar Inc.,CAT,provisional_same_ticker,Ticker mapping needs matching provider metadata; issuer membership is source-backed.,2015-06-30,2015-09-02,https://announcements.asx.com.au/asxpdf/20150902/pdf/4311bmqvg9p1d1.pdf,343-345,345-347,344
CMCSA,Comcast Corp. Class A,CMCSA,provisional_same_ticker,Ticker mapping needs matching provider metadata; issuer membership is source-backed.,2015-06-30,2015-09-02,https://announcements.asx.com.au/asxpdf/20150902/pdf/4311bmqvg9p1d1.pdf,343-345,345-347,344
TWX,Time Warner Inc.,TWX,delisted_or_acquired_expected,Retain in declared roster and missing-data audit even if provider has no history; do not replace with acquirer.,2015-06-30,2015-09-02,https://announcements.asx.com.au/asxpdf/20150902/pdf/4311bmqvg9p1d1.pdf,343-345,345-347,344
FOXA,Twenty-First Century Fox Inc. Class A,FOXA,complex_lineage_require_review,Do not equate current reused/successor ticker with the original issue; unresolved corporate action lineage.,2015-06-30,2015-09-02,https://announcements.asx.com.au/asxpdf/20150902/pdf/4311bmqvg9p1d1.pdf,343-345,345-347,344
DIS,Walt Disney Co. (The),DIS,provisional_same_ticker,Ticker mapping needs matching provider metadata; issuer membership is source-backed.,2015-06-30,2015-09-02,https://announcements.asx.com.au/asxpdf/20150902/pdf/4311bmqvg9p1d1.pdf,343-345,345-347,344
TGT,Target Corp.,TGT,provisional_same_ticker,Ticker mapping needs matching provider metadata; issuer membership is source-backed.,2015-06-30,2015-09-02,https://announcements.asx.com.au/asxpdf/20150902/pdf/4311bmqvg9p1d1.pdf,343-345,345-347,344
APC,Anadarko Petroleum Corp.,APC,delisted_or_acquired_expected,Retain in declared roster and missing-data audit even if provider has no history; do not replace with acquirer.,2015-06-30,2015-09-02,https://announcements.asx.com.au/asxpdf/20150902/pdf/4311bmqvg9p1d1.pdf,343-345,345-347,344
CVX,Chevron Corp.,CVX,provisional_same_ticker,Ticker mapping needs matching provider metadata; issuer membership is source-backed.,2015-06-30,2015-09-02,https://announcements.asx.com.au/asxpdf/20150902/pdf/4311bmqvg9p1d1.pdf,343-345,345-347,344
COP,ConocoPhillips,COP,provisional_same_ticker,Ticker mapping needs matching provider metadata; issuer membership is source-backed.,2015-06-30,2015-09-02,https://announcements.asx.com.au/asxpdf/20150902/pdf/4311bmqvg9p1d1.pdf,343-345,345-347,344
DVN,Devon Energy Corp.,DVN,provisional_same_ticker,Ticker mapping needs matching provider metadata; issuer membership is source-backed.,2015-06-30,2015-09-02,https://announcements.asx.com.au/asxpdf/20150902/pdf/4311bmqvg9p1d1.pdf,343-345,345-347,344
XOM,Exxon Mobil Corp.,XOM,provisional_same_ticker,Ticker mapping needs matching provider metadata; issuer membership is source-backed.,2015-06-30,2015-09-02,https://announcements.asx.com.au/asxpdf/20150902/pdf/4311bmqvg9p1d1.pdf,343-345,345-347,344
KMI,Kinder Morgan Inc./DE,KMI,provisional_same_ticker,Ticker mapping needs matching provider metadata; issuer membership is source-backed.,2015-06-30,2015-09-02,https://announcements.asx.com.au/asxpdf/20150902/pdf/4311bmqvg9p1d1.pdf,343-345,345-347,344
OXY,Occidental Petroleum Corp.,OXY,provisional_same_ticker,Ticker mapping needs matching provider metadata; issuer membership is source-backed.,2015-06-30,2015-09-02,https://announcements.asx.com.au/asxpdf/20150902/pdf/4311bmqvg9p1d1.pdf,343-345,345-347,344
ABBV,AbbVie Inc.,ABBV,provisional_same_ticker,Ticker mapping needs matching provider metadata; issuer membership is source-backed.,2015-06-30,2015-09-02,https://announcements.asx.com.au/asxpdf/20150902/pdf/4311bmqvg9p1d1.pdf,343-345,345-347,344
AGN,Allergan PLC,AGN,delisted_or_acquired_expected,Retain in declared roster and missing-data audit even if provider has no history; do not replace with acquirer.,2015-06-30,2015-09-02,https://announcements.asx.com.au/asxpdf/20150902/pdf/4311bmqvg9p1d1.pdf,343-345,345-347,344
BMY,Bristol-Myers Squibb Co.,BMY,provisional_same_ticker,Ticker mapping needs matching provider metadata; issuer membership is source-backed.,2015-06-30,2015-09-02,https://announcements.asx.com.au/asxpdf/20150902/pdf/4311bmqvg9p1d1.pdf,343-345,345-347,344
LLY,Eli Lilly & Co.,LLY,provisional_same_ticker,Ticker mapping needs matching provider metadata; issuer membership is source-backed.,2015-06-30,2015-09-02,https://announcements.asx.com.au/asxpdf/20150902/pdf/4311bmqvg9p1d1.pdf,343-345,345-347,344
JNJ,Johnson & Johnson,JNJ,corporate_action_adjustment_review,Same ticker may continue but split/spinoff/merger distributions require adjustment validation.,2015-06-30,2015-09-02,https://announcements.asx.com.au/asxpdf/20150902/pdf/4311bmqvg9p1d1.pdf,343-345,345-347,344
MRK,Merck & Co. Inc.,MRK,corporate_action_adjustment_review,Same ticker may continue but split/spinoff/merger distributions require adjustment validation.,2015-06-30,2015-09-02,https://announcements.asx.com.au/asxpdf/20150902/pdf/4311bmqvg9p1d1.pdf,343-345,345-347,344
PFE,Pfizer Inc.,PFE,corporate_action_adjustment_review,Same ticker may continue but split/spinoff/merger distributions require adjustment validation.,2015-06-30,2015-09-02,https://announcements.asx.com.au/asxpdf/20150902/pdf/4311bmqvg9p1d1.pdf,343-345,345-347,344
SPG,Simon Property Group Inc.,SPG,provisional_same_ticker,Ticker mapping needs matching provider metadata; issuer membership is source-backed.,2015-06-30,2015-09-02,https://announcements.asx.com.au/asxpdf/20150902/pdf/4311bmqvg9p1d1.pdf,343-345,345-347,344
NSC,Norfolk Southern Corp.,NSC,provisional_same_ticker,Ticker mapping needs matching provider metadata; issuer membership is source-backed.,2015-06-30,2015-09-02,https://announcements.asx.com.au/asxpdf/20150902/pdf/4311bmqvg9p1d1.pdf,343-345,345-347,344
UNP,Union Pacific Corp.,UNP,provisional_same_ticker,Ticker mapping needs matching provider metadata; issuer membership is source-backed.,2015-06-30,2015-09-02,https://announcements.asx.com.au/asxpdf/20150902/pdf/4311bmqvg9p1d1.pdf,343-345,345-347,344
INTC,Intel Corp.,INTC,provisional_same_ticker,Ticker mapping needs matching provider metadata; issuer membership is source-backed.,2015-06-30,2015-09-02,https://announcements.asx.com.au/asxpdf/20150902/pdf/4311bmqvg9p1d1.pdf,343-345,345-347,344
TXN,Texas Instruments Inc.,TXN,provisional_same_ticker,Ticker mapping needs matching provider metadata; issuer membership is source-backed.,2015-06-30,2015-09-02,https://announcements.asx.com.au/asxpdf/20150902/pdf/4311bmqvg9p1d1.pdf,343-345,345-347,344
MSFT,Microsoft Corp.,MSFT,provisional_same_ticker,Ticker mapping needs matching provider metadata; issuer membership is source-backed.,2015-06-30,2015-09-02,https://announcements.asx.com.au/asxpdf/20150902/pdf/4311bmqvg9p1d1.pdf,343-345,345-347,344
ORCL,Oracle Corp.,ORCL,provisional_same_ticker,Ticker mapping needs matching provider metadata; issuer membership is source-backed.,2015-06-30,2015-09-02,https://announcements.asx.com.au/asxpdf/20150902/pdf/4311bmqvg9p1d1.pdf,343-345,345-347,344
HD,Home Depot Inc. (The),HD,provisional_same_ticker,Ticker mapping needs matching provider metadata; issuer membership is source-backed.,2015-06-30,2015-09-02,https://announcements.asx.com.au/asxpdf/20150902/pdf/4311bmqvg9p1d1.pdf,343-345,345-347,344
LOW,Lowe’s Companies Inc.,LOW,provisional_same_ticker,Ticker mapping needs matching provider metadata; issuer membership is source-backed.,2015-06-30,2015-09-02,https://announcements.asx.com.au/asxpdf/20150902/pdf/4311bmqvg9p1d1.pdf,343-345,345-347,344
AAPL,Apple Inc.,AAPL,provisional_same_ticker,Ticker mapping needs matching provider metadata; issuer membership is source-backed.,2015-06-30,2015-09-02,https://announcements.asx.com.au/asxpdf/20150902/pdf/4311bmqvg9p1d1.pdf,343-345,345-347,344
EMC,EMC Corp./MA,EMC,delisted_or_acquired_expected,Retain in declared roster and missing-data audit even if provider has no history; do not replace with acquirer.,2015-06-30,2015-09-02,https://announcements.asx.com.au/asxpdf/20150902/pdf/4311bmqvg9p1d1.pdf,343-345,345-347,344
HPQ,Hewlett-Packard Co.,HPQ,corporate_action_adjustment_review,Same ticker may continue but split/spinoff/merger distributions require adjustment validation.,2015-06-30,2015-09-02,https://announcements.asx.com.au/asxpdf/20150902/pdf/4311bmqvg9p1d1.pdf,343-345,345-347,344
NKE,NIKE Inc. Class B,NKE,provisional_same_ticker,Ticker mapping needs matching provider metadata; issuer membership is source-backed.,2015-06-30,2015-09-02,https://announcements.asx.com.au/asxpdf/20150902/pdf/4311bmqvg9p1d1.pdf,343-345,345-347,345
MO,Altria Group Inc.,MO,provisional_same_ticker,Ticker mapping needs matching provider metadata; issuer membership is source-backed.,2015-06-30,2015-09-02,https://announcements.asx.com.au/asxpdf/20150902/pdf/4311bmqvg9p1d1.pdf,343-345,345-347,345
PM,Philip Morris International Inc.,PM,provisional_same_ticker,Ticker mapping needs matching provider metadata; issuer membership is source-backed.,2015-06-30,2015-09-02,https://announcements.asx.com.au/asxpdf/20150902/pdf/4311bmqvg9p1d1.pdf,343-345,345-347,345
