trade_date,wind_code,open,high,low,close,volume,amt
2024-12-02,09888.HK,82.4,83.45,81.75,82.9,5353498,442466609.70000005
2024-12-02,09898.HK,61.858240283399,63.665240509069,61.774193761275,63.245007898449,168280,10526187.302020691
2024-12-03,09888.HK,83.55,84.55,82.55,84.15,6184445,518565713.24999994
2024-12-03,09898.HK,63.034891593138,65.220101168367,63.034891593138,64.88391507987,121972,7801256.343760066
2024-12-04,09898.HK,64.337612686063,64.88391507987,63.202984637386,64.211542902877,62120,3992736.7725924756
2024-12-04,09888.HK,83.95,84.3,82.8,83.65,5086161,426220291.8000001
2024-12-05,09898.HK,63.034891593138,65.262124429429,61.984310066586,62.404542677207,162980,10222059.498690415
2024-12-05,09888.HK,83.05,83.95,82.2,83.85,6892898,575212338.0999999
2024-12-06,09888.HK,83.85,85.45,83.05,84.95,8190066,691241570.4000001
2024-12-06,09898.HK,62.362519416145,63.917380075442,62.362519416145,63.833333553318,370957,23406617.514996544
2024-12-09,09898.HK,65.262124429429,66.732938566602,63.665240509069,66.48079900023,177167,11670249.257631198
2024-12-09,09888.HK,84.2,87.15,83.1,87.1,11485880,983765622.0000001
2024-12-10,09898.HK,67.69947357103,68.581962053334,64.631775513498,65.178077907305,106060,7046496.554896105
2024-12-10,09888.HK,90.15,90.2,85.35,85.55,16555996,1454444248.6
2024-12-11,09898.HK,65.934496606422,67.237217699347,65.934496606422,66.816985088726,79160,5254303.645493958
2024-12-11,09888.HK,86.7,87.65,85.35,85.5,8289828,713754190.8
2024-12-12,09898.HK,67.027101394037,68.49791553121,66.859008349788,67.69947357103,63440,4273526.957891926
2024-12-12,09888.HK,87.25,89.1,86.5,87.6,8112981,709277363.925
2024-12-13,09898.HK,67.825543354217,67.825543354217,66.228659433857,66.228659433857,28080,1882121.0071445592
2024-12-13,09888.HK,87.7,88.35,86.85,86.85,11272825,983835801.8750001
2024-12-16,09888.HK,87.6,88.0,86.7,87.2,7688968,672015803.2
2024-12-16,09898.HK,67.615427048906,68.077682920589,66.438775739168,66.732938566602,80180,5386025.977525715
2024-12-17,09888.HK,85.35,87.4,85.3,86.25,7684018,659288744.4
2024-12-17,09898.HK,65.89247334536,67.111147916161,64.88391507987,65.850450084298,43780,2883852.5938752135
2024-12-18,09898.HK,67.657450309968,68.581962053334,67.657450309968,67.993636398465,40380,2738795.4406432626
2024-12-18,09888.HK,87.05,88.25,87.05,87.75,5913967,516880715.8
2024-12-19,09898.HK,65.934496606422,66.943054871913,65.304147690491,66.396752478105,56280,3723801.34923859
2024-12-19,09888.HK,86.25,86.6,81.75,84.1,16602057,1414080204.975
2024-12-20,09888.HK,82.65,82.9,81.25,81.95,16235775,1336204282.5000002
2024-12-20,09898.HK,65.220101168367,65.976519867484,64.08547311969,64.67379877456,58760,3816282.7803231953
2024-12-23,09898.HK,63.959403336504,64.67379877456,63.329054420573,63.371077681635,35800,2279215.6102246884
2024-12-23,09888.HK,82.95,85.3,82.95,84.55,9231553,773142563.75
2024-12-24,09888.HK,84.95,86.5,84.8,85.65,4425648,377507774.40000004
2024-12-24,09898.HK,63.959403336504,64.925938340932,63.539170725883,64.001426597566,17240,1103022.3540316834
2024-12-27,09898.HK,64.001426597566,64.463682469249,62.908821809952,62.992868332076,53180,3376778.3021791806
2024-12-27,09888.HK,85.6,85.85,83.6,85.0,6571138,560518071.4
2024-12-30,09898.HK,62.992868332076,64.295589425001,62.992868332076,64.08547311969,16625,1056338.7133178047
2024-12-30,09888.HK,84.05,85.0,83.45,83.8,8384996,703710789.3
2024-12-31,09888.HK,82.55,83.0,81.8,82.7,5223124,431560620.5
2024-12-31,09898.HK,64.08547311969,64.08547311969,62.320496155082,62.824775287828,25440,1614298.359743629
2025-01-02,09888.HK,81.5,82.35,80.2,80.8,9971885,809218467.75
2025-01-02,09898.HK,62.824775287828,63.749287031194,61.353961150654,61.606100717027,40180,2499816.298937537
2025-01-03,09888.HK,80.8,81.8,80.35,81.05,6856772,554884274.1
2025-01-03,09898.HK,61.606100717027,62.194426371896,60.513495929413,60.681588973661,37732,2307079.5537045198
2025-01-06,09888.HK,81.5,81.85,80.3,80.75,4711696,382236338.0
2025-01-06,09898.HK,60.639565712599,61.353961150654,60.429449407288,60.513495929413,27540,1668277.6588105054
2025-01-07,09898.HK,60.513495929413,61.017775062158,59.925170274543,61.017775062158,37960,2306663.5234200177
2025-01-07,09888.HK,80.3,81.25,79.5,80.45,8407835,675779738.125
2025-01-08,09898.HK,60.975751801096,61.017775062158,58.916612009053,59.673030708171,35660,2151167.7921402305
2025-01-08,09888.HK,79.9,80.55,78.9,79.85,4364119,348584005.125
2025-01-09,09888.HK,79.65,79.95,78.85,78.85,3886965,308041976.25
2025-01-09,09898.HK,60.093263318792,60.555519190475,59.336844619674,59.336844619674,10240,611482.1526449459
2025-01-10,09898.HK,59.883147013481,59.883147013481,58.496379398432,58.496379398432,26600,1574447.7012784427
2025-01-10,09888.HK,78.9,79.4,77.3,77.7,5415352,424022061.6000001
2025-01-13,09888.HK,76.0,76.45,74.3,75.9,8584614,652001433.3000001
2025-01-13,09898.HK,58.24423983206,58.706495703743,57.151635044445,57.65591417719,79960,4633688.157289815
2025-01-14,09888.HK,76.0,77.95,75.5,77.55,9041148,694134137.7
2025-01-14,09898.HK,57.781983960377,60.26135636304,57.781983960377,59.883147013481,17720,1042513.0604283819
2025-01-15,09888.HK,76.6,78.5,76.6,78.5,5969113,462904713.15
2025-01-15,09898.HK,60.933728540033,61.227891367468,59.715053969233,60.009216796667,26160,1581933.725004036
2025-01-16,09898.HK,60.555519190475,61.311937889592,60.513495929413,60.849682017909,26720,1621973.4881440103
2025-01-16,09888.HK,79.5,80.5,78.1,79.1,7519739,596315302.6999999
2025-01-17,09898.HK,60.513495929413,60.975751801096,60.093263318792,60.681588973661,7340,444785.96159428154
2025-01-17,09888.HK,78.85,79.2,77.85,78.65,3404284,268087365.0
2025-01-20,09898.HK,62.572635721455,63.245007898449,61.438007672779,62.740728765703,57560,3606518.6299404074
2025-01-20,09888.HK,80.4,82.3,80.3,80.8,6829887,550488892.1999999
2025-01-21,09888.HK,81.3,82.2,80.6,81.75,5659856,461419760.40000004
2025-01-21,09898.HK,62.782752026766,63.87535681438,62.026333327648,63.87535681438,45980,2911869.922257947
2025-01-22,09888.HK,81.4,81.7,79.6,80.15,7237960,584646219.0
2025-01-22,09898.HK,63.833333553318,63.833333553318,62.026333327648,62.27847289402,44840,2827426.700549318
2025-01-23,09888.HK,80.65,81.15,79.4,79.8,5781226,463798855.84999996
2025-01-23,09898.HK,62.614658982517,63.034891593138,61.606100717027,62.27847289402,13800,861762.6099481053
2025-01-24,09898.HK,61.774193761275,62.362519416145,60.891705278971,62.152403110834,28540,1768432.5373649956
2025-01-24,09888.HK,79.9,81.95,79.75,81.55,6394920,516229916.99999994
2025-01-27,09888.HK,83.95,85.75,83.95,84.75,11700469,986934560.15
2025-01-27,09898.HK,62.530612460393,63.0769148542,62.110379849772,62.656682243579,29185,1826795.5979677115
2025-01-28,09888.HK,86.4,88.6,86.4,87.8,12992966,1131687338.6
2025-01-28,09898.HK,63.329054420573,63.623217248007,62.86679854889,63.623217248007,38500,2443831.229620165
2025-02-03,09898.HK,62.572635721455,62.950845071014,60.681588973661,62.614658982517,29971,1875994.2047863724
2025-02-03,09888.HK,85.9,85.9,80.3,84.45,18350466,1563000941.5500002
2025-02-04,09898.HK,64.967961601994,66.859008349788,64.67379877456,66.060566389609,112491,7369765.071151706
2025-02-04,09888.HK,85.55,88.0,84.5,87.35,13972070,1207885451.4999998
2025-02-05,09898.HK,64.757845296684,65.556287256864,64.253566163939,64.799868557746,31960,2070332.2673937916
2025-02-05,09888.HK,89.35,89.4,86.65,87.8,18330833,1623653532.975
2025-02-06,09888.HK,86.2,86.7,85.05,86.65,12184565,1053051030.1250001
2025-02-06,09898.HK,66.102589650671,66.816985088726,65.976519867484,66.48079900023,63220,4190960.9152549803
2025-02-07,09888.HK,85.5,86.8,85.3,86.25,14492035,1244503505.625
2025-02-07,09898.HK,68.077682920589,70.893241411749,68.077682920589,70.725148367501,157660,10941827.190440135
2025-02-10,09888.HK,86.7,89.6,86.7,89.45,18041542,1589008811.65
2025-02-10,09898.HK,71.145380978122,71.229427500246,69.590520318824,70.767171628563,74500,5286242.584599016
2025-02-11,09888.HK,91.1,92.2,88.75,88.75,11339412,1019696624.1
2025-02-11,09898.HK,70.641101845377,70.893241411749,68.49791553121,68.49791553121,164800,11465055.031830769
2025-02-12,09898.HK,68.161729442713,69.044217925017,67.741496832092,68.455892270148,77820,5315791.660847422
2025-02-12,09888.HK,88.45,89.05,85.1,88.9,26625584,2361023661.2000003
2025-02-13,09898.HK,68.455892270148,70.893241411749,68.245775964837,68.245775964837,124760,8527450.064498363
2025-02-13,09888.HK,91.0,99.6,90.85,94.0,46646171,4314770817.5
2025-02-14,09898.HK,70.220869234756,73.792846425034,70.178845973694,73.792846425034,128220,9232719.310949137
2025-02-14,09888.HK,94.45,96.7,93.55,96.55,27036137,2581951083.5
2025-02-17,09888.HK,97.0,97.15,88.1,89.85,40441848,3778279649.4
2025-02-17,09898.HK,73.960939469282,75.809962956014,71.607636849805,72.784288159543,151340,11104211.374673186
2025-02-18,09888.HK,90.05,91.95,88.85,90.2,26888029,2423283613.625
2025-02-18,09898.HK,73.12047424804,74.633311646275,72.32203228786,73.288567292289,73820,5403957.723253543
2025-02-19,09888.HK,88.65,88.65,83.65,88.35,18488188,1636204638.0
2025-02-19,09898.HK,71.271450761308,72.448102071047,70.767171628563,71.943822938302,82320,5894740.665475948
2025-02-20,09888.HK,86.4,86.95,85.25,85.5,17227243,1480681535.8500001
2025-02-20,09898.HK,71.775729894053,73.960939469282,68.245775964837,68.329822486962,124905,8749942.01007534
2025-02-21,09898.HK,71.187404239184,74.423195340965,71.187404239184,74.381172079903,142080,10341191.661707941
2025-02-21,09888.HK,88.3,89.5,86.4,89.5,18990437,1688249849.3000002
2025-02-24,09888.HK,89.0,91.3,86.9,89.5,17193197,1534492832.25
2025-02-24,09898.HK,75.809962956014,76.902567743628,74.465218602027,75.305683823269,240616,18180421.23272198
2025-02-25,09888.HK,85.35,87.3,85.05,86.0,16802850,1439584173.75
2025-02-25,09898.HK,73.12047424804,73.12047424804,70.51503206219,72.237985765736,143843,10454398.48188079
2025-02-26,09898.HK,72.195962504674,72.826311420606,71.145380978122,72.364055548922,188340,13613216.900107134
2025-02-26,09888.HK,87.2,89.8,87.15,88.85,13153850,1157867646.25
2025-02-27,09888.HK,87.4,88.55,86.5,87.75,15592278,1365493745.8500001
2025-02-27,09898.HK,73.078450986978,73.582730119723,70.220869234756,70.725148367501,153011,11001766.270414092
2025-02-28,09888.HK,86.6,86.6,83.2,83.5,23627254,2009497952.7
2025-02-28,09898.HK,70.599078584315,70.599078584315,65.976519867484,66.69091530554,143200,9829963.562513618
2025-03-03,09888.HK,84.1,85.15,82.8,83.3,9287956,777401917.1999999
2025-03-03,09898.HK,65.808426823236,68.161729442713,65.556287256864,66.102589650671,142900,9425042.127060656
2025-03-04,09888.HK,82.0,85.5,81.4,84.75,13227436,1102837476.5
2025-03-04,09898.HK,66.060566389609,67.531380526782,65.052008124118,66.816985088726,99792,6630058.308563002
2025-03-05,09888.HK,85.7,87.85,85.1,87.5,14453429,1251666951.3999999
2025-03-05,09898.HK,66.396752478105,68.2877992259,66.396752478105,67.657450309968,124960,8375706.5901988
2025-03-06,09888.HK,89.5,91.8,88.6,91.15,20181566,1822899948.95
2025-03-06,09898.HK,69.338380752452,72.237985765736,68.750055097583,72.195962504674,215840,15274386.32430904
2025-03-07,09898.HK,70.809194889625,73.12047424804,70.767171628563,71.859776416177,138480,9878399.573213732
2025-03-07,09888.HK,91.05,92.95,90.45,90.8,22857267,2078297001.975
2025-03-10,09898.HK,71.859776416177,74.465218602027,71.439543805556,73.078450986978,161830,11727676.670326287
2025-03-10,09888.HK,91.9,94.8,91.65,92.0,23185620,2131917759.0
2025-03-11,09898.HK,72.700241637419,74.507241863089,69.422427274576,74.12903251353,258708,18992953.928521857
2025-03-11,09888.HK,90.0,92.45,88.8,92.25,11393322,1038216467.25
2025-03-12,09898.HK,73.540706858661,74.002962730344,70.430985540066,71.439543805556,210820,15282368.222515116
2025-03-12,09888.HK,92.0,92.45,89.55,90.05,11306370,1029162329.2500001
2025-03-13,09888.HK,90.3,90.95,88.65,89.45,7814519,702329895.125
2025-03-13,09898.HK,72.280009026798,72.280009026798,69.842659885197,70.683125106439,110380,7890135.37281335
2025-03-14,09888.HK,91.4,93.15,91.15,91.65,12891603,1179903964.575
2025-03-14,09898.HK,70.557055323253,71.10335771706,68.539938792272,70.220869234756,185420,13051521.385773012
2025-03-17,09888.HK,92.4,94.15,91.55,92.05,7787390,718192042.75
2025-03-17,09898.HK,70.430985540066,70.977287933873,69.002194663955,69.464450535638,183100,12807427.172730701
2025-03-18,09888.HK,98.9,103.6,98.6,103.3,39921336,4036047069.6
2025-03-18,09898.HK,70.725148367501,72.868334681668,70.725148367501,72.742264898481,296852,21294294.281416643
2025-03-19,09888.HK,100.2,100.4,97.5,99.2,20173005,2011248598.5
2025-03-19,09898.HK,72.700241637419,72.700241637419,71.10335771706,71.817753155115,181956,13147958.13023516
2025-03-20,09888.HK,96.8,96.8,93.4,93.8,23304421,2220911321.2999997
2025-03-20,09898.HK,71.10335771706,71.10335771706,67.825543354217,67.951613137403,247320,17195537.695862897
2025-03-21,09898.HK,67.237217699347,68.329822486962,65.89247334536,66.060566389609,1030081,68653757.36606795
2025-03-21,09888.HK,91.95,93.8,91.05,91.45,18957976,1738446399.2
2025-03-24,09898.HK,66.312705955981,68.035659659527,66.312705955981,67.69947357103,310840,20828172.94208805
2025-03-24,09888.HK,92.5,94.3,91.5,93.55,13278795,1235259904.875
2025-03-25,09888.HK,93.0,93.95,91.8,92.1,8336014,771498095.6999999
2025-03-25,09898.HK,67.69947357103,68.161729442713,65.976519867484,66.186636172795,124226,8316067.934518201
2025-03-26,09888.HK,92.4,94.0,92.4,93.35,7041787,654005967.625
2025-03-26,09898.HK,68.035659659527,68.077682920589,65.514263995801,66.060566389609,133060,8921421.919049017
2025-03-27,09898.HK,65.976519867484,65.976519867484,64.715822035622,65.262124429429,92420,6064537.7529603485
2025-03-27,09888.HK,94.75,96.75,94.65,95.1,12086759,1147335598.075
2025-03-28,09898.HK,65.68235704005,65.976519867484,64.211542902877,65.388194212615,100620,6594159.433521575
2025-03-28,09888.HK,95.85,96.1,92.75,93.35,8283141,783585138.5999999
2025-03-31,09898.HK,65.220101168367,65.220101168367,62.446565938269,62.740728765703,184926,11831642.218193913
2025-03-31,09888.HK,91.0,91.15,89.6,89.95,12588557,1138949694.5749998
2025-04-01,09898.HK,65.136054646243,65.136054646243,63.0769148542,63.497147464821,161700,10399994.390679525
2025-04-01,09888.HK,89.85,90.55,88.8,89.0,8077256,722308617.8
2025-04-02,09898.HK,63.034891593138,63.707263770132,62.446565938269,63.413100942697,190640,12053022.648515793
2025-04-02,09888.HK,89.3,90.65,88.85,90.0,6173500,553454275.0
2025-04-03,09898.HK,63.497147464821,63.497147464821,61.690147239151,62.026333327648,163603,10268009.014045153
2025-04-03,09888.HK,86.95,88.5,86.7,87.8,10418109,910282273.875
2025-04-07,09888.HK,77.2,80.0,74.8,75.5,37411109,2856338172.1499996
2025-04-07,09898.HK,55.84891395152,58.160193309935,54.210006770099,54.210006770099,640600,35251872.30713456
2025-04-08,09898.HK,58.286318758815,58.752609308886,56.188011283498,57.353737658674,645640,37330923.0126938
2025-04-08,09888.HK,77.55,79.4,76.4,78.6,27955079,2182592792.9249997
2025-04-09,09888.HK,74.2,78.75,73.25,77.7,22738319,1726975328.05
2025-04-09,09898.HK,56.561043723554,56.561043723554,54.276220028209,55.488575458392,960160,53792781.17686863
2025-04-10,09898.HK,57.073963328632,59.172270803949,56.327898448519,56.607672778561,358200,20360381.026798267
2025-04-10,09888.HK,80.25,82.3,78.65,79.55,15470747,1236112685.3000002
2025-04-11,09898.HK,55.861607898449,57.400366713681,55.022284908322,56.654301833568,179220,10082550.671086045
2025-04-11,09888.HK,78.3,80.9,77.35,79.1,16527426,1300708426.1999998
2025-04-14,09888.HK,83.0,84.9,81.85,82.25,20713059,1711416499.875
2025-04-14,09898.HK,59.405416078984,59.405416078984,55.814978843441,56.141382228491,525420,30355299.383356757
2025-04-15,09888.HK,83.05,83.1,81.5,82.3,7382200,610323385.0
2025-04-15,09898.HK,56.700930888575,56.887447108604,55.348688293371,56.234640338505,185720,10487197.14414665
2025-04-16,09888.HK,80.55,81.3,79.55,80.5,7466754,601260365.85
2025-04-16,09898.HK,56.234640338505,56.46778561354,54.835768688293,55.814978843441,163180,9142128.429054974
2025-04-17,09898.HK,55.814978843441,56.79418899859,54.8823977433,56.561043723554,164561,9246355.324823633
2025-04-17,09888.HK,80.15,82.95,80.15,82.55,8012898,651849252.3
2025-04-22,09898.HK,56.561043723554,57.120592383639,56.234640338505,56.700930888575,136580,7734660.246262289
2025-04-22,09888.HK,82.1,82.8,81.0,81.75,8238126,674908472.55
2025-04-23,09888.HK,83.8,84.8,83.3,84.2,11595285,974003940.0
2025-04-23,09898.HK,58.146431593794,58.472834978843,57.213850493653,57.726770098731,157407,9119626.52940764
2025-04-24,09898.HK,58.146431593794,58.939125528914,58.05317348378,58.799238363893,141791,8290921.744485198
2025-04-24,09888.HK,84.25,85.5,83.9,84.35,6784651,571946079.3
2025-04-25,09888.HK,86.1,89.45,86.05,87.6,15200549,1320167680.6499999
2025-04-25,09898.HK,58.892496473907,59.871706629055,58.612722143865,58.752609308886,151000,8882205.48660087
2025-04-28,09888.HK,87.95,87.95,86.4,86.9,6373611,557212941.6750001
2025-04-28,09898.HK,58.799238363893,59.079012693935,57.913286318759,58.51946403385,69820,4095595.900705208
2025-04-29,09888.HK,86.95,87.15,85.5,86.65,10174368,883135142.4000001
2025-04-29,09898.HK,59.452045133992,59.591932299013,58.939125528914,59.125641748942,55840,3310689.0177715174
2025-04-30,09888.HK,86.65,87.15,85.4,86.45,7504403,649506079.6500001
2025-04-30,09898.HK,59.218899858956,60.477884344147,58.799238363893,60.198110014104,147380,8799839.457545793
2025-05-02,09898.HK,59.591932299013,60.944174894217,59.545303244006,60.524513399154,131080,7872431.851057866
2025-05-02,09888.HK,87.3,88.45,86.15,87.45,6797618,593941872.75
2025-05-06,09898.HK,60.711029619182,62.016643159379,60.711029619182,61.876755994358,117874,7224956.320705207
2025-05-06,09888.HK,87.9,88.25,86.35,87.8,7703330,676737540.5
2025-05-07,09888.HK,89.9,91.15,87.3,87.4,9396851,833030841.1500001
2025-05-07,09898.HK,62.809337094499,63.835176304654,62.529562764457,62.622820874471,156420,9810049.074753145
2025-05-08,09888.HK,84.65,86.05,84.4,85.0,12756539,1082073420.675
2025-05-08,09898.HK,62.576191819464,63.788547249647,62.156530324401,62.436304654443,145220,9077157.368970387
2025-05-09,09888.HK,84.9,85.0,83.55,84.55,9273696,785713893.5999999
2025-05-09,09898.HK,62.436304654443,62.716078984485,61.363836389281,62.109901269394,78101,4863591.614428797
2025-05-12,09888.HK,86.1,89.95,85.9,88.8,13516489,1182016963.05
2025-05-12,09898.HK,63.928434414669,65.000902679831,63.135740479549,64.487983074753,157040,10083257.101269417
2025-05-13,09888.HK,89.0,89.0,86.95,87.3,8256723,727830132.45
2025-05-13,09898.HK,65.187418899859,65.187418899859,62.669449929478,62.669449929478,84120,5377659.902961914
2025-05-14,09898.HK,62.48293370945,65.140789844852,62.48293370945,64.627870239774,110600,7029227.458392086
2025-05-14,09888.HK,89.0,90.95,87.95,90.8,11139751,1001463614.9000001
2025-05-15,09898.HK,64.674499294781,65.047531734838,63.27562764457,63.508772919605,176900,11337810.427362442
2025-05-15,09888.HK,90.8,90.8,89.1,89.5,6717237,605558915.5500001
2025-05-16,09888.HK,87.3,88.6,86.85,88.5,7368249,647669087.1
2025-05-16,09898.HK,63.555401974612,63.555401974612,61.876755994358,61.970014104372,139280,8741589.975740446
2025-05-19,09898.HK,62.016643159379,62.855966149506,61.596981664316,62.762708039492,199900,12471696.152327156
2025-05-19,09888.HK,86.9,87.55,86.35,86.45,9616890,833543940.7500001
2025-05-20,09888.HK,86.45,87.85,86.3,87.8,5922675,516013059.375
2025-05-20,09898.HK,62.855966149506,62.94922425952,61.643610719323,62.576191819464,145200,9106374.668547222
2025-05-21,09888.HK,87.75,87.9,85.4,86.1,13854993,1204345266.5249999
2025-05-21,09898.HK,62.576191819464,64.394724964739,62.576191819464,63.555401974612,187800,11843756.657263735
2025-05-22,09898.HK,65.280677009873,68.49808180536,65.094160789845,66.446403385049,811873,53472829.97073325
2025-05-22,09888.HK,84.3,84.3,81.85,82.65,23798653,1986592559.175
2025-05-23,09898.HK,67.37898448519,69.244146685472,67.37898448519,68.264936530324,356220,24159538.772073198
2025-05-23,09888.HK,82.45,84.45,82.1,83.1,10238219,847468577.725
2025-05-26,09888.HK,83.0,83.2,81.6,81.9,8023949,661574595.0500001
2025-05-26,09898.HK,68.17167842031,70.269985895628,68.17167842031,69.710437235543,216360,14916087.271650178
2025-05-27,09898.HK,69.710437235543,70.643018335684,67.612129760226,68.684598025388,92040,6368939.522708044
2025-05-27,09888.HK,82.0,82.5,81.5,81.85,8216529,673139138.3249999
2025-05-28,09898.HK,69.011001410437,69.337404795487,67.798645980254,68.637968970381,57060,3927125.124964738
2025-05-28,09888.HK,82.55,82.75,81.05,82.6,9016533,744540212.4749999
2025-05-29,09898.HK,68.637968970381,69.523921015515,68.078420310296,69.197517630465,65260,4497571.927785605
2025-05-29,09888.HK,82.45,84.95,82.15,84.8,13646898,1141221845.25
2025-05-30,09888.HK,82.9,82.9,81.2,81.65,22198347,1826368999.4250002
2025-05-30,09898.HK,68.078420310296,68.078420310296,66.353145275035,67.005952045134,139680,9434292.56530323
2025-06-02,09888.HK,80.7,81.65,79.35,81.4,12504152,1013461519.6000001
2025-06-02,09898.HK,69.150888575458,69.150888575458,65.560451339915,67.472242595205,108700,7425467.179125533
2025-06-03,09888.HK,81.55,82.55,81.55,82.1,8704063,712209954.9749999
2025-06-03,09898.HK,69.477291960508,69.477291960508,67.985162200282,68.544710860367,175333,12099905.910296239
2025-06-04,09888.HK,82.1,83.35,81.95,83.05,7212876,595603235.6999999
2025-06-04,09898.HK,68.591339915374,68.824485190409,67.752016925247,68.218307475317,158640,10851741.23102961
2025-06-05,09888.HK,83.7,84.0,83.1,83.95,7817256,655281484.2
2025-06-05,09898.HK,69.29077574048,70.689647390691,69.29077574048,69.990211565585,130280,9072763.513117075
2025-06-06,09898.HK,69.990211565585,70.409873060649,69.197517630465,70.409873060649,519374,36460076.776332825
2025-06-06,09888.HK,83.95,84.2,83.1,83.6,22718445,1903237729.8750002
2025-06-09,09898.HK,70.409873060649,73.021100141044,70.409873060649,71.995260930889,329440,23456973.67108614
2025-06-09,09888.HK,84.0,86.25,84.0,86.05,17915173,1523237584.325
2025-06-10,09898.HK,71.34245416079,73.347503526093,71.34245416079,71.715486600846,118360,8466168.93427362
2025-06-10,09888.HK,86.3,86.8,85.05,85.65,7187868,617976951.3
2025-06-11,09888.HK,85.65,87.3,85.65,86.75,8331244,718153232.8000001
2025-06-11,09898.HK,71.34245416079,72.554809590973,71.01605077574,72.13514809591,197920,14198543.51932303
2025-06-12,09888.HK,85.95,86.6,85.1,85.8,11752747,1009267148.625
2025-06-12,09898.HK,72.13514809591,72.275035260931,71.249196050776,71.80874471086,180160,12966465.864033842
2025-06-13,09888.HK,85.6,87.25,84.9,85.25,12069636,1031048655.3
2025-06-13,09898.HK,71.855373765867,71.855373765867,69.850324400564,70.54976022567,156900,11171682.761636078
2025-06-16,09888.HK,85.25,85.8,84.45,85.4,7741610,660552873.25
2025-06-16,09898.HK,69.943582510578,71.202566995769,69.803695345557,70.829534555712,50820,3577044.9046544293
2025-06-17,09898.HK,70.829534555712,72.13514809591,70.782905500705,71.715486600846,90660,6461565.809026774
2025-06-17,09888.HK,85.3,85.85,84.75,85.25,4474244,381541157.1
2025-06-18,09898.HK,70.409873060649,70.782905500705,69.803695345557,70.456502115656,306600,21594815.314527553
2025-06-18,09888.HK,85.4,85.4,83.25,83.35,5676201,478929459.375
2025-06-19,09898.HK,70.269985895628,70.503131170663,67.845275035261,68.96437235543,139620,9719950.549506357
2025-06-19,09888.HK,82.5,83.55,81.6,82.15,8663355,713210700.375
2025-06-20,09898.HK,69.104259520451,69.850324400564,68.544710860367,69.430662905501,403620,27957732.694781374
2025-06-20,09888.HK,82.15,82.95,82.1,82.9,9964153,822291726.325
2025-06-23,09888.HK,82.05,83.4,81.65,83.2,4671489,385981778.625
2025-06-23,09898.HK,69.663808180536,70.409873060649,68.731227080395,70.223356840621,108151,7564468.392101575
2025-06-24,09888.HK,83.3,84.8,83.3,84.1,7827252,655140992.3999999
2025-06-24,09898.HK,69.896953455571,70.689647390691,69.803695345557,70.036840620592,242200,16945982.46262334
2025-06-25,09888.HK,85.0,86.0,84.65,85.4,5628097,479513864.40000004
2025-06-25,09898.HK,71.389083215797,73.021100141044,71.389083215797,72.368293370945,112980,8120854.203385055
2025-06-26,09888.HK,84.8,86.1,84.75,85.75,5674251,483871754.02500004
2025-06-26,09898.HK,72.368293370945,72.508180535966,71.80874471086,72.13514809591,81480,5887070.205359673
2025-06-27,09888.HK,85.1,85.25,83.6,83.85,9256035,781903556.625
2025-06-27,09898.HK,71.80874471086,71.948631875882,70.782905500705,70.969421720733,88280,6302228.266290514
2025-06-30,09888.HK,84.2,84.9,83.05,83.45,7184231,602218163.575
2025-06-30,09898.HK,71.528970380818,71.902002820874,71.01605077574,71.109308885755,63214,4508368.092778573
2025-07-02,09888.HK,84.45,85.55,83.35,84.0,6900011,581153426.4749999
2025-07-02,09898.HK,71.109308885755,71.109308885755,69.850324400564,70.269985895628,86420,6108999.32750356
2025-07-03,09888.HK,84.3,85.3,83.85,84.65,5686474,480364891.15
2025-07-03,09898.HK,70.269985895628,70.363244005642,69.477291960508,69.663808180536,63392,4435341.537038093
2025-07-04,09888.HK,84.0,87.7,83.4,85.9,8094234,687605178.3000001
2025-07-04,09898.HK,70.036840620592,71.435712270804,69.104259520451,70.036840620592,38040,2664201.4172073198
2025-07-07,09888.HK,85.1,86.45,85.05,85.9,4513634,385915707.0
2025-07-07,09898.HK,69.943582510578,70.176727785614,69.477291960508,69.850324400564,49620,3468286.8304654337
2025-07-08,09888.HK,88.05,89.0,87.6,88.95,8301740,734703990.0
2025-07-08,09898.HK,70.223356840621,72.041889985896,70.176727785614,71.80874471086,69740,4952659.381100142
2025-07-09,09898.HK,71.80874471086,72.041889985896,71.155937940762,71.668857545839,91700,6578448.06346965
2025-07-09,09888.HK,88.65,88.65,87.55,87.95,6044934,533767672.20000005
2025-07-10,09898.HK,71.202566995769,72.787954866008,70.269985895628,72.741325811001,92380,6648768.408744707
2025-07-10,09888.HK,87.25,87.45,86.15,86.9,6080904,529494715.8
2025-07-11,09898.HK,72.741325811001,73.627277856135,71.948631875882,72.275035260931,87960,6377819.55994357
2025-07-11,09888.HK,85.7,88.05,85.7,86.5,10761221,926541128.0999999
2025-07-14,09898.HK,72.041889985896,72.461551480959,71.295825105783,72.321664315938,36300,2620198.5105782873
2025-07-14,09888.HK,85.35,85.4,83.1,84.15,10798771,915195842.25
2025-07-15,09898.HK,72.787954866008,73.580648801128,71.995260930889,73.3941325811,89260,6524106.5627644295
2025-07-15,09888.HK,84.15,87.75,84.05,87.7,11600099,996738506.5750002
2025-07-16,09888.HK,91.7,92.1,87.8,88.55,29340217,2644287057.125
2025-07-16,09898.HK,74.606488011283,76.751424541608,74.606488011283,75.212665726375,175680,13160114.464315878
2025-07-17,09888.HK,84.6,86.3,84.5,85.6,21122736,1797544833.6
2025-07-17,09898.HK,75.072778561354,75.119407616361,73.627277856135,74.419971791255,83820,6265241.167277843
2025-07-18,09888.HK,85.6,86.7,85.4,86.0,8695994,746116285.1999999
2025-07-18,09898.HK,75.166036671368,75.352552891396,74.326713681241,75.072778561354,97900,7354190.005641742
2025-07-21,09888.HK,86.9,87.25,86.05,86.75,6832703,593249437.975
2025-07-21,09898.HK,74.97952045134,75.539069111425,74.606488011283,75.305923836389,84900,6379617.110014095
2025-07-22,09888.HK,87.75,88.1,86.4,87.95,6328973,556000278.05
2025-07-22,09898.HK,75.305923836389,75.725585331453,74.466600846262,75.026149506347,135500,10184997.968970364
2025-07-23,09898.HK,75.539069111425,76.891311706629,75.166036671368,76.005359661495,161312,12222967.447108638
2025-07-23,09888.HK,90.8,93.55,90.35,93.3,29195011,2687400762.5499997
2025-07-24,09898.HK,77.3576022567,78.523328631876,77.3576022567,78.103667136812,186420,14490544.920169253
2025-07-24,09888.HK,91.65,91.65,89.95,90.15,14406199,1309523489.1000001
2025-07-25,09887.HK,72.4,79.6,67.1,67.1,33118341,2310004284.75
2025-07-25,09888.HK,89.4,89.6,88.5,88.6,10840714,964823546.0
2025-07-25,09898.HK,76.331763046544,76.378392101551,75.072778561354,75.44581100141,133212,10109297.097038023
2025-07-28,09888.HK,89.1,89.55,88.6,88.95,5665195,504343984.87500006
2025-07-28,09887.HK,67.1,73.75,63.2,73.3,4932728,346277505.59999996
2025-07-28,09898.HK,75.539069111425,75.678956276446,74.699746121298,74.793004231312,59660,4484405.747813844
2025-07-29,09888.HK,88.05,88.55,86.35,87.25,12056499,1056752137.35
2025-07-29,09887.HK,73.0,78.4,70.8,77.8,3611152,272280860.8
2025-07-29,09898.HK,74.793004231312,75.399181946403,73.673906911142,74.746375176305,94940,7098634.340479579
2025-07-30,09888.HK,85.5,86.85,85.15,85.5,11952111,1021905490.5
2025-07-30,09887.HK,75.85,83.6,73.95,76.65,4677115,356630018.75
2025-07-30,09898.HK,74.746375176305,75.399181946403,73.953681241185,74.373342736248,73430,5474930.443159384
2025-07-31,09887.HK,76.75,79.35,71.05,72.15,2438442,181542006.9
2025-07-31,09898.HK,72.974471086037,73.160987306065,71.575599435825,71.902002820874,205780,14906340.400282074
2025-07-31,09888.HK,85.2,85.75,84.4,84.6,11771258,999379804.2
2025-08-01,09898.HK,71.902002820874,72.321664315938,70.596389280677,70.596389280677,149220,10631805.034696722
2025-08-01,09888.HK,85.45,86.9,85.45,85.5,8842974,755853202.65
2025-08-01,09887.HK,72.25,74.6,67.0,70.0,2092900,148857512.5
2025-08-04,09888.HK,85.0,86.2,84.6,86.1,6392483,546876920.65
2025-08-04,09887.HK,69.7,73.7,69.7,71.5,1656005,116913952.99999999
2025-08-04,09898.HK,70.596389280677,71.902002820874,69.943582510578,71.435712270804,107680,7647008.347531737
2025-08-05,09887.HK,71.5,74.95,71.0,74.95,1795944,131507999.39999999
2025-08-05,09898.HK,72.834583921016,72.834583921016,71.34245416079,71.762115655853,63392,4583136.98978844
2025-08-05,09888.HK,86.0,86.25,85.3,86.0,6218451,534786786.0
2025-08-06,09887.HK,75.0,75.5,71.25,71.95,1267050,93096498.75
2025-08-06,09898.HK,72.368293370945,72.414922425952,71.435712270804,71.528970380818,54700,3935590.1636107173
2025-08-06,09888.HK,85.0,85.5,84.35,85.3,11562906,984581445.9000001
2025-08-07,09898.HK,72.368293370945,72.92784203103,71.575599435825,72.648067700987,76100,5517872.538787013
2025-08-07,09887.HK,71.95,72.5,69.7,70.75,816104,58229020.4
2025-08-07,09888.HK,85.9,86.9,85.3,86.7,8937496,771305904.8000001
2025-08-08,09887.HK,70.5,71.1,68.1,68.75,707903,49287746.375
2025-08-08,09898.HK,72.648067700987,72.648067700987,71.482341325811,71.855373765867,74407,5376033.784612102
2025-08-08,09888.HK,85.65,85.9,85.3,85.65,4676356,400529891.40000004
2025-08-11,09898.HK,71.995260930889,72.881212976023,71.995260930889,72.275035260931,79000,5698676.699576891
2025-08-11,09888.HK,86.0,86.45,85.45,85.8,4311007,370315501.3
2025-08-11,09887.HK,68.8,69.1,64.0,66.5,1305305,88303883.25
2025-08-12,09898.HK,72.508180535966,72.508180535966,71.715486600846,72.13514809591,48060,3475779.18702398
2025-08-12,09888.HK,84.2,85.4,84.2,84.65,6335615,534884296.37500006
2025-08-12,09887.HK,66.0,70.0,66.0,68.35,1012800,68034840.0
2025-08-13,09888.HK,86.0,88.15,86.0,88.15,11228426,977715193.95
2025-08-13,09887.HK,68.35,70.5,67.3,68.6,739702,50651094.449999996
2025-08-13,09898.HK,73.673906911142,76.425021156559,73.673906911142,76.005359661495,250440,18742837.760225605
2025-08-14,09888.HK,88.65,89.45,87.8,87.95,7638871,674512309.3000001
2025-08-14,09898.HK,76.098617771509,77.870521861777,76.098617771509,76.704795486601,125040,9553269.396897037
2025-08-14,09887.HK,68.7,69.7,65.35,65.9,1283400,86372820.00000001
2025-08-15,09887.HK,65.9,69.45,65.65,69.35,1352800,91483100.0
2025-08-15,09898.HK,81.134555712271,85.331170662905,81.134555712271,84.30533145275,809401,66953605.05562758
2025-08-15,09888.HK,86.8,87.35,86.15,87.05,4508044,391861724.7
2025-08-18,09887.HK,69.35,75.75,69.35,75.1,2108382,152277889.95
2025-08-18,09898.HK,84.864880112835,86.869929478138,84.30533145275,86.450267983075,597025,51139713.14598033
2025-08-18,09888.HK,88.4,89.7,87.8,87.9,9008161,794069392.1500001
2025-08-19,09887.HK,75.3,78.9,72.7,73.45,1476163,109789623.125
2025-08-19,09888.HK,88.0,88.35,87.1,87.9,4389636,386068486.2
2025-08-19,09898.HK,86.590155148096,88.175543018336,85.797461212976,86.450267983075,226760,19619323.17461217
2025-08-20,09887.HK,73.45,73.3,69.0,70.3,1051200,75555000.0
2025-08-20,09888.HK,87.5,87.85,86.8,87.25,5985250,522961218.75
2025-08-20,09898.HK,83.885669957687,83.885669957687,80.808152327221,82.999717912553,420446,35083146.89424546
2025-08-21,09898.HK,82.999717912553,83.232863187588,82.067136812412,82.906459802539,180924,15008204.648462651
2025-08-21,09887.HK,70.3,72.65,70.0,70.0,632176,44347146.400000006
2025-08-21,09888.HK,85.7,85.7,84.6,85.0,11357026,969322169.0999999
2025-08-22,09888.HK,85.0,85.75,84.55,85.65,9702525,827867945.625
2025-08-22,09898.HK,82.906459802539,83.83904090268,82.626685472496,83.83904090268,177580,14805333.007616395
2025-08-22,09887.HK,70.0,70.0,67.05,67.35,907600,62329430.0
2025-08-25,09898.HK,84.818251057828,85.610944992948,84.398589562764,85.42442877292,146765,12492833.452679865
2025-08-25,09887.HK,67.55,68.8,67.1,68.0,367200,24886980.000000004
2025-08-25,09888.HK,88.0,91.55,87.8,91.0,23241007,2080070126.5
2025-08-26,09887.HK,68.0,68.6,65.5,66.0,718900,48166300.0
2025-08-26,09898.HK,85.564315937941,85.564315937941,83.932299012694,83.932299012694,88120,7468020.854724978
2025-08-26,09888.HK,90.55,90.8,89.0,89.35,11748956,1056818592.1999998
2025-08-27,09887.HK,66.1,67.1,64.0,65.45,938300,61716682.50000001
2025-08-27,09888.HK,89.35,90.0,87.0,87.7,11582681,1025356835.5250001
2025-08-27,09898.HK,83.932299012694,85.42442877292,81.414330042313,81.647475317348,199125,16485536.281734807
2025-08-28,09887.HK,65.45,65.45,57.45,59.4,2118224,132230133.19999999
2025-08-28,09888.HK,87.55,87.55,85.9,86.6,11359934,989166253.0499998
2025-08-28,09898.HK,81.647475317348,82.113765867419,80.6682651622,81.600846262341,76620,6254043.199717885
2025-08-29,09887.HK,59.5,66.8,59.5,66.1,1220220,76629816.0
2025-08-29,09888.HK,87.8,90.45,87.7,89.4,12376800,1096584480.0
2025-08-29,09898.HK,81.694104372355,82.580056417489,81.554217207334,82.300282087447,190320,15605705.815514758
2025-09-01,09887.HK,66.05,69.05,63.6,66.8,807799,53658048.574999996
2025-09-01,09898.HK,82.813201692525,83.792411847673,82.440169252468,83.139605077574,81764,6784482.646375188
2025-09-01,09888.HK,93.8,94.6,92.35,92.85,18998439,1773029319.6749997
2025-09-02,09898.HK,83.83904090268,84.771622002821,82.346911142454,83.04634696756,90440,7546557.239492252
2025-09-02,09888.HK,92.85,93.3,90.8,91.45,10795350,994791502.5000001
2025-09-02,09887.HK,66.8,67.45,63.1,63.5,424900,27682235.000000004
2025-09-03,09887.HK,63.4,63.85,61.45,61.95,855200,53599660.0
2025-09-03,09898.HK,83.092976022567,83.092976022567,81.554217207334,82.113765867419,121930,10071829.019322997
2025-09-03,09888.HK,93.55,94.8,93.2,94.0,15238617,1429001309.1750002
2025-09-04,09888.HK,95.0,97.1,94.3,96.0,26003609,2483344659.5
2025-09-04,09887.HK,61.95,63.0,60.05,60.5,489901,29994188.725
2025-09-04,09898.HK,84.864880112835,85.564315937941,83.652524682652,84.30533145275,168820,14279657.558251029
2025-09-05,09888.HK,96.45,97.8,95.5,97.0,23904934,2312204741.15
2025-09-05,09898.HK,84.30533145275,84.724992947814,83.699153737659,84.6317348378,271920,22968683.532863174
2025-09-05,09887.HK,60.55,66.0,60.4,65.8,999248,63127492.4
2025-09-08,09898.HK,84.911509167842,87.149703808181,84.724992947814,86.823300423131,206500,17731619.09026796
2025-09-08,09888.HK,99.7,109.4,98.5,106.2,59243852,6099154563.400001
2025-09-08,09887.HK,65.8,66.55,63.4,65.55,412500,27090937.5
2025-09-09,09888.HK,106.1,108.0,104.9,106.1,17755071,1883813033.1
2025-09-09,09898.HK,86.730042313117,86.730042313117,84.351960507757,85.144654442877,134260,11537948.393229878
2025-09-09,09887.HK,65.4,65.75,63.25,63.6,251700,16234650.0
2025-09-10,09898.HK,89.06149506347,90.833399153738,89.014866008463,90.273850493653,226420,20302554.470521893
2025-09-10,09887.HK,63.4,66.0,62.5,62.6,253100,15945300.0
2025-09-10,09888.HK,106.0,113.0,105.5,109.1,34198599,3678059322.45
2025-09-11,09887.HK,60.05,63.0,58.6,62.0,638700,38976667.5
2025-09-11,09898.HK,90.273850493653,90.273850493653,88.26880112835,89.341269393512,111783,10038958.473173482
2025-09-11,09888.HK,105.3,107.7,104.0,106.5,19309454,2044871178.6000001
2025-09-12,09887.HK,62.3,66.05,61.0,65.75,843520,54006368.00000001
2025-09-12,09898.HK,88.874978843441,90.460366713681,87.662623413258,89.014866008463,303360,26982331.6671368
2025-09-12,09888.HK,110.5,119.7,110.4,115.1,48895090,5515366152.0
2025-09-15,09887.HK,65.75,65.8,62.95,64.65,501500,32697800.0
2025-09-15,09898.HK,89.06149506347,90.880028208745,89.014866008463,90.413737658674,180843,16228419.755585345
2025-09-15,09888.HK,113.8,114.7,111.4,112.3,29010044,3279585474.2
2025-09-16,09888.HK,112.4,114.4,111.7,113.2,20445842,2306290977.6000004
2025-09-16,09887.HK,64.7,73.65,64.7,69.75,2823591,189815904.975
2025-09-16,09898.HK,91.486205923836,93.258110014104,91.346318758815,92.325528913963,222805,20477086.790267903
2025-09-17,09898.HK,92.418787023977,94.470465444288,91.859238363893,94.097433004231,298540,27841276.16361061
2025-09-17,09887.HK,69.85,72.2,66.05,66.9,1515100,103594962.5
2025-09-17,09888.HK,121.0,135.4,120.2,131.0,68712957,8657832582.0
2025-09-18,09888.HK,135.0,138.4,130.2,132.8,52096697,6975747728.3
2025-09-18,09887.HK,66.9,69.0,65.2,66.9,629700,42126930.0
2025-09-18,09898.HK,94.004174894217,94.470465444288,92.092383638928,92.838448519041,495860,46323891.622849055
2025-09-19,09888.HK,132.3,135.7,130.4,131.5,39938270,5267857813.0
2025-09-19,09887.HK,67.6,67.9,63.65,63.8,524900,34485929.99999999
2025-09-19,09898.HK,92.69856135402,92.69856135402,90.646882933709,91.019915373766,440801,40491644.1300424
2025-09-22,09887.HK,63.85,67.45,63.0,67.1,581216,38055117.599999994
2025-09-22,09898.HK,91.019915373766,91.019915373766,89.994076163611,90.926657263752,147536,13421834.770324428
2025-09-22,09888.HK,131.0,137.7,129.5,135.7,31386000,4185323100.0
2025-09-23,09888.HK,133.0,133.0,125.0,128.4,37353682,4882126237.4
2025-09-23,09887.HK,66.8,67.8,61.8,61.9,1361983,87643606.05
2025-09-23,09898.HK,90.600253878702,90.600253878702,88.128913963329,89.52778561354,215614,19419063.553540133
2025-09-24,09898.HK,88.874978843441,89.85418899859,88.315430183357,89.85418899859,204093,18238686.02619182
2025-09-24,09888.HK,122.0,130.2,121.3,128.6,30897263,3871427053.9
2025-09-24,09887.HK,61.9,63.75,61.0,62.8,699107,43589321.449999996
2025-09-25,09887.HK,62.4,64.2,62.2,64.1,260907,16502367.75
2025-09-25,09888.HK,129.8,135.9,128.9,131.6,29303977,3830029793.8999996
2025-09-25,09898.HK,90.227221438646,92.69856135402,90.227221438646,92.325528913963,234500,21404309.978843406
2025-09-26,09888.HK,131.8,133.6,128.3,129.1,19436781,2535528081.45
2025-09-26,09887.HK,62.05,64.5,62.05,62.9,306031,19119286.724999998
2025-09-26,09898.HK,90.740141043724,90.740141043724,89.108124118477,89.947447108604,367700,33219413.081805497
2025-09-29,09898.HK,90.273850493653,92.278899858956,90.040705218618,92.185641748942,301700,27524014.404795453
2025-09-29,09887.HK,62.3,66.9,62.3,66.05,647112,41528412.6
2025-09-29,09888.HK,128.6,131.9,127.1,131.5,20717866,2694358473.3
2025-09-30,09888.HK,131.3,133.4,128.9,133.2,21949003,2902755646.75
2025-09-30,09887.HK,66.05,70.0,65.0,69.95,1253627,85246636.0
2025-09-30,09898.HK,92.139012693935,93.910916784203,91.812609308886,93.724400564175,347220,32267747.175740477
2025-10-02,09887.HK,69.95,72.85,69.0,72.0,885292,62833599.699999996
2025-10-02,09898.HK,93.817658674189,95.496304654443,93.258110014104,94.656981664316,395940,37312324.54781384
2025-10-02,09888.HK,134.3,141.4,134.0,139.2,32306198,4417872576.5
2025-10-03,09887.HK,72.0,74.5,71.35,72.65,657832,47577699.4
2025-10-03,09898.HK,94.377207334274,94.377207334274,92.512045133992,93.910916784203,170369,16039229.708970405
2025-10-03,09888.HK,137.3,138.5,134.7,138.2,15852667,2183704879.25
2025-10-06,09887.HK,72.65,75.8,72.2,75.3,683395,50554145.12499999
2025-10-06,09898.HK,93.910916784203,93.910916784203,91.952496473907,92.931706629055,180880,16898046.86149505
2025-10-06,09888.HK,136.3,140.9,136.3,139.2,11592776,1596904894.0
2025-10-08,09888.HK,136.8,136.8,131.6,135.0,18307703,2488016837.7000003
2025-10-08,09898.HK,92.885077574048,92.885077574048,91.719351198872,92.838448519041,387840,36015506.179971814
2025-10-08,09887.HK,75.3,80.0,75.0,79.0,1386283,106951733.45
2025-10-09,09898.HK,92.838448519041,96.149111424542,92.092383638928,92.978335684062,393974,36603490.86981665
2025-10-09,09887.HK,79.0,79.25,72.25,72.9,774806,58846515.7
2025-10-09,09888.HK,135.3,135.8,132.4,133.5,11353574,1525920345.6000001
2025-10-10,09888.HK,130.5,130.5,125.5,125.9,23423109,3002842573.7999997
2025-10-10,09898.HK,92.978335684062,92.978335684062,87.755881523272,88.175543018336,507020,45924319.789844915
2025-10-10,09887.HK,72.05,72.7,69.4,69.9,741603,52635272.925
2025-10-13,09887.HK,67.5,70.7,67.15,70.4,533059,36754418.050000004
2025-10-13,09898.HK,85.004767277856,86.450267983075,84.212073342736,85.89071932299,449382,38398677.77983069
2025-10-13,09888.HK,123.0,125.2,118.5,123.2,32886472,4048324703.2
2025-10-14,09898.HK,85.937348377997,87.755881523272,81.880620592384,82.533427362482,307140,25872057.030465357
2025-10-14,09888.HK,123.0,124.3,115.5,116.6,28631153,3430012129.4
2025-10-14,09887.HK,71.05,73.9,66.25,67.65,671338,46557290.3
2025-10-15,09898.HK,82.533427362482,84.445218617772,82.486798307475,84.445218617772,603020,50345731.54950638
2025-10-15,09888.HK,116.6,120.3,116.0,119.8,18476424,2183913316.7999997
2025-10-15,09887.HK,68.0,69.45,66.05,67.0,504053,34023577.5
2025-10-16,09898.HK,84.585105782793,84.585105782793,82.533427362482,83.279492242595,105740,8875001.297602262
2025-10-16,09888.HK,118.1,119.7,116.3,117.8,10520843,1240933431.85
2025-10-16,09887.HK,67.05,69.7,66.0,66.25,466046,31061965.900000002
2025-10-17,09898.HK,82.719943582511,82.813201692525,79.782313117066,80.108716502116,266806,21721831.741269495
2025-10-17,09888.HK,117.8,117.9,112.1,112.9,21595464,2491036772.4
2025-10-17,09887.HK,70.0,70.0,63.9,65.0,1126318,76026465.0
2025-10-20,09898.HK,82.346911142454,82.440169252468,81.321071932299,81.647475317348,101420,8316155.337376559
2025-10-20,09888.HK,118.7,119.0,115.7,117.1,13686923,1613688221.7
2025-10-20,09887.HK,66.75,67.05,64.6,65.0,320364,21103978.5
2025-10-21,09898.HK,82.813201692525,84.771622002821,82.813201692525,83.466008462623,160200,13318964.733427355
2025-10-21,09887.HK,65.4,66.15,64.75,65.35,267963,17518081.125
2025-10-21,09888.HK,119.2,119.9,117.0,117.5,10838796,1282771506.6
2025-10-22,09898.HK,83.466008462623,83.466008462623,80.015458392102,80.248603667137,249042,20385907.217009842
2025-10-22,09888.HK,115.7,116.0,113.3,115.1,8841408,1020298483.2
2025-10-22,09887.HK,65.4,66.8,63.8,64.35,486480,31560390.0
2025-10-23,09898.HK,80.808152327221,82.207023977433,80.295232722144,81.367700987306,147824,11986741.67018332
2025-10-23,09887.HK,64.05,64.85,60.55,62.7,658422,41727494.25
2025-10-23,09888.HK,113.4,117.3,113.3,116.5,9021329,1037001768.5500001
2025-10-24,09898.HK,82.346911142454,83.419379407616,82.346911142454,83.419379407616,77240,6401894.141043704
2025-10-24,09887.HK,62.7,63.55,58.8,59.2,804714,49047318.300000004
2025-10-24,09888.HK,117.6,118.6,116.6,117.8,8257878,971952240.5999999
2025-10-27,09887.HK,59.2,61.0,59.05,59.6,568999,33798540.6
2025-10-27,09898.HK,83.419379407616,84.864880112835,82.859830747532,82.859830747532,148700,12362859.275035255
2025-10-27,09888.HK,121.4,125.5,120.4,125.1,20028133,2468467392.25
2025-10-28,09887.HK,60.0,60.95,58.6,59.0,754501,44892809.5
2025-10-28,09898.HK,82.953088857546,84.258702397743,82.533427362482,82.673314527504,122576,10150911.010662947
2025-10-28,09888.HK,125.5,126.3,123.2,123.9,12571647,1567684380.9
2025-10-30,09887.HK,59.0,59.0,51.6,57.0,1889019,109563102.0
2025-10-30,09888.HK,123.9,124.9,119.2,120.6,23079802,2821505794.5
2025-10-30,09898.HK,81.694104372355,82.533427362482,80.20197461213,80.901410437236,137178,11152263.765275037
2025-10-31,09898.HK,80.761523272214,80.761523272214,78.989619181946,79.036248236953,207160,16551853.17291952
2025-10-31,09887.HK,57.0,57.5,52.1,53.7,825525,45692808.75
2025-10-31,09888.HK,119.3,119.8,117.6,117.6,8843723,1047538989.3499999
2025-11-03,09888.HK,117.6,119.8,116.3,118.5,9295998,1097392563.8999999
2025-11-03,09887.HK,54.7,56.65,52.45,55.4,417905,23005670.25
2025-11-03,09898.HK,79.269393511989,80.062087447109,78.476699576869,79.735684062059,168020,13358016.566995772
2025-11-04,09888.HK,119.5,127.0,118.9,121.9,25393211,3064960567.7000003
2025-11-04,09887.HK,55.4,57.6,53.85,55.95,570508,31763032.9
2025-11-04,09898.HK,79.782313117066,79.968829337094,78.057038081805,78.61658674189,104831,8302557.535557107
2025-11-05,09898.HK,77.963779971791,78.290183356841,76.285133991537,78.243554301834,134198,10481355.922425965
2025-11-05,09887.HK,55.95,58.25,53.2,56.3,565600,31744300.0
2025-11-05,09888.HK,120.0,123.2,117.6,121.6,13778261,1664413928.8
2025-11-06,09898.HK,78.290183356841,79.642425952045,78.057038081805,79.129506346968,113540,8936715.784485238
2025-11-06,09887.HK,57.0,60.0,57.0,60.0,637760,37308960.0
2025-11-06,09888.HK,121.0,124.4,120.2,123.9,13894663,1701401484.3500001
2025-11-07,09898.HK,79.129506346968,79.129506346968,76.518279266573,76.751424541608,94120,7335756.607616387
2025-11-07,09887.HK,59.5,60.05,56.95,58.45,497267,29326321.325
2025-11-07,09888.HK,125.0,125.8,123.2,124.4,8121268,1012722119.6
2025-11-10,09898.HK,76.471650211566,77.870521861777,76.471650211566,77.684005641749,141460,10903429.538504971
2025-11-10,09888.HK,123.6,125.9,123.4,125.8,9714224,1211363732.8
2025-11-10,09887.HK,60.1,62.0,58.05,59.75,648988,38890605.9
2025-11-11,09898.HK,78.010409026798,79.176135401975,78.010409026798,78.803102961918,124116,9731532.92699574
2025-11-11,09888.HK,130.4,132.0,127.9,128.7,14008741,1814832396.5500002
2025-11-11,09887.HK,60.0,60.2,58.5,59.35,303606,18117688.05
2025-11-12,09898.HK,78.803102961918,78.942990126939,77.870521861777,78.290183356841,84904,6668924.190803957
2025-11-12,09888.HK,128.4,128.4,124.3,126.3,8046245,1024689300.75
2025-11-12,09887.HK,59.2,59.75,57.4,57.4,365422,21304102.599999998
2025-11-13,09887.HK,58.3,60.4,57.75,59.5,451213,26576445.7
2025-11-13,09898.HK,78.290183356841,80.435119887165,76.751424541608,77.450860366714,120560,9388070.115655893
2025-11-13,09888.HK,125.3,130.7,125.0,126.2,14638924,1840844693.0
2025-11-14,09887.HK,59.0,60.9,57.2,59.0,537319,31701821.0
2025-11-14,09888.HK,117.0,118.2,113.9,117.1,27880815,3263449395.75
2025-11-14,09898.HK,76.425021156559,76.471650211566,75.44581100141,75.678956276446,160820,12230680.825387932
2025-11-17,09887.HK,58.85,59.1,57.75,58.0,388920,22722651.0
2025-11-17,09888.HK,114.2,115.5,113.3,113.6,18001313,2050349550.7
2025-11-17,09898.HK,75.678956276446,75.678956276446,74.280084626234,74.793004231312,194400,14625874.561354078
2025-11-18,09898.HK,73.953681241185,75.212665726375,73.767165021157,74.699746121298,135740,10089108.11509172
2025-11-18,09887.HK,57.75,58.3,53.8,54.6,711932,39992780.1
2025-11-18,09888.HK,111.5,114.4,110.2,111.4,16832333,1875963512.8500001
2025-11-19,09887.HK,54.6,55.15,51.85,53.35,531681,28697481.975
2025-11-19,09898.HK,74.606488011283,75.399181946403,72.508180535966,72.787954866008,374700,27614348.87306047
2025-11-19,09888.HK,113.9,115.7,109.6,111.2,18988394,2137143744.7000003
2025-11-20,09898.HK,72.787954866008,73.021100141044,71.482341325811,72.321664315938,206421,14976836.350578235
2025-11-20,09887.HK,53.7,54.75,52.15,53.1,320994,17141079.6
2025-11-20,09888.HK,114.8,115.5,112.2,113.9,13416876,1534219770.6
2025-11-21,09887.HK,52.65,52.95,48.82,51.0,1023441,53039829.825
2025-11-21,09898.HK,70.876163610719,70.876163610719,69.710437235543,70.269985895628,263728,18612095.85850494
2025-11-21,09888.HK,108.5,108.9,105.3,107.3,22834313,2463822372.7000003
2025-11-24,09887.HK,50.9,53.5,49.56,50.75,1071004,54433778.300000004
2025-11-24,09898.HK,70.876163610719,71.389083215797,70.130098730606,70.596389280677,389280,27536217.694781315
2025-11-24,09888.HK,109.5,112.2,108.8,111.8,19613847,2170272170.55
2025-11-25,09898.HK,72.041889985896,74.093568406206,72.041889985896,73.487390691114,266490,19391049.003808197
2025-11-25,09887.HK,51.8,52.0,48.7,50.05,634366,32305088.549999997
2025-11-25,09888.HK,116.1,117.1,115.1,116.9,17189402,2002565333.0
2025-11-26,09887.HK,50.05,52.75,49.52,51.65,349412,17767600.2
2025-11-26,09898.HK,73.440761636107,73.767165021157,72.974471086037,73.347503526093,126440,9279954.123554284
2025-11-26,09888.HK,115.8,116.1,114.0,114.5,7950954,915552353.1
2025-11-27,09898.HK,73.3941325811,73.3941325811,72.088519040903,72.694696755994,109140,7972067.41692522
2025-11-27,09888.HK,113.0,114.8,112.2,112.7,7797168,879910408.8
2025-11-27,09887.HK,51.6,52.0,50.55,51.6,219691,11336055.6
2025-11-28,09888.HK,113.4,114.0,112.4,113.8,6457564,733579270.4
2025-11-28,09898.HK,72.694696755994,72.694696755994,71.762115655853,72.181777150917,122320,8860645.144146677
2025-11-28,09887.HK,51.55,53.0,51.15,53.0,355643,18591237.825
2025-12-01,09888.HK,113.7,115.7,113.0,115.6,7220207,827796732.5500001
2025-12-01,09898.HK,72.181777150917,74.280084626234,72.181777150917,74.280084626234,290080,21242828.432157982
2025-12-01,09887.HK,53.8,54.45,51.65,52.5,469365,24946749.75
2025-12-02,09887.HK,52.45,52.7,50.35,52.6,453544,23822398.6
2025-12-02,09898.HK,74.513229901269,75.352552891396,74.419971791255,75.259294781382,174960,13102100.459238311
2025-12-02,09888.HK,116.4,117.4,115.4,115.7,7848041,910765158.0500001
2025-12-03,09887.HK,53.4,53.4,49.66,53.0,859736,45737955.2
2025-12-03,09888.HK,115.7,116.0,114.2,114.6,8488542,977455611.3000001
2025-12-03,09898.HK,75.259294781382,75.865472496474,74.839633286319,75.119407616361,365043,27447346.329689644
2025-12-04,09887.HK,53.0,53.0,50.85,52.5,828002,43677105.5
2025-12-04,09888.HK,114.6,116.3,112.8,115.8,9132391,1052051443.1999999
2025-12-04,09898.HK,74.839633286319,76.051988716502,74.839633286319,75.44581100141,138165,10382094.205007037
2025-12-05,09888.HK,115.8,124.8,115.1,121.6,30619777,3634567529.8999996
2025-12-05,09887.HK,52.5,52.5,51.4,51.7,386231,20122635.1
2025-12-05,09898.HK,75.678956276446,76.56490832158,74.932891396333,75.77221438646,694863,52618907.40016943
2025-12-08,09898.HK,75.77221438646,76.984569816643,75.77221438646,76.191875881523,173840,13208718.726093084
2025-12-08,09887.HK,52.75,53.3,50.3,52.35,697080,36631554.0
2025-12-08,09888.HK,125.6,128.0,124.4,125.8,24094829,3028720005.2999997
2025-12-09,09887.HK,52.05,54.2,51.6,53.75,1113200,58888280.0
2025-12-09,09888.HK,125.8,125.8,120.7,121.4,14041324,1735507646.3999999
2025-12-09,09898.HK,76.191875881523,76.191875881523,73.673906911142,74.093568406206,218940,16451747.586177694
2025-12-10,09887.HK,53.7,55.0,53.05,53.55,420006,22522821.75
2025-12-10,09888.HK,122.5,123.6,121.2,123.6,12112498,1490442878.8999999
2025-12-10,09898.HK,74.140197461213,74.140197461213,72.834583921016,73.021100141044,193190,14215045.541890016
2025-12-11,09887.HK,53.55,54.8,52.05,53.0,409205,21800396.375
2025-12-11,09888.HK,123.6,124.0,122.4,123.8,11554484,1429289670.8
2025-12-11,09898.HK,73.860423131171,75.212665726375,73.440761636107,73.580648801128,26580,1959491.8459802538
2025-12-12,09898.HK,74.280084626234,74.559858956276,73.813794076164,74.419971791255,53880,4005979.519887154
2025-12-12,09887.HK,54.8,54.8,51.3,53.25,330194,17838730.849999998
2025-12-12,09888.HK,125.0,126.4,124.3,126.0,20097902,2522286701.0
2025-12-15,09898.HK,74.419971791255,74.97952045134,74.000310296192,74.000310296192,140500,10426524.81664315
2025-12-15,09887.HK,54.4,54.4,51.55,52.0,266343,14169447.600000001
2025-12-15,09888.HK,122.1,122.8,118.2,118.7,17828014,2146492885.6000001
2025-12-16,09898.HK,74.140197461213,74.140197461213,71.715486600846,72.554809590973,92900,6813983.077574039
2025-12-16,09887.HK,51.9,52.0,49.06,51.55,541008,27983638.799999997
2025-12-16,09888.HK,116.9,118.0,115.5,116.6,12483711,1457473259.25
2025-12-17,09898.HK,72.787954866008,73.813794076164,72.741325811001,73.487390691114,98301,7189506.371805324
2025-12-17,09887.HK,51.45,51.45,50.05,51.05,431235,22100793.75
2025-12-17,09888.HK,116.0,119.2,115.1,118.6,10105349,1185357437.7
2025-12-18,09887.HK,50.55,51.25,50.05,50.55,426723,21570847.65
2025-12-18,09888.HK,116.9,118.1,115.8,117.6,6504553,762658839.25
2025-12-18,09898.HK,73.487390691114,73.487390691114,72.694696755994,73.067729196051,101920,7468448.909449928
2025-12-19,09898.HK,73.534019746121,74.653117066291,73.254245416079,74.140197461213,203140,14999270.241748916
2025-12-19,09888.HK,118.0,120.3,117.4,118.8,14232753,1685157955.2
2025-12-19,09887.HK,51.4,51.4,49.62,50.2,559760,28435808.0
2025-12-22,09898.HK,74.140197461213,74.793004231312,73.813794076164,74.233455571227,63357,4700254.767588151
2025-12-22,09888.HK,119.8,121.3,119.2,120.3,7306929,877196826.4499999
2025-12-22,09887.HK,50.2,50.65,49.5,49.5,283941,14154458.85
2025-12-23,09888.HK,121.0,122.0,119.5,119.8,4589165,552535466.0
2025-12-23,09887.HK,49.54,51.1,48.2,51.1,548411,27596041.52
2025-12-23,09898.HK,74.140197461213,75.072778561354,73.673906911142,73.767165021157,177520,13128257.49393516
2025-12-24,09887.HK,51.1,51.1,49.54,51.1,129906,6638196.600000001
2025-12-24,09898.HK,73.673906911142,74.000310296192,73.300874471086,73.3941325811,34200,2514863.4753173385
2025-12-24,09888.HK,119.7,121.8,119.4,119.5,3300034,394684066.4
2025-12-29,09888.HK,121.0,122.6,118.9,119.1,6538567,784954968.35
2025-12-29,09887.HK,51.1,51.1,48.4,48.4,297922,14821619.5
2025-12-29,09898.HK,73.347503526093,74.093568406206,72.787954866008,72.881212976023,57420,4198226.450775751
2025-12-30,09888.HK,122.8,129.7,122.0,129.7,24529796,3096886745.0
2025-12-30,09898.HK,73.114358251058,74.326713681241,73.114358251058,73.907052186178,86740,6376318.570662925
2025-12-30,09887.HK,48.4,51.0,44.72,51.0,2245818,111617154.60000001
2025-12-31,09888.HK,128.7,132.3,128.5,131.5,8860480,1152748448.0
2025-12-31,09898.HK,73.907052186178,74.233455571227,73.067729196051,73.720535966149,74740,5516842.969252461
2025-12-31,09887.HK,50.0,51.05,49.0,51.0,666000,33633000.0
2026-01-02,09888.HK,132.1,144.1,132.0,143.8,33863569,4671479343.549999
2026-01-02,09887.HK,50.05,51.0,49.8,50.5,129110,6491005.25
2026-01-02,09898.HK,73.953681241185,79.269393511989,73.953681241185,76.611537376587,115484,8693936.85342739
2026-01-05,09888.HK,145.0,145.4,141.7,143.4,15612486,2251320481.2
2026-01-05,09898.HK,76.658166431594,77.917150916784,76.658166431594,76.891311706629,106981,8213438.360352617
2026-01-05,09887.HK,50.5,54.5,50.35,53.8,654117,34112201.55
2026-01-06,09898.HK,77.497489421721,78.896361071932,77.497489421721,78.663215796897,142900,11157682.387870256
2026-01-06,09887.HK,54.0,55.0,52.9,54.7,289064,15710628.4
2026-01-06,09888.HK,145.9,147.5,144.2,145.9,13689020,1997228018.0
2026-01-07,09888.HK,143.4,146.9,142.0,145.1,13277625,1915297406.25
2026-01-07,09898.HK,78.663215796897,78.663215796897,76.844682651622,77.590747531735,133300,10414326.655853324
2026-01-07,09887.HK,54.05,57.05,54.05,56.0,511856,28164876.4
2026-01-08,09888.HK,143.2,144.1,138.9,140.3,16542018,2344831051.5
2026-01-08,09898.HK,77.590747531735,77.590747531735,76.285133991537,76.798053596615,140000,10807216.078984499
2026-01-08,09887.HK,55.95,56.55,55.4,56.3,200834,11271808.25
2026-01-09,09888.HK,136.8,138.3,135.4,137.4,14762688,2023964524.8000004
2026-01-09,09887.HK,56.25,56.4,54.6,56.0,364323,20447628.375
2026-01-09,09898.HK,77.777263751763,78.663215796897,77.777263751763,78.243554301834,131780,10280211.701551506
2026-01-12,09898.HK,78.243554301834,79.735684062059,76.798053596615,79.549167842031,189272,14932872.052806806
2026-01-12,09887.HK,56.95,56.95,54.0,54.1,399209,22166079.725
2026-01-12,09888.HK,140.6,144.9,139.0,144.7,18584528,2651082919.2
2026-01-13,09898.HK,80.6682651622,82.533427362482,79.87557122708,80.528377997179,200602,16168184.505528873
2026-01-13,09887.HK,54.1,55.45,53.0,54.3,637724,34564640.800000004
2026-01-13,09888.HK,147.5,148.0,141.8,142.4,14873790,2155955860.5
2026-01-14,09888.HK,144.7,145.5,142.3,145.1,17905931,2594569401.8999996
2026-01-14,09898.HK,80.575007052186,81.227813822285,79.968829337094,80.621636107193,104220,8399957.075035239
2026-01-14,09887.HK,54.9,54.9,53.0,54.0,495601,26985474.450000003
2026-01-15,09888.HK,146.4,147.7,144.7,146.2,14876824,2176479351.2000003
2026-01-15,09898.HK,80.6682651622,81.181184767278,80.062087447109,80.481748942172,199780,16097274.908885721
2026-01-15,09887.HK,54.7,56.5,54.25,55.7,378200,20876640.0
2026-01-16,09888.HK,145.5,146.9,144.2,145.6,8314631,1210194542.0500002
2026-01-16,09898.HK,80.481748942172,80.761523272214,79.595796897038,80.062087447109,83620,6712337.799435839
2026-01-16,09887.HK,55.05,57.15,55.0,56.5,260900,14551697.5
2026-01-19,09888.HK,145.6,150.3,144.1,147.4,10419483,1526454259.5
2026-01-19,09898.HK,79.269393511989,79.269393511989,77.684005641749,77.684005641749,109400,8585350.933709469
2026-01-19,09887.HK,54.65,54.65,53.8,53.8,133200,7222769.999999999
2026-01-20,09887.HK,53.8,54.95,51.9,52.5,448900,23859035.0
2026-01-20,09898.HK,77.684005641749,78.942990126939,77.637376586742,77.82389280677,101611,7900656.534626232
2026-01-20,09888.HK,144.2,150.0,141.4,148.8,20321632,2977119088.0
2026-01-21,09887.HK,52.5,54.0,51.25,51.25,242500,12579687.5
2026-01-21,09898.HK,77.82389280677,78.896361071932,77.544118476728,78.709844851904,82160,6430405.9430183275
2026-01-21,09888.HK,148.8,155.4,148.7,153.7,20685107,3128622433.75
2026-01-22,09887.HK,51.25,52.75,50.6,52.6,161400,8380695.0
2026-01-22,09888.HK,159.5,160.9,157.4,160.0,24877951,3974252672.25
2026-01-22,09898.HK,79.269393511989,80.295232722144,79.269393511989,79.595796897038,120500,9571627.722143875
2026-01-23,09898.HK,79.595796897038,79.595796897038,78.569957686883,79.222764456982,56080,4453272.460366721
2026-01-23,09887.HK,52.6,56.3,52.55,56.05,586000,31834450.0
2026-01-23,09888.HK,158.8,161.2,156.8,160.5,14602899,2331352825.35
2026-01-26,09888.HK,157.3,157.8,153.0,155.5,16074339,2514026619.6
2026-01-26,09898.HK,79.222764456982,79.549167842031,77.963779971791,78.336812411848,102780,8096986.655289173
2026-01-26,09887.HK,56.0,59.7,52.2,59.2,930600,53602560.0
2026-01-27,09888.HK,152.9,156.3,152.1,155.2,12361076,1904223757.8000002
2026-01-27,09887.HK,59.2,63.3,58.7,61.5,794700,47960145.0
2026-01-27,09898.HK,78.523328631876,80.20197461213,78.336812411848,78.896361071932,64300,5061043.023977427
2026-01-28,09888.HK,154.6,156.9,153.6,156.1,13388922,2079969032.6999998
2026-01-28,09898.HK,79.176135401975,80.20197461213,79.082877291961,80.155345557123,82750,6592340.02468268
2026-01-28,09887.HK,62.45,63.3,59.2,59.45,524200,31949990.0
2026-01-29,09888.HK,154.2,157.7,153.3,155.5,11791593,1825928176.05
2026-01-29,09898.HK,80.155345557123,80.575007052186,78.989619181946,80.155345557123,120260,9639481.856699612
2026-01-29,09887.HK,59.45,63.3,58.75,60.35,374600,22438540.000000004
2026-01-30,09888.HK,153.6,154.7,152.0,152.8,12159200,1862789439.9999998
2026-01-30,09898.HK,80.108716502116,80.108716502116,78.150296191819,78.430070521862,110183,8734139.585331483
2026-01-30,09887.HK,60.0,67.6,59.6,66.85,1379190,87475125.75
2026-02-02,09887.HK,65.85,66.0,60.4,61.5,658500,41929987.5
2026-02-02,09888.HK,150.0,151.6,145.1,146.7,18220578,2703022746.2999997
2026-02-02,09898.HK,78.430070521862,78.430070521862,75.399181946403,76.285133991537,221260,17116143.07531733
2026-02-03,09888.HK,146.2,146.2,136.7,141.4,20930448,3009798422.4
2026-02-03,09898.HK,77.3576022567,77.730634696756,74.606488011283,76.378392101551,159371,12250529.57843441
2026-02-03,09887.HK,63.5,66.75,61.5,66.15,572400,37105830.0
2026-02-04,09888.HK,139.9,141.0,136.8,137.2,14225380,1970926399.0000002
2026-02-04,09887.HK,65.3,67.6,64.1,65.2,556100,36285525.0
2026-02-04,09898.HK,76.378392101551,76.378392101551,73.207616361072,74.793004231312,219150,16564605.753173463
2026-02-05,09887.HK,65.2,65.55,64.1,64.3,340400,22040900.0
2026-02-05,09888.HK,140.3,141.6,135.4,140.9,23254207,3269541504.200001
2026-02-05,09898.HK,74.793004231312,74.839633286319,73.207616361072,74.793004231312,169052,12643906.951311756
2026-02-06,09898.HK,73.767165021157,74.18682651622,72.508180535966,73.907052186178,117600,8683243.971791299
2026-02-06,09887.HK,64.0,65.75,62.2,62.7,390000,24706500.0
2026-02-06,09888.HK,134.8,140.3,134.3,137.8,14725784,2007124359.2000003
2026-02-09,09887.HK,65.4,66.0,62.8,63.7,557300,35973715.00000001
2026-02-09,09898.HK,74.606488011283,75.492440056417,74.606488011283,75.072778561354,250280,18730863.418899793
2026-02-09,09888.HK,142.6,143.1,140.7,142.2,9088803,1294245547.1999998
2026-02-10,09898.HK,75.072778561354,75.539069111425,74.606488011283,75.259294781382,88960,6686770.622284898
2026-02-10,09888.HK,143.6,147.8,143.2,143.4,8729666,1252707071.0
2026-02-10,09887.HK,64.3,65.95,62.65,63.65,237100,15168472.499999998
2026-02-11,09887.HK,63.05,63.5,60.25,60.4,332200,20505044.999999996
2026-02-11,09898.HK,75.725585331453,75.865472496474,74.97952045134,75.492440056417,52400,3961912.265162194
2026-02-11,09888.HK,145.1,145.7,143.4,144.3,6288208,909903697.5999999
2026-02-12,09898.HK,75.166036671368,75.166036671368,74.046939351199,74.326713681241,104023,7775342.184964723
2026-02-12,09888.HK,141.4,141.7,139.1,140.1,9370713,1318927854.75
2026-02-12,09887.HK,60.9,61.95,59.1,60.8,274123,16680384.549999999
2026-02-13,09887.HK,60.8,62.5,59.5,61.35,368223,22489219.725
2026-02-13,09898.HK,74.046939351199,73.487390691114,72.414922425952,72.974471086037,122060,8972716.678984514
2026-02-13,09888.HK,135.0,135.9,133.6,135.8,14820968,2006759067.2
2026-02-16,09887.HK,61.35,66.35,61.35,65.5,531800,33729415.0
2026-02-16,09898.HK,73.207616361072,73.627277856135,72.088519040903,73.627277856135,51820,3804492.1091678333
2026-02-16,09888.HK,133.8,137.6,133.5,137.6,8673337,1176971830.8999999
2026-02-20,09887.HK,65.5,66.55,64.2,65.0,256800,16756200.0
2026-02-20,09898.HK,72.834583921016,72.92784203103,71.80874471086,72.181777150917,202900,14711909.830747603
2026-02-20,09888.HK,133.5,134.7,128.8,129.0,19244510,2525841937.5
2026-02-23,09898.HK,72.787954866008,75.492440056417,72.787954866008,75.166036671368,125600,9291510.668547213
2026-02-23,09888.HK,130.2,133.8,130.2,133.2,12644011,1665216248.6999998
2026-02-23,09887.HK,65.0,69.8,65.0,68.75,645311,43155173.125
2026-02-24,09898.HK,75.166036671368,75.166036671368,73.347503526093,73.720535966149,105540,7856744.438081773
2026-02-24,09888.HK,131.1,132.0,128.3,129.7,10326359,1346557213.5999997
2026-02-24,09887.HK,67.7,67.7,64.8,65.3,312305,20768282.5
2026-02-25,09888.HK,130.0,131.3,128.2,128.9,10577712,1369284818.3999999
2026-02-25,09898.HK,74.093568406206,75.678956276446,74.093568406206,74.513229901269,88520,6577336.893088844
2026-02-25,09887.HK,65.2,65.7,63.55,63.8,178600,11519700.0
2026-02-26,09888.HK,129.9,129.9,123.4,123.4,14159106,1793250774.9
2026-02-26,09898.HK,74.606488011283,74.606488011283,72.60143864598,72.694696755994,131460,9682106.874753118
2026-02-26,09887.HK,63.8,64.65,61.5,61.75,254601,15982577.775
2026-02-27,09887.HK,61.75,62.95,61.15,62.7,260201,16191007.225
2026-02-27,09888.HK,122.1,125.5,122.0,123.7,20239933,2487487765.7000003
2026-02-27,09898.HK,73.160987306065,74.093568406206,73.114358251058,73.907052186178,114020,8384348.9314527735
2026-03-02,09898.HK,73.673906911142,73.673906911142,71.062679830748,72.088519040903,193980,14137497.693088844
2026-03-02,09888.HK,120.6,121.6,117.3,118.5,15145570,1810652893.5
2026-03-02,09887.HK,61.0,61.35,59.05,59.45,428500,25806412.5
2026-03-03,09898.HK,72.13514809591,72.228406205924,70.922792665726,71.155937940762,105052,7526507.585162234
2026-03-03,09888.HK,119.4,120.5,117.1,117.3,8880109,1050960900.15
2026-03-03,09887.HK,59.45,61.5,53.75,54.6,525917,29990416.925000004
2026-03-04,09887.HK,54.0,54.55,49.0,50.05,657310,34196552.75
2026-03-04,09888.HK,114.6,117.1,112.8,115.0,17948343,2060469776.3999999
2026-03-04,09898.HK,70.363244005642,70.782905500705,69.477291960508,70.456502115656,157380,11081105.82228494
2026-03-05,09887.HK,51.5,52.5,50.2,51.65,326121,16819690.575
2026-03-05,09898.HK,70.54976022567,71.482341325811,70.083469675599,70.363244005642,94512,6658984.9279548805
2026-03-05,09888.HK,115.0,118.9,114.9,115.9,17505051,2020958137.95
2026-03-06,09887.HK,51.65,54.95,51.65,53.85,371146,19577951.5
2026-03-06,09898.HK,70.643018335684,72.181777150917,70.643018335684,71.995260930889,89480,6381636.614386477
2026-03-06,09888.HK,115.9,120.0,115.4,119.5,15240547,1793812381.9
2026-03-09,09888.HK,112.0,117.6,111.8,117.4,13627783,1563106710.1000001
2026-03-09,09887.HK,55.65,62.95,55.0,60.95,4001407,233282028.1
2026-03-09,09898.HK,70.409873060649,71.575599435825,68.824485190409,71.34245416079,273225,19365139.802538835
2026-03-10,09887.HK,59.8,66.95,59.8,65.8,2568809,161321205.2
2026-03-10,09888.HK,120.2,120.9,117.6,120.8,8497357,1023931518.5
2026-03-10,09898.HK,71.435712270804,73.300874471086,71.435712270804,73.114358251058,207920,15027425.331452772
2026-03-11,09898.HK,73.207616361072,73.673906911142,72.60143864598,72.974471086037,135340,9892141.857545866
2026-03-11,09887.HK,66.95,69.3,65.0,65.85,1533125,101799500.00000001
2026-03-11,09888.HK,123.0,125.0,121.4,121.8,8572782,1049308516.8000001
2026-03-12,09898.HK,72.974471086037,72.974471086037,71.902002820874,72.741325811001,127140,9263153.208744705
2026-03-12,09887.HK,65.85,67.0,61.85,62.1,790349,50562577.275
2026-03-12,09888.HK,121.0,122.8,118.3,120.4,6596426,796188618.2
2026-03-13,09887.HK,62.3,65.1,60.4,62.2,548102,34119349.5
2026-03-13,09898.HK,72.741325811001,72.741325811001,71.389083215797,71.668857545839,109346,7895337.9546685135
2026-03-13,09888.HK,120.0,124.0,119.8,122.2,8541169,1034335565.9
2026-03-16,09888.HK,121.5,123.1,119.3,122.9,7356807,899001815.4
2026-03-16,09887.HK,62.55,64.45,59.8,63.65,447500,28237249.999999996
2026-03-16,09898.HK,71.622228490832,72.508180535966,70.876163610719,72.228406205924,101200,7278842.115655853
2026-03-17,09898.HK,72.228406205924,72.461551480959,71.109308885755,71.34245416079,154800,11112384.592383662
2026-03-17,09888.HK,119.5,122.7,119.0,119.2,9403494,1122307008.8999999
2026-03-17,09887.HK,65.0,66.0,62.6,62.9,355800,22753410.0
2026-03-18,09898.HK,71.34245416079,72.088519040903,70.876163610719,71.80874471086,123807,8861560.239351185
2026-03-18,09888.HK,118.9,123.3,117.9,121.8,9869361,1187777596.35
2026-03-18,09887.HK,62.9,66.95,61.95,65.8,922420,59357726.99999999
2026-03-19,09888.HK,120.4,120.4,117.3,117.8,9717044,1157299940.3999999
2026-03-19,09898.HK,65.373935119887,65.840225669958,62.48293370945,62.902595204513,1408994,90370430.78394882
2026-03-19,09887.HK,65.45,65.7,62.45,63.4,439400,28308345.0
2026-03-20,09888.HK,116.9,118.3,114.3,115.6,10136575,1178376843.75
2026-03-20,09898.HK,62.94922425952,65.234047954866,62.94922425952,64.208208744711,495088,31477059.595599357
2026-03-20,09887.HK,65.45,67.95,63.85,65.0,656200,42800644.99999999
2026-03-23,09898.HK,64.208208744711,64.208208744711,61.876755994358,62.669449929478,329780,20920857.138787024
2026-03-23,09887.HK,62.95,64.55,62.55,63.1,611400,38533485.0
2026-03-23,09888.HK,110.8,111.7,108.4,109.8,13607944,1500956223.2
2026-03-24,09898.HK,63.042482369535,64.208208744711,63.042482369535,63.928434414669,187275,11889239.220380902
2026-03-24,09887.HK,65.7,68.5,63.7,65.7,660600,43401420.0
2026-03-24,09888.HK,110.6,112.9,109.5,112.6,7217214,805441082.4
2026-03-25,09898.HK,64.06832157969,66.166629055007,63.555401974612,64.06832157969,194240,12444630.783638984
2026-03-25,09888.HK,112.6,114.0,109.4,112.0,8501734,954744728.1999999
2026-03-25,09887.HK,65.75,69.0,65.75,68.75,952260,64039485.0
2026-03-26,09887.HK,68.75,71.75,67.0,67.3,608100,41366002.5
2026-03-26,09888.HK,111.7,112.2,108.8,109.4,7175450,793245997.5000001
2026-03-26,09898.HK,64.254837799718,64.254837799718,62.109901269394,62.389675599436,178340,11292891.259802563
2026-03-27,09887.HK,67.0,75.85,66.05,74.5,1796300,127088225.0
2026-03-27,09898.HK,62.48293370945,63.648660084626,62.063272214386,63.042482369535,107912,6772849.349957715
2026-03-27,09888.HK,107.8,108.9,106.6,108.4,7968142,861356150.1999999
2026-03-30,09887.HK,74.5,76.6,71.7,73.55,1259900,93264097.5
2026-03-30,09898.HK,62.855966149506,62.855966149506,61.736868829337,62.576191819464,136520,8561999.102961892
2026-03-30,09888.HK,103.6,106.2,102.8,105.6,10732837,1122654750.2
2026-03-31,09887.HK,73.55,77.45,73.3,74.0,755000,55700125.00000001
2026-03-31,09888.HK,105.2,107.0,104.3,105.7,9181177,968155114.65
2026-03-31,09898.HK,62.156530324401,63.228998589563,62.016643159379,62.622820874471,178280,11122831.36586745
2026-04-01,09888.HK,109.7,111.2,107.2,109.6,14429762,1582223403.3000002
2026-04-01,09887.HK,77.0,90.2,76.0,88.0,4081000,336682500.0
2026-04-01,09898.HK,63.602031029619,64.487983074753,63.415514809591,63.881805359661,145866,9297778.639379358
2026-04-02,09888.HK,109.0,109.9,107.5,108.8,5440727,592495170.3000001
2026-04-02,09887.HK,88.55,93.3,84.05,88.95,2525000,224093750.0
2026-04-02,09898.HK,63.881805359661,64.348095909732,62.622820874471,63.462143864598,118244,7528828.966036641
2026-04-08,09887.HK,95.0,95.0,88.15,89.95,1532110,141681872.25
2026-04-08,09888.HK,113.1,113.8,110.0,111.6,13838137,1554714691.9499998
2026-04-08,09898.HK,63.881805359661,65.746967559944,63.881805359661,65.746967559944,202516,13125950.288293364
2026-04-09,09888.HK,111.3,111.7,109.3,109.6,6814372,752647387.4
2026-04-09,09898.HK,65.793596614951,65.793596614951,63.881805359661,64.487983074753,159915,10416989.408039508
2026-04-09,09887.HK,90.1,94.8,90.1,91.7,1116700,101508030.0
2026-04-10,09887.HK,92.0,94.5,89.25,92.0,1050905,96683260.0
2026-04-10,09898.HK,64.907644569817,66.073370944993,64.208208744711,65.234047954866,125360,8157281.287447129
2026-04-10,09888.HK,105.7,109.9,104.9,108.6,13884611,1487736068.65
2026-04-13,09887.HK,92.0,92.15,88.05,89.45,1171800,106311555.0
2026-04-13,09898.HK,64.907644569817,65.047531734838,64.021692524683,64.394724964739,351620,22732649.58787029
2026-04-13,09888.HK,105.3,107.4,104.8,107.4,12464300,1325578305.0
2026-04-14,09898.HK,64.441354019746,65.840225669958,64.441354019746,65.187418899859,179420,11628997.218617765
2026-04-14,09888.HK,110.6,114.0,110.4,111.1,14602560,1618693776.0
2026-04-14,09887.HK,89.45,95.6,88.2,93.55,980102,89679333.0
2026-04-15,09898.HK,65.933483779972,66.772806770099,65.933483779972,66.12,360346,23792472.333088893
2026-04-15,09888.HK,116.5,117.0,114.3,114.5,10026210,1158027255.0
2026-04-15,09887.HK,93.8,95.1,90.1,93.95,1167301,109580381.375
2026-04-16,09887.HK,95.0,97.5,92.4,93.85,1165100,110014567.5
2026-04-16,09888.HK,118.5,124.3,118.3,123.3,21297159,2574826523.1
2026-04-16,09898.HK,66.9,68.2,66.5,68.15,239034,16140770.850000001
2026-04-17,09887.HK,94.1,96.55,84.85,85.85,1930608,173706454.79999998
2026-04-17,09898.HK,68.25,68.5,67.75,68.3,116540,7956768.500000001
2026-04-17,09888.HK,121.2,122.6,120.7,121.9,7427018,902754037.9000001
2026-04-20,09898.HK,68.0,68.8,68.0,68.15,75441,5135646.075
2026-04-20,09888.HK,122.7,124.3,120.8,122.8,7061971,866856940.25
2026-04-20,09887.HK,85.85,88.95,84.3,85.9,997300,85643137.5
2026-04-21,09898.HK,68.15,68.45,67.85,68.2,99060,6753415.500000001
2026-04-21,09888.HK,124.8,125.8,123.1,124.6,8361098,1042628920.5999999
2026-04-21,09887.HK,86.5,86.5,82.7,85.55,757656,65177357.400000006
2026-04-22,09898.HK,67.7,67.75,67.15,67.7,91096,6167199.2
2026-04-22,09887.HK,85.5,87.0,84.15,86.15,411464,35313897.800000004
2026-04-22,09888.HK,121.4,122.2,120.2,121.1,6370299,772398753.75
2026-04-23,09898.HK,67.15,67.15,66.2,66.35,166192,11093316.0
2026-04-23,09888.HK,120.7,121.1,119.2,120.5,5977706,720911343.6
2026-04-23,09887.HK,86.4,86.4,80.0,81.85,1640930,138043236.25
2026-04-24,09898.HK,66.0,66.0,65.0,65.7,48440,3189773.9999999995
2026-04-24,09888.HK,119.2,123.1,117.5,121.4,9229732,1110336759.6000001
2026-04-24,09887.HK,81.95,84.05,79.25,83.4,377819,31236185.825000003
2026-04-27,09888.HK,125.8,127.7,124.8,125.7,12381469,1556969726.75
2026-04-27,09898.HK,66.0,66.0,65.2,65.65,121844,8020381.300000001
2026-04-27,09887.HK,83.2,87.25,83.0,85.05,489590,41186758.75
2026-04-28,09888.HK,125.0,126.9,123.3,123.3,7613927,945269037.0500001
2026-04-28,09887.HK,84.95,86.65,81.05,81.7,337755,28143435.375
2026-04-28,09898.HK,66.45,66.45,64.6,65.05,145760,9583720.0
2026-04-29,09887.HK,81.95,82.95,80.15,80.85,285826,23266236.400000002
2026-04-29,09888.HK,124.9,124.9,116.2,119.9,21067752,2578692844.8
2026-04-29,09898.HK,64.55,65.35,64.45,65.35,183440,11914427.999999998
2026-04-30,09887.HK,80.05,81.95,78.4,80.0,478395,38283559.875
2026-04-30,09888.HK,118.6,119.8,117.0,118.7,9556240,1133847876.0
2026-04-30,09898.HK,65.15,65.15,63.4,63.55,141083,9078691.049999999
2026-05-04,09887.HK,80.0,80.0,76.6,78.4,184743,14631645.6
2026-05-04,09888.HK,123.0,125.4,122.7,122.8,8515235,1046522381.5
2026-05-04,09898.HK,64.5,65.95,64.5,65.4,166180,10793391.0
2026-05-05,09888.HK,125.0,125.4,123.1,125.4,6405275,801940430.0
2026-05-05,09887.HK,78.05,78.45,76.05,77.5,139619,10858867.725000001
2026-05-05,09898.HK,65.4,66.6,64.45,66.1,113274,7447765.5
2026-05-06,09888.HK,125.4,133.3,124.6,131.6,22187754,2851126389.0
2026-05-06,09887.HK,78.5,80.2,77.25,78.8,436420,34324433.0
2026-05-06,09898.HK,66.1,66.35,65.2,65.8,104733,6907141.349999999
2026-05-07,09887.HK,83.9,83.9,76.95,79.2,565935,46151999.25000001
2026-05-07,09898.HK,66.5,67.9,66.25,66.75,162885,10852213.125
2026-05-07,09888.HK,138.0,139.6,136.0,137.3,22590818,3109626097.7000003
2026-05-08,09888.HK,141.3,145.9,138.9,145.2,27680710,3965261707.5
2026-05-08,09887.HK,79.3,81.7,78.2,80.6,665268,53188176.599999994
2026-05-08,09898.HK,67.85,67.85,66.35,67.25,135120,9127356.0
2026-05-11,09887.HK,80.4,83.8,78.2,79.4,779960,62318804.00000001
2026-05-11,09888.HK,139.7,141.6,138.4,140.9,17903448,2511853754.4
2026-05-11,09898.HK,66.9,67.25,65.9,66.75,122320,8174034.0
2026-05-12,09898.HK,66.7,66.7,65.75,66.15,86140,5721849.500000001
2026-05-12,09887.HK,82.0,82.0,74.4,75.4,1512302,119018167.4
2026-05-12,09888.HK,142.0,142.7,138.7,139.7,11249516,1584494328.6
2026-05-13,09887.HK,75.6,77.4,68.35,69.4,1184583,85882267.5
2026-05-13,09888.HK,137.2,137.8,135.3,137.5,15907169,2184849662.15
2026-05-13,09898.HK,66.05,66.05,65.0,65.65,71200,4688520.0
2026-05-14,09888.HK,147.1,147.9,139.8,140.9,19451276,2800983744.0
2026-05-14,09898.HK,67.3,67.3,66.3,66.7,261804,17540868.0
2026-05-14,09887.HK,70.35,70.9,67.3,68.5,524332,36401749.1
2026-05-15,09898.HK,65.3,65.6,64.2,64.45,104680,6791115.0
2026-05-15,09887.HK,68.8,68.8,62.2,63.45,1212541,80179273.625
2026-05-15,09888.HK,140.0,140.0,134.7,135.8,11216349,1546734527.1000001
2026-05-18,09888.HK,135.3,137.3,133.9,134.7,10395394,1403378190.0
2026-05-18,09898.HK,64.2,64.2,62.8,63.4,188540,12028852.0
2026-05-18,09887.HK,63.45,64.45,60.15,62.35,909447,57204216.300000004
2026-05-19,09888.HK,134.5,138.4,133.7,136.7,10763625,1459547550.0
2026-05-19,09887.HK,62.6,65.5,60.55,61.35,618152,38309970.2
2026-05-19,09898.HK,63.8,64.95,63.8,64.95,160904,10358195.0
2026-05-20,09887.HK,61.35,61.55,58.4,60.55,497205,30304644.75
2026-05-20,09888.HK,134.9,135.4,133.1,134.2,8942624,1203230059.2
2026-05-20,09898.HK,64.95,64.95,63.3,64.3,104080,6726170.0
2026-05-21,09888.HK,133.7,133.9,126.0,126.5,13912593,1810028349.3
2026-05-21,09887.HK,62.05,63.25,61.15,62.1,654855,40650124.125
2026-05-21,09898.HK,64.3,64.3,62.75,62.95,196735,12517264.375
2026-05-22,09888.HK,128.5,129.6,127.1,128.2,8435893,1082746866.55
2026-05-22,09887.HK,63.0,65.45,61.65,64.15,518572,32968214.900000002
2026-05-22,09898.HK,63.15,63.7,62.55,63.0,113194,7139711.550000001
2026-05-26,09888.HK,127.0,128.7,125.3,128.0,9653134,1230774585.0
2026-05-26,09887.HK,64.0,64.0,61.0,62.45,872754,55179871.65
2026-05-26,09898.HK,62.95,63.0,61.7,62.7,169320,10637529.0
2026-05-27,09887.HK,62.45,63.95,60.65,62.95,754764,47323702.800000004
2026-05-27,09898.HK,62.95,62.95,62.2,62.35,90504,5670075.600000001
2026-05-27,09888.HK,127.0,131.3,125.3,128.2,15393662,1964231271.1999998
2026-05-28,09898.HK,62.5,62.5,60.4,61.15,128900,7969242.5
2026-05-28,09888.HK,127.9,127.9,123.2,125.6,14519641,1840364496.75
2026-05-28,09887.HK,63.9,63.9,60.45,60.85,541013,33745685.875
2026-05-29,09898.HK,61.25,61.25,59.4,59.4,508380,30668023.5
2026-05-29,09888.HK,129.0,136.8,127.6,130.0,31244829,4046205355.5
2026-05-29,09887.HK,62.0,63.95,60.2,61.3,553210,34105396.5
2026-06-01,09887.HK,62.25,64.55,60.6,60.6,460600,28292355.0
2026-06-01,09888.HK,131.6,133.1,128.7,129.1,14596419,1902643216.6499999
2026-06-01,09898.HK,60.95,61.9,60.95,61.35,146750,8973762.5
2026-06-02,09888.HK,129.9,134.9,129.8,134.7,14457181,1912685046.3000002
2026-06-02,09898.HK,62.0,63.5,61.1,63.5,205420,12890105.0
2026-06-02,09887.HK,60.65,62.2,58.8,59.55,346300,20812629.999999996
2026-06-03,09888.HK,133.1,134.3,132.1,132.9,10445754,1389285282.0
2026-06-03,09887.HK,59.55,59.55,56.2,57.5,800500,46849262.5
2026-06-03,09898.HK,63.3,63.3,61.35,61.8,91637,5731894.35
2026-06-04,09898.HK,61.4,61.9,60.7,61.15,139300,8535607.5
2026-06-04,09887.HK,57.5,58.0,56.05,56.85,314376,17974447.8
2026-06-04,09888.HK,130.9,132.7,129.3,130.1,6191174,807948207.0
2026-06-05,09887.HK,57.15,57.9,54.3,56.5,843000,47903475.0
2026-06-05,09888.HK,131.0,132.3,125.5,125.6,17522878,2248185247.4
2026-06-05,09898.HK,61.1,61.15,60.3,60.4,50060,3041145.0
2026-06-08,09887.HK,54.4,57.75,54.4,57.75,598202,33544177.150000002
2026-06-08,09888.HK,119.4,119.4,115.2,116.0,29246549,3442318817.3
2026-06-08,09898.HK,60.4,60.5,58.85,59.95,193665,11653791.375
2026-06-09,09888.HK,116.2,118.2,115.5,116.6,8780300,1022026920.0
2026-06-09,09887.HK,57.75,58.5,54.85,54.85,548200,30863660.0
2026-06-09,09898.HK,59.6,60.3,59.3,60.0,114520,6848296.0
2026-06-10,09888.HK,118.1,118.7,113.8,116.7,10347885,1214841699.0
2026-06-10,09898.HK,60.0,60.1,59.2,60.0,98320,5899200.0
2026-06-10,09887.HK,55.15,56.45,53.5,54.95,513000,28240650.0
2026-06-11,09887.HK,54.4,55.95,53.1,55.8,507700,27974269.999999996
2026-06-11,09888.HK,115.8,117.3,111.1,113.1,9753964,1116341179.8
2026-06-11,09898.HK,60.0,60.7,58.85,59.75,84400,5053450.0
2026-06-12,09898.HK,59.8,60.4,59.55,59.75,68518,4095663.4499999997
2026-06-12,09887.HK,55.55,58.15,53.9,53.9,877805,48037878.62499999
2026-06-12,09888.HK,113.5,115.7,113.5,115.6,15193359,1740399273.45
2026-06-15,09898.HK,59.75,60.8,59.75,60.5,31700,1905962.5
2026-06-15,09887.HK,54.0,58.55,54.0,55.1,415100,22643705.0
2026-06-15,09888.HK,115.6,119.2,112.2,114.7,15602381,1796614172.15
2026-06-16,09887.HK,55.0,56.35,54.25,55.25,412800,22755600.0
2026-06-16,09898.HK,60.05,60.05,58.55,59.0,121860,7253716.5
2026-06-16,09888.HK,113.6,114.3,110.1,110.7,11559661,1296415981.15
2026-06-17,09888.HK,110.6,112.6,110.0,112.2,5925555,660106827.0
2026-06-17,09887.HK,55.25,56.45,53.5,53.6,515600,28061530.0
2026-06-17,09898.HK,58.5,58.85,58.0,58.5,102020,5968170.0
2026-06-18,09888.HK,110.7,111.7,108.9,111.7,15851562,1762693694.4
2026-06-18,09898.HK,58.5,58.5,57.3,57.55,271300,15742182.5
2026-06-18,09887.HK,53.5,55.6,52.75,54.0,555100,29836625.0
2026-06-22,09888.HK,110.4,110.4,107.9,108.7,11536134,1263783479.7
2026-06-22,09887.HK,53.85,54.65,49.8,52.55,966802,51433866.400000006
2026-06-22,09898.HK,57.0,58.05,56.25,57.25,199980,11423857.5
2026-06-23,09888.HK,109.7,110.5,104.7,104.7,12299781,1318536523.2
2026-06-23,09898.HK,57.25,57.25,56.05,56.3,136140,7729348.5
2026-06-23,09887.HK,53.35,55.05,50.35,50.75,661600,34436280.0
2026-06-24,09888.HK,107.8,109.0,105.4,107.1,10037466,1078525721.6999998
2026-06-24,09898.HK,56.6,57.65,56.4,57.05,99940,5679090.5
2026-06-24,09887.HK,50.75,51.4,49.06,51.15,780500,39766475.0
2026-06-25,09898.HK,56.55,57.5,56.1,56.6,62800,3552910.0
2026-06-25,09887.HK,51.0,51.0,47.62,49.1,624800,31271240.0
2026-06-25,09888.HK,106.0,106.0,102.5,103.4,8939597,935975805.9
2026-06-26,09888.HK,102.7,103.3,98.5,98.75,10161056,1023472365.5999999
2026-06-26,09898.HK,56.45,56.45,55.1,55.15,133680,7459344.0
2026-06-26,09887.HK,48.12,50.7,46.5,49.58,649000,31703649.999999996
2026-06-29,09887.HK,50.0,53.1,48.62,49.06,872500,43214925.0
2026-06-29,09888.HK,102.7,107.4,102.3,104.3,14623215,1513502752.5
2026-06-29,09898.HK,56.5,56.85,55.8,56.4,70920,4003434.0
2026-06-30,09898.HK,56.4,57.0,55.85,56.5,142380,8037351.0
2026-06-30,09887.HK,49.2,50.45,46.62,49.32,939100,46260066.00000001
2026-06-30,09888.HK,110.4,110.5,107.6,109.6,18389279,2022820690.0
2026-07-02,09898.HK,57.25,58.5,57.25,57.5,105125,6031546.875
2026-07-02,09887.HK,50.5,53.1,49.58,51.05,573500,29119462.5
2026-07-02,09888.HK,115.0,115.0,109.4,110.0,14097920,1586016000.0
2026-07-03,09887.HK,53.35,53.35,50.5,52.75,296300,15718715.0
2026-07-03,09888.HK,111.0,113.1,110.8,110.9,10374719,1151075073.05
2026-07-03,09898.HK,57.5,58.55,57.5,58.25,24773,1433737.375
2026-07-06,09888.HK,109.0,111.9,108.2,110.5,6972241,765203449.75
2026-07-06,09898.HK,58.25,59.1,57.65,59.1,88211,5175780.425
2026-07-06,09887.HK,53.05,53.75,49.5,50.3,1022400,52832520.0
2026-07-07,09888.HK,111.8,113.6,109.2,110.6,8635400,960256479.9999999
2026-07-07,09887.HK,51.45,51.45,48.9,49.9,646200,32746185.0
2026-07-07,09898.HK,59.1,60.25,58.6,59.05,55780,3295203.5
2026-07-08,09888.HK,111.1,119.2,110.8,117.6,15590818,1782810038.3
2026-07-08,09898.HK,59.05,60.95,59.0,60.5,118940,7109638.5
2026-07-08,09887.HK,50.9,50.95,48.08,49.72,612400,30809844.0
2026-07-09,09898.HK,60.55,61.45,59.65,60.15,108580,6552802.999999999
2026-07-09,09887.HK,48.88,50.5,47.8,48.42,505800,24607170.000000004
2026-07-09,09888.HK,115.3,118.7,113.2,114.4,11573405,1329205564.25
2026-07-10,09888.HK,117.9,119.2,115.0,115.4,7277808,848956303.2
2026-07-10,09887.HK,48.44,51.0,47.5,49.92,1640400,80674872.0
2026-07-10,09898.HK,60.1,61.1,59.55,60.35,55440,3338874.0
2026-07-13,09888.HK,114.0,116.6,113.5,114.3,6181818,705654524.7
2026-07-13,09898.HK,60.25,60.6,59.5,60.0,43060,2588982.5
2026-07-13,09887.HK,49.92,68.6,49.92,59.5,5882305,321820906.55
2026-07-14,09888.HK,110.6,110.9,102.5,106.0,25737696,2787392476.7999997
2026-07-14,09898.HK,60.0,60.75,59.0,60.15,52445,3150633.375
2026-07-14,09887.HK,61.1,69.0,55.9,60.25,4086800,247966590.0
2026-07-15,09887.HK,60.3,71.75,59.85,71.0,3062605,201060018.25000003
2026-07-15,09898.HK,60.2,61.35,60.15,60.9,94584,5727061.2
2026-07-15,09888.HK,107.4,109.0,105.9,107.5,10881813,1169250806.8500001
2026-07-16,09898.HK,60.9,62.0,60.9,61.6,95944,5876570.0
2026-07-16,09888.HK,108.8,112.8,108.8,110.3,12432543,1361985085.6499999
2026-07-16,09887.HK,70.1,72.25,64.8,66.2,1300600,88635890.0
2026-07-17,09888.HK,111.9,112.4,105.3,106.5,11049535,1206609222.0
2026-07-17,09887.HK,66.85,67.65,62.1,64.5,822900,54043957.5
2026-07-17,09898.HK,61.3,62.3,59.9,60.6,70980,4326231.0
2026-07-20,09887.HK,64.55,67.25,61.7,64.45,1107300,71420850.0
2026-07-20,09898.HK,60.95,62.15,60.8,62.15,43420,2672501.0
2026-07-20,09888.HK,106.8,111.1,106.0,109.2,10673114,1152696312.0
2026-07-21,09888.HK,107.6,109.0,104.7,107.2,9823425,1055035845.0
2026-07-21,09887.HK,64.3,66.05,60.8,63.85,753500,48280512.5
2026-07-21,09898.HK,62.9,63.95,62.15,62.9,104700,6585630.0
2026-07-22,09887.HK,63.25,68.9,63.25,66.05,1615500,104442075.00000001
2026-07-22,09888.HK,106.4,106.4,103.7,104.4,8430591,888584291.4000001
2026-07-22,09898.HK,62.9,62.9,61.6,62.1,122721,7670062.5
2026-07-23,09888.HK,105.0,108.7,103.7,106.8,7893863,835960091.7
2026-07-23,09887.HK,66.05,69.3,62.1,64.15,1504724,97957532.39999999
2026-07-23,09898.HK,62.1,62.2,60.15,61.6,78421,4850338.850000001
2026-07-24,09887.HK,64.5,68.0,62.05,62.45,1603642,101791175.95
2026-07-24,09898.HK,61.6,61.6,60.05,61.05,75580,4634943.5
2026-07-24,09888.HK,105.0,105.6,103.4,104.3,6061318,634316928.7
2026-07-27,09888.HK,103.3,104.5,102.1,104.3,6628491,688037365.8
2026-07-27,09898.HK,61.8,61.8,60.8,61.35,25860,1592329.5
2026-07-27,09887.HK,61.3,62.75,51.75,58.05,19241658,1148245941.1499999
2026-07-28,09898.HK,61.35,61.9,60.9,61.5,71180,4372231.5
2026-07-28,09887.HK,58.5,58.5,52.6,53.15,12457182,695422185.15
2026-07-28,09888.HK,102.8,104.4,99.6,101.6,14110623,1442105670.6
2026-07-29,09887.HK,53.5,54.3,51.15,51.6,7935362,417003273.09999996
2026-07-29,09888.HK,102.9,104.3,101.8,103.0,10508171,1081816204.45
2026-07-29,09898.HK,61.75,63.4,61.6,63.3,119080,7445477.0
2026-07-30,09887.HK,52.0,53.0,49.6,50.9,2324660,119603757.0
2026-07-30,09888.HK,104.0,104.9,101.2,102.1,12255959,1262976574.95
2026-07-30,09898.HK,63.5,64.05,63.35,63.9,134980,8598226.0
2026-07-31,09887.HK,51.6,54.45,51.05,53.4,2337400,122713500.0
2026-07-31,09888.HK,104.7,107.9,104.1,105.9,14503109,1527177377.7
2026-07-31,09898.HK,63.6,64.0,62.9,63.25,58140,3687529.5
2026-08-03,09888.HK,108.9,110.8,108.7,109.9,7504418,820983329.2
2026-08-03,09898.HK,63.8,63.95,63.05,63.85,38742,2472708.15
2026-08-03,09887.HK,54.15,56.95,52.5,56.95,2822928,156813650.4
2026-08-04,09887.HK,57.5,59.6,56.4,58.45,2099500,121718512.5
2026-08-04,09888.HK,111.8,112.6,109.4,110.2,4807845,533670795.0
2026-08-04,09898.HK,63.85,64.45,63.2,63.75,74110,4728218.0
2026-08-05,09887.HK,58.35,59.5,56.65,58.05,1407940,81942108.0
2026-08-05,09898.HK,64.0,64.0,62.75,63.35,39420,2510068.5
2026-08-05,09888.HK,109.6,112.3,109.3,112.0,6003594,665198215.1999999
2026-08-06,09888.HK,109.4,109.5,106.6,107.1,9532743,1031919429.75
2026-08-06,09898.HK,62.0,62.2,61.2,61.6,82700,5110860.0
2026-08-06,09887.HK,58.6,63.6,58.55,62.35,2630100,159055297.5
2026-08-07,09888.HK,107.1,107.5,105.6,106.8,6061718,648300740.0999999
2026-08-07,09898.HK,61.6,61.85,61.05,61.8,50976,3145219.2
2026-08-07,09887.HK,62.4,65.25,62.0,64.3,1903200,120567719.99999999
2026-08-10,09887.HK,65.4,68.2,64.95,66.4,1655200,109077680.00000001
2026-08-10,09898.HK,62.15,62.3,61.45,61.75,59500,3686025.0
2026-08-10,09888.HK,107.2,108.6,106.0,107.3,5692604,610531779.0
2026-08-11,09887.HK,67.0,67.8,65.2,65.75,1337835,88798798.125
2026-08-11,09898.HK,61.9,62.15,61.15,61.65,54280,3353147.0
2026-08-11,09888.HK,107.0,107.1,104.0,104.6,7197576,761503540.8
2026-08-12,09887.HK,67.45,67.5,65.2,66.45,1098621,73552675.95
2026-08-12,09888.HK,103.8,104.4,101.5,102.0,10915417,1123196409.3
2026-08-12,09898.HK,61.0,61.0,60.3,60.75,59390,3615366.25
2026-08-13,09887.HK,67.3,69.65,65.6,69.15,1699634,115957529.64999999
2026-08-13,09888.HK,102.5,104.9,102.2,103.0,8308859,853735262.25
2026-08-13,09898.HK,60.75,60.8,60.1,60.4,104970,6358557.75
2026-08-14,09887.HK,69.15,73.6,67.1,73.3,2522224,179645404.39999998
2026-08-14,09898.HK,60.25,60.25,59.15,59.4,32900,1968242.5
2026-08-14,09888.HK,102.0,102.3,100.3,100.8,7963388,807487543.2
2026-08-17,09887.HK,73.6,78.4,72.1,74.9,2702917,200691587.25
2026-08-17,09898.HK,59.4,60.3,59.4,59.55,37020,2201764.5
2026-08-17,09888.HK,101.5,102.7,99.9,100.3,8463559,853973103.1
2026-08-18,09887.HK,75.8,76.8,71.4,73.0,1479013,110038567.2
2026-08-18,09888.HK,101.3,102.0,100.2,101.1,7046749,713130998.8
2026-08-18,09898.HK,59.55,59.55,58.55,59.25,40048,2378851.1999999997
2026-08-19,09888.HK,88.55,90.05,86.5,89.95,38071488,3397880304.0
2026-08-19,09898.HK,59.3,59.35,58.4,58.55,69328,4085152.4
2026-08-19,09887.HK,74.0,75.05,69.8,70.45,1181908,85363305.3
2026-08-20,09888.HK,90.65,93.4,90.65,92.15,17299041,1581132347.4
2026-08-20,09898.HK,58.4,59.65,56.95,57.0,280340,16175618.0
2026-08-20,09887.HK,74.05,77.65,70.2,76.1,3362211,252417990.82499996
2026-08-21,09898.HK,56.15,56.6,54.3,56.6,237160,13369895.0
2026-08-21,09888.HK,90.8,93.35,90.8,93.2,11684183,1074944836.0
2026-08-21,09887.HK,76.0,76.15,70.35,71.2,2304503,169611420.79999998
2026-08-24,09887.HK,73.35,73.45,68.25,69.05,1421543,101213861.59999998
2026-08-24,09888.HK,93.15,93.15,88.8,89.7,15005486,1371876557.5500002
2026-08-24,09898.HK,55.35,55.35,53.35,53.9,306238,16728250.75
2026-08-25,09898.HK,53.95,54.75,53.9,54.75,132918,7224093.3
2026-08-25,09888.HK,90.7,91.4,89.2,89.75,7017968,633196162.8
2026-08-25,09887.HK,69.55,75.4,67.35,74.6,2492492,179646360.89999998
2026-08-26,09887.HK,75.05,76.25,70.85,71.4,1757971,128727426.475
2026-08-26,09898.HK,55.45,55.75,54.85,55.1,158433,8757384.075000001
2026-08-26,09888.HK,90.5,91.7,90.5,90.9,9834869,892022618.3000001
2026-08-27,09887.HK,72.4,72.9,70.4,72.05,806800,58271129.99999999
2026-08-27,09898.HK,54.95,55.15,54.65,55.0,113853,6259068.675
2026-08-27,09888.HK,93.75,97.1,93.4,95.75,31866488,3019349738.0
2026-08-28,09898.HK,54.95,55.15,54.6,54.75,41420,2271887.0
2026-08-28,09887.HK,70.5,73.0,70.5,71.95,933100,66460047.49999999
2026-08-28,09888.HK,94.65,96.65,94.2,95.75,12510053,1190957045.6000001
2026-08-31,09898.HK,54.7,54.7,53.5,53.55,243060,13155622.5
2026-08-31,09888.HK,94.25,96.25,93.1,96.2,18846099,1794619777.2749999
2026-08-31,09887.HK,73.85,73.85,69.75,72.3,1444087,105526657.52499998
2026-09-01,09888.HK,93.8,94.45,92.8,93.7,13111339,1229188031.25
2026-09-01,09898.HK,53.6,54.25,53.25,53.65,108120,5797935.0
2026-09-01,09887.HK,72.8,73.5,67.2,67.6,2933300,205917659.99999997
2026-09-02,09887.HK,69.0,69.0,65.25,66.95,2729800,185558154.99999997
2026-09-02,09898.HK,53.55,53.55,52.7,53.35,107660,5754427.0
2026-09-02,09888.HK,92.75,93.1,90.9,92.35,9315325,862133328.75
2026-09-03,09887.HK,67.0,69.25,65.55,67.7,1900300,127985204.99999999
2026-09-03,09898.HK,53.25,53.45,52.9,53.05,154256,8198706.399999999
2026-09-03,09888.HK,92.55,93.2,90.95,91.5,7437451,684431428.2750001
2026-09-04,09888.HK,93.75,96.8,93.75,95.9,22818560,2163769952.0
2026-09-04,09898.HK,53.15,54.55,53.1,53.4,85980,4580584.5
2026-09-04,09887.HK,69.0,69.0,63.55,64.0,3869200,257301800.0
2026-09-07,09888.HK,97.65,98.0,89.7,91.4,33287809,3146530145.7250004
2026-09-07,09887.HK,64.0,65.6,62.1,62.2,1413300,89179230.0
2026-09-07,09898.HK,53.05,53.05,52.3,52.45,134100,7073775.0
2026-09-08,09887.HK,62.5,64.5,61.75,63.3,1711000,107621900.0
2026-09-08,09888.HK,92.1,92.5,89.05,89.55,19384999,1760642534.1749997
2026-09-08,09898.HK,52.5,52.9,52.15,52.2,176400,9234540.0
