date,factor,linear,lightgbm_small,lightgbm_large,HSI,HKTECH
2024-02-01,0.9976555849,0.9989448191,0.9982137618,0.9981806973,1,1
2024-02-02,1.001019203,0.9831522948,0.9499553063,0.9583733012,0.9979025081,0.9928081019
2024-02-05,0.9922001719,0.9665966718,0.9311861481,0.9418539496,0.9963896157,0.9911577162
2024-02-06,1.006528777,0.9709230647,0.9512719621,0.9622994159,1.036660176,1.058011383
2024-02-07,1.010418208,0.9743869339,0.9657522755,0.9800418094,1.033128167,1.040682333
2024-02-08,1.008772976,0.9728350621,0.9736423216,0.983854435,1.020034421,1.033464342
2024-02-09,0.9998412528,0.9756243246,0.9571039621,0.9722647042,1.011587278,1.019984018
2024-02-14,0.9963815366,0.9765498927,0.9545159887,0.971494075,1.020118577,1.043027447
2024-02-15,0.9978347833,0.9782836896,0.9486475844,0.9676856104,1.024310349,1.051256544
2024-02-16,1.011876736,0.9887099033,0.9984413328,1.01820366,1.049707026,1.090275445
2024-02-19,1.010173755,0.9828587952,1.002145849,1.013526951,1.037864066,1.061038177
2024-02-20,1.022004943,0.9784117681,1.004285508,1.023265212,1.043767879,1.064727083
2024-02-21,1.032193518,0.9820967081,1.018162855,1.039425921,1.060187419,1.09304457
2024-02-22,1.044589403,0.987326165,1.043176711,1.062491376,1.075595794,1.112222965
2024-02-23,1.049978579,0.9938660486,1.047520369,1.066054729,1.074497903,1.108902624
2024-02-26,1.038966935,0.9975533144,1.05394543,1.076588225,1.068644198,1.106766255
2024-02-27,1.035857736,1.002074412,1.064470012,1.091817097,1.07866976,1.142605065
2024-02-28,1.033007961,0.9991104784,1.063341642,1.087199858,1.062355577,1.117634012
2024-02-29,1.031344102,1.003381575,1.079018411,1.100699031,1.060723195,1.119163718
2024-03-01,1.021260629,1.000551589,1.066089559,1.090062168,1.065734048,1.137699571
2024-03-04,1.022493059,1.008635388,1.076750742,1.097362919,1.066153547,1.133342031
2024-03-05,1.014607936,0.9982315706,1.068311391,1.088404956,1.038315685,1.084130531
2024-03-06,1.023457024,1.000561509,1.070344208,1.089425337,1.056011065,1.113054681
2024-03-07,1.026666862,0.9970926491,1.052530388,1.077127296,1.042628874,1.095693015
2024-03-08,1.032102073,1.000534003,1.066360651,1.084029414,1.050569792,1.104251537
2024-03-11,1.02927531,0.9987873517,1.066933503,1.091443319,1.065613916,1.135794778
2024-03-12,1.032948119,1.005161847,1.058325663,1.093463359,1.098115726,1.188509271
2024-03-13,1.033572724,1.004800179,1.057586359,1.086554294,1.097384013,1.192550433
2024-03-14,1.037504599,1.014064465,1.057332537,1.085939394,1.089646099,1.175436651
2024-03-15,1.026943047,1.006047645,1.046959893,1.074024397,1.074178622,1.157827101
2024-03-18,1.028417365,1.008321592,1.040165973,1.069434151,1.075221265,1.172302223
2024-03-19,1.023094676,1.002317355,1.027279564,1.049291817,1.061882115,1.150856994
2024-03-20,1.024035423,1.008844284,1.041608937,1.052276366,1.06275516,1.158342439
2024-03-21,1.035452767,1.01879707,1.067587293,1.070328139,1.083314436,1.168610056
2024-03-22,1.027406126,1.011682775,1.059124285,1.065034748,1.059954221,1.127180809
2024-03-25,1.02658118,1.017379476,1.078302201,1.074085681,1.058294858,1.12108808
2024-03-26,1.01930647,1.008126471,1.0879165,1.081260227,1.067589349,1.132272216
2024-03-27,1.013371258,1.004864402,1.068585867,1.068420969,1.053104127,1.106811918
2024-03-28,1.006944708,1.008819273,1.068905046,1.067502328,1.062649161,1.134248765
2024-04-02,1.021770294,1.00948863,1.057607783,1.058237167,1.087709854,1.155635284
2024-04-03,1.018058019,1.015057386,1.05509441,1.052803234,1.074449079,1.128808363
2024-04-05,1.016615086,1.011776254,1.046709356,1.050977267,1.074373274,1.125553254
2024-04-08,1.03124699,1.012216572,1.052740034,1.056678714,1.074946952,1.12350495
2024-04-09,1.038628079,1.003401538,1.059880167,1.061987698,1.081064048,1.134473817
2024-04-10,1.054414418,1.002399009,1.049197563,1.0493187,1.101049645,1.158534875
2024-04-11,1.054445864,0.999753141,1.052484319,1.05003186,1.098214016,1.154092532
2024-04-12,1.045491593,0.9997854318,1.057916942,1.056102132,1.074230015,1.133244182
2024-04-15,1.039885962,1.000387933,1.039560344,1.048420159,1.066441992,1.122813484
2024-04-16,1.026937997,0.9887270269,1.023829457,1.03150674,1.043861672,1.088683768
2024-04-17,1.03592832,0.9930493241,1.040548785,1.045946221,1.044046046,1.089456775
2024-04-18,1.040950433,0.9958509097,1.061841472,1.063779051,1.052656363,1.094871084
2024-04-19,1.04286486,0.996141274,1.049008508,1.048150054,1.04226655,1.069182472
2024-04-22,1.039629953,0.9923466032,1.04615476,1.050117504,1.060739255,1.088194524
2024-04-23,1.045069426,0.9884995791,1.048595483,1.05666669,1.081119296,1.124969422
2024-04-24,1.053171736,0.9901486487,1.057588212,1.061612045,1.105039056,1.165573476
2024-04-25,1.054778739,0.9935477289,1.054964937,1.059176726,1.110388463,1.159281789
2024-04-26,1.058019302,0.994463772,1.073791957,1.084445108,1.133940118,1.212762765
2024-04-29,1.059292546,0.9939604928,1.072081338,1.083798328,1.140091904,1.211148257
2024-04-30,1.066107098,0.9952486709,1.076008991,1.085489218,1.141127481,1.207022293
2024-05-02,1.060983875,0.9947012152,1.076103625,1.094238797,1.169657225,1.260777247
2024-05-03,1.069261773,0.9983464202,1.07012165,1.085953563,1.186924756,1.295288573
2024-05-06,1.08507942,1.00593402,1.076591808,1.095379369,1.193501822,1.307190267
2024-05-07,1.088561023,1.007232035,1.075654303,1.093135181,1.18714639,1.279388118
2024-05-08,1.087633114,1.017211713,1.086805041,1.104315961,1.176513744,1.262907092
2024-05-09,1.100414235,1.014992406,1.096046115,1.112919169,1.190900675,1.287499796
2024-05-10,1.126882451,1.020044059,1.100370744,1.112273686,1.218259294,1.292362889
2024-05-13,1.137778142,1.017862536,1.104996941,1.11485024,1.227984204,1.310748708
2024-05-14,1.138346635,1.017704988,1.108096866,1.116918461,1.225327809,1.318172182
2024-05-16,1.133634851,1.013403967,1.096393654,1.10242567,1.244781485,1.328185391
2024-05-17,1.133835372,1.023648571,1.103786958,1.109529258,1.256157408,1.34137543
2024-05-20,1.136412581,1.025612246,1.120182111,1.119636916,1.261464416,1.348808689
2024-05-21,1.128243477,1.031062444,1.120034762,1.120981758,1.23476556,1.298334937
2024-05-22,1.125983838,1.02569583,1.108998468,1.115021876,1.233158232,1.302235849
2024-05-23,1.116737738,1.023670754,1.103179732,1.109443165,1.212158258,1.270793718
2024-05-24,1.112786319,1.022786729,1.104723628,1.109468973,1.195470188,1.239247215
2024-05-27,1.127840068,1.029941008,1.120055931,1.124257662,1.209501221,1.260451084
2024-05-28,1.126941295,1.03393194,1.114229741,1.121270362,1.209103565,1.257218807
2024-05-29,1.112510386,1.035205457,1.115549489,1.124791731,1.186994779,1.22808265
2024-05-30,1.106045181,1.030285188,1.103897586,1.113413154,1.171138639,1.224012133
2024-05-31,1.103335454,1.041630572,1.122333602,1.133013699,1.161465122,1.203790016
2024-06-03,1.110135141,1.03852866,1.10288021,1.115104857,1.18224282,1.234214518
2024-06-04,1.120482917,1.042490038,1.118024799,1.128630863,1.184881227,1.238170877
2024-06-05,1.114353527,1.045259796,1.130611681,1.135813608,1.183650998,1.241941323
2024-06-06,1.114844572,1.046517043,1.135528671,1.141469014,1.186981288,1.252681877
2024-06-07,1.1166054,1.046559098,1.139467087,1.1431517,1.179924336,1.23044081
2024-06-11,1.103563879,1.03980575,1.149312665,1.150251721,1.167679223,1.224879727
2024-06-12,1.089918623,1.040064679,1.145840948,1.146029348,1.152357575,1.203959621
2024-06-13,1.097821062,1.041427929,1.149811917,1.145799857,1.163586384,1.219569791
2024-06-14,1.097011603,1.046423751,1.161551707,1.160269935,1.152610687,1.209289127
2024-06-17,1.101373357,1.043254139,1.154401564,1.157528975,1.152247079,1.20985339
2024-06-18,1.101051627,1.045088105,1.170069896,1.17597798,1.150925627,1.205893769
2024-06-19,1.124957423,1.052438985,1.181528981,1.187331388,1.18399983,1.249961676
2024-06-20,1.111545906,1.047116646,1.154685994,1.160086014,1.177892371,1.228943721
2024-06-21,1.094754807,1.049466601,1.162028338,1.1664011,1.158183013,1.207260392
2024-06-24,1.096081938,1.04297606,1.161674147,1.167304083,1.158130977,1.199468354
2024-06-25,1.103347411,1.045398814,1.164734277,1.166966986,1.16103406,1.192276456
2024-06-26,1.10173548,1.045004226,1.173307241,1.178842853,1.162128097,1.20343776
2024-06-27,1.084128377,1.041427559,1.166030769,1.171094434,1.138136386,1.170553988
2024-06-28,1.08406555,1.040988027,1.175681856,1.180214925,1.138273864,1.159330713
2024-07-02,1.083346455,1.040298858,1.172134768,1.179052063,1.141519997,1.154333893
2024-07-03,1.091860107,1.038552814,1.168469057,1.171232031,1.154974139,1.18297102
2024-07-04,1.093180744,1.030633517,1.160233645,1.160570536,1.158167595,1.190387971
2024-07-05,1.082799689,1.027932231,1.148696729,1.146602595,1.143477442,1.173143724
2024-07-08,1.070329006,1.026974902,1.142517668,1.133349844,1.125775638,1.163303381
2024-07-09,1.078880687,1.028672045,1.160676987,1.15248079,1.125722318,1.174480993
2024-07-10,1.07149473,1.026434113,1.154728492,1.143810437,1.122410015,1.174347266
2024-07-11,1.086835218,1.027598409,1.156429629,1.147399709,1.145579431,1.205658931
2024-07-12,1.097670279,1.03029036,1.160736117,1.154248402,1.175198073,1.233575238
2024-07-15,1.086973872,1.030098012,1.151427595,1.14776547,1.157374852,1.19786037
2024-07-16,1.070262744,1.034858091,1.15830345,1.153827788,1.138875809,1.181637013
2024-07-17,1.067183448,1.033912,1.152311746,1.14503715,1.139610091,1.187520997
2024-07-18,1.074243609,1.031958453,1.160920916,1.149544686,1.142115518,1.178469969
2024-07-19,1.057775384,1.029909477,1.168736014,1.149421474,1.118941605,1.153489131
2024-07-22,1.067956924,1.026822112,1.173819559,1.156242121,1.132959147,1.177680654
2024-07-23,1.053872935,1.026425631,1.166827175,1.146835081,1.122261617,1.156277826
2024-07-24,1.046194997,1.022656302,1.161382531,1.139221372,1.112091511,1.138700892
2024-07-25,1.029287029,1.019914542,1.147701189,1.123989813,1.092428407,1.115889039
2024-07-26,1.038148808,1.020643733,1.151106709,1.128172294,1.093478117,1.123217926
2024-07-29,1.042776831,1.020786648,1.157399582,1.134551018,1.107420496,1.130677278
2024-07-30,1.030719941,1.019273657,1.155140967,1.131853116,1.092296069,1.113534141
2024-07-31,1.054822555,1.019235675,1.160229753,1.141641627,1.114246821,1.147073501
2024-08-01,1.044073599,1.018569371,1.167102442,1.145250427,1.111700279,1.133932386
2024-08-02,1.038136816,1.014910306,1.152618898,1.129701992,1.088608595,1.10425806
2024-08-05,1.012667748,0.9968138153,1.120311818,1.096341439,1.072731256,1.089195845
2024-08-06,1.015083288,0.999520802,1.127793738,1.104170488,1.069453644,1.090206951
2024-08-07,1.031362425,0.9991946659,1.103198207,1.083612538,1.084262643,1.103220861
2024-08-08,1.028743098,1.002516401,1.097237224,1.084841428,1.0851601,1.098087053
2024-08-09,1.030697274,1.002856271,1.103537603,1.091469879,1.097905656,1.120957615
2024-08-12,1.033014109,1.006739906,1.104419596,1.091120231,1.099281713,1.118687519
2024-08-13,1.036602936,1.004787403,1.103410758,1.090016926,1.103291039,1.118638595
2024-08-14,1.035163991,1.000558251,1.103362583,1.087539413,1.099391567,1.107552308
2024-08-15,1.045005279,1.004254186,1.108886586,1.092718761,1.099120467,1.103860141
2024-08-16,1.052292138,1.007691199,1.112761657,1.098602637,1.119743342,1.128227792
2024-08-19,1.063702189,1.006064955,1.112927537,1.100148679,1.128699279,1.147145257
2024-08-20,1.06114647,1.008547456,1.106183035,1.098521532,1.124941781,1.140944895
2024-08-21,1.057294014,1.011073356,1.110246729,1.104229384,1.117228278,1.120171562
2024-08-22,1.062959733,1.013356552,1.108730965,1.103176188,1.133288064,1.144379393
2024-08-23,1.060832892,1.012928665,1.107638271,1.10102242,1.131431479,1.1314405
2024-08-26,1.061311032,1.016908236,1.111509493,1.106575793,1.14342091,1.142536571
2024-08-27,1.068651448,1.01748259,1.108523678,1.105513084,1.148299425,1.141991879
2024-08-28,1.058623358,1.015969573,1.105705184,1.107250728,1.1365933,1.123782188
2024-08-29,1.044986518,1.015189549,1.103968507,1.106466214,1.14262367,1.12892252
2024-08-30,1.041480032,1.035116151,1.115510729,1.119083425,1.155648677,1.161339878
2024-09-02,1.034686382,1.025195679,1.117389197,1.120097688,1.136562464,1.137135309
2024-09-03,1.023501268,1.024236679,1.082053036,1.08064658,1.13396196,1.140426295
2024-09-04,1.023127032,1.02613801,1.080598566,1.073627631,1.121489431,1.135974168
2024-09-05,1.01890201,1.023642763,1.081192441,1.072456169,1.120651719,1.137591937
2024-09-09,0.9814078988,1.020397241,1.065329118,1.060103803,1.104762174,1.120941307
2024-09-10,0.9817061787,1.017457842,1.066372789,1.060466037,1.107147469,1.125501068
2024-09-11,0.9691039111,1.013423477,1.059480671,1.057444037,1.099092843,1.125563039
2024-09-12,0.9752869451,1.017698691,1.054909018,1.054993459,1.107552192,1.133498589
2024-09-13,0.9857917045,1.022277937,1.057345511,1.062422238,1.1158201,1.134982632
2024-09-16,0.9868043705,1.021207239,1.056230678,1.056615894,1.119226838,1.140739412
2024-09-17,0.9953244615,1.036006062,1.060289322,1.062894365,1.134509942,1.153498916
2024-09-19,1.003097298,1.038380339,1.071932335,1.072214773,1.15719626,1.19100442
2024-09-20,1.011347127,1.034432935,1.082061696,1.081589595,1.172961819,1.208056231
2024-09-23,1.018923998,1.038455724,1.093250644,1.089809994,1.172225609,1.206239502
2024-09-24,1.048330503,1.052476902,1.113037207,1.111402147,1.220628528,1.277118022
2024-09-25,1.058933343,1.046290357,1.117032444,1.122178637,1.228886158,1.28001109
2024-09-26,1.081961072,1.063054625,1.162384296,1.164345928,1.279989156,1.373052398
2024-09-27,1.083431046,1.083348759,1.1854371,1.190265346,1.325454301,1.452482917
2024-09-30,1.099956768,1.110232583,1.233750924,1.240647914,1.357663812,1.549865458
2024-10-02,1.130792052,1.122862781,1.238420856,1.244043366,1.441823668,1.682049609
2024-10-03,1.124669883,1.113489759,1.206398746,1.221227437,1.420609769,1.623849052
2024-10-04,1.135725085,1.126930851,1.210309783,1.227517956,1.460655484,1.70489734
2024-10-07,1.149819246,1.145467193,1.242733281,1.258120612,1.483969444,1.756871443
2024-10-08,1.104603297,1.080259324,1.132994163,1.208999884,1.344372843,1.53160032
2024-10-09,1.095888122,1.069812163,1.117474897,1.201121307,1.325771655,1.513641775
2024-10-10,1.112498682,1.074148378,1.131598019,1.218286607,1.365263606,1.544741434
2024-10-14,1.112147936,1.068268566,1.117950614,1.209450882,1.355042107,1.522588431
2024-10-15,1.105567077,1.053051394,1.094749575,1.196917467,1.305313882,1.451736004
2024-10-16,1.109313569,1.062782085,1.111884509,1.208589372,1.303262001,1.435890996
2024-10-17,1.105550576,1.048378419,1.093787707,1.201289156,1.289915786,1.418734813
2024-10-18,1.126121977,1.062995787,1.130713098,1.23387273,1.33649167,1.500627864
2024-10-21,1.111179352,1.060080095,1.123881787,1.229119437,1.315571356,1.465092386
2024-10-22,1.112735584,1.065120641,1.133230664,1.239023698,1.316887669,1.474789217
2024-10-23,1.115056391,1.074932768,1.143239257,1.249390312,1.333667604,1.502183662
2024-10-24,1.108104557,1.071865399,1.134382534,1.246838228,1.316288294,1.462512435
2024-10-25,1.110606141,1.077972703,1.144127128,1.250783054,1.322746513,1.480138293
2024-10-28,1.108491358,1.096065812,1.157752216,1.26344134,1.323338179,1.491893214
2024-10-29,1.108720817,1.090188581,1.170225616,1.273357481,1.329876701,1.508126356
2024-10-30,1.103071474,1.099179976,1.170948967,1.277638781,1.309287232,1.47219622
2024-10-31,1.095308133,1.096494456,1.178144579,1.280877055,1.305220089,1.467457069
2024-11-01,1.095763984,1.095565871,1.160876274,1.265141019,1.317368197,1.462486342
2024-11-04,1.106184372,1.092148003,1.164621027,1.271909692,1.321292723,1.478230239
2024-11-05,1.118433879,1.097290524,1.178812151,1.284675381,1.349523744,1.53096104
2024-11-06,1.101425439,1.091863441,1.173981032,1.279678373,1.31942072,1.492033464
2024-11-07,1.111314731,1.09314546,1.171426639,1.279332603,1.346078461,1.525673935
2024-11-08,1.106188427,1.093582015,1.167460505,1.275267784,1.331614439,1.522614524
2024-11-11,1.099643796,1.088534007,1.170741783,1.273394657,1.312260981,1.517216523
2024-11-12,1.072118143,1.083223536,1.16014719,1.266971212,1.274997575,1.453663628
2024-11-13,1.065319477,1.082414238,1.16182368,1.26476962,1.273492392,1.453275494
2024-11-14,1.052808175,1.079823481,1.15010486,1.252822017,1.248589734,1.408476981
2024-11-15,1.059990219,1.079722284,1.114872068,1.215110818,1.247981365,1.411582055
2024-11-18,1.057511538,1.073628543,1.096894961,1.203480328,1.257634967,1.416047228
2024-11-19,1.064453897,1.074494785,1.100749305,1.193901256,1.263227851,1.43350022
2024-11-20,1.070646075,1.071453178,1.065458471,1.158245765,1.265883603,1.439384204
2024-11-21,1.070393299,1.071875904,1.062322327,1.159937923,1.259208889,1.42146806
2024-11-22,1.050250703,1.063417276,1.055998012,1.153011084,1.23536622,1.384954093
2024-11-25,1.052789972,1.062828138,1.055488532,1.14898884,1.230292409,1.381402176
2024-11-26,1.045631876,1.060660158,1.043762142,1.130455384,1.230819833,1.377057682
2024-11-27,1.066095112,1.059207104,1.03643149,1.128870768,1.259338657,1.426781259
2024-11-28,1.051511729,1.058268582,1.007908091,1.099002779,1.244166692,1.405029436
2024-11-29,1.053769914,1.057162209,1.009139006,1.109212729,1.247805985,1.41996771
2024-12-02,1.053501418,1.056961778,1.017115749,1.117894904,1.255944125,1.43705866
2024-12-03,1.060187516,1.055395442,1.008890322,1.102216652,1.268537428,1.440985665
2024-12-04,1.056665286,1.059196081,1.010911689,1.103507584,1.268289455,1.436435689
2024-12-05,1.056082927,1.057521283,1.030301638,1.128899541,1.256596179,1.42540485
2024-12-06,1.065471404,1.061409731,1.022971264,1.12056737,1.27621624,1.456204439
2024-12-09,1.09027654,1.064066469,1.035995074,1.127891924,1.311436117,1.518876694
2024-12-10,1.079037751,1.061327976,1.029889063,1.12297991,1.304831427,1.49772175
2024-12-11,1.080078226,1.063114643,1.022038516,1.112965917,1.294794944,1.478034541
2024-12-12,1.088193795,1.070050591,1.03069504,1.127651836,1.310341438,1.500618079
2024-12-13,1.077830737,1.071850422,1.025617579,1.121308675,1.282986674,1.461080579
2024-12-16,1.069412194,1.065249247,1.021621967,1.118419068,1.271696193,1.439912588
2024-12-17,1.065543753,1.068915387,1.015942245,1.114543139,1.265592588,1.431556288
2024-12-18,1.071738658,1.076573199,1.027347228,1.127334955,1.276132726,1.457574324
2024-12-19,1.066456781,1.075824213,1.022879514,1.117958155,1.268935084,1.44799165
2024-12-20,1.06261039,1.077508007,1.018487216,1.115034165,1.266891555,1.44953114
2024-12-23,1.066421432,1.078757244,1.014947041,1.110018148,1.277326337,1.453986529
2024-12-24,1.079511759,1.079956896,1.016311001,1.11115966,1.291148584,1.470229456
2024-12-27,1.083879821,1.076158352,1.034225345,1.139045974,1.290645571,1.480320945
2024-12-30,1.08749181,1.073674967,1.031852757,1.135901563,1.287495158,1.467930005
2024-12-31,1.086908213,1.071855156,1.034821211,1.134997739,1.288685557,1.457332964
2025-01-02,1.060421311,1.070690492,1.026354431,1.119994129,1.260635697,1.421265839
2025-01-03,1.057337504,1.068438779,1.019303466,1.115168039,1.2694336,1.436135619
2025-01-06,1.05620568,1.06329173,1.018993323,1.115737388,1.264809482,1.433513267
2025-01-07,1.053173726,1.057768251,1.049597928,1.144553996,1.249345859,1.420375414
2025-01-08,1.040057836,1.057909685,1.043461296,1.135647648,1.238569954,1.404915279
2025-01-09,1.042421999,1.045190354,1.037164702,1.124394533,1.236067739,1.406265595
2025-01-10,1.027086679,1.036364637,1.020836091,1.108038446,1.224722652,1.389722598
2025-01-13,1.023943658,1.042663594,1.01377556,1.101328698,1.212507091,1.377034851
2025-01-14,1.033637226,1.04330241,0.9996373876,1.096225722,1.234711596,1.419475203
2025-01-15,1.029639912,1.041058129,0.999055886,1.093624427,1.23897018,1.423307621
2025-01-16,1.036635063,1.03653654,1.001870173,1.098267538,1.254183902,1.440783444
2025-01-17,1.044291253,1.026785788,0.9929442614,1.090611418,1.258113568,1.460946852
2025-01-20,1.048075455,1.030163323,1.000583689,1.099062203,1.280068173,1.498785042
2025-01-21,1.054779609,1.03144492,1.009257222,1.111855032,1.291679221,1.530918639
2025-01-22,1.051117923,1.030342958,1.004694912,1.110742346,1.270622072,1.49418288
2025-01-23,1.046690665,1.031639288,1.001637088,1.107887505,1.265597727,1.472783313
2025-01-24,1.063648085,1.035438202,1.010141519,1.116310441,1.289086425,1.519140886
2025-01-27,1.065640128,1.034525479,1.024739792,1.132121619,1.29753935,1.528837718
2025-01-28,1.06739813,1.038316984,1.028602919,1.137522491,1.299295718,1.540674179
2025-02-03,1.060867648,1.032195711,1.030119423,1.140148081,1.298791421,1.545185016
2025-02-04,1.06341737,1.036313062,1.05642008,1.153550097,1.33558265,1.623438086
2025-02-05,1.05645665,1.042952003,1.045310648,1.148454267,1.323192351,1.608049707
2025-02-06,1.062726576,1.044176056,1.055133355,1.156157117,1.342113462,1.650183467
2025-02-07,1.059843747,1.045744886,1.056291497,1.162204038,1.357654818,1.679854531
2025-02-10,1.064918456,1.04597826,1.073915918,1.167842732,1.382608869,1.724313834
2025-02-11,1.063085649,1.04237405,1.074434995,1.165086824,1.368018291,1.677232179
2025-02-12,1.074859434,1.047506326,1.076422418,1.168288641,1.40419023,1.72252646
2025-02-13,1.066289545,1.042708097,1.077355054,1.170781268,1.401392503,1.70755557
2025-02-14,1.07936522,1.045235615,1.130427545,1.219214427,1.453168755,1.802449485
2025-02-17,1.092627813,1.045108432,1.190953546,1.278792821,1.452905364,1.793656126
2025-02-18,1.095466751,1.046457553,1.190284277,1.276061877,1.476069641,1.839250477
2025-02-19,1.093797325,1.046150801,1.209754773,1.290197021,1.473977288,1.850075833
2025-02-20,1.095997206,1.063169995,1.235194949,1.323700815,1.450383876,1.79390401
2025-02-21,1.100950086,1.065852521,1.253699723,1.346460468,1.508261806,1.911087917
2025-02-24,1.097690917,1.074255528,1.258099243,1.349352249,1.499505018,1.888328251
2025-02-25,1.09018345,1.073850028,1.229307718,1.320852381,1.479744909,1.85874525
2025-02-26,1.09825448,1.077743385,1.229251394,1.311451749,1.528177379,1.941907076
2025-02-27,1.093396504,1.085821215,1.21546171,1.292313779,1.523703586,1.91816892
2025-02-28,1.077263538,1.077107159,1.175670309,1.262198005,1.473789702,1.816122246
2025-03-03,1.078867889,1.081481411,1.204085388,1.286941162,1.477962201,1.805593699
2025-03-04,1.083622183,1.081905393,1.202628203,1.289618511,1.473818611,1.805521943
2025-03-05,1.11146366,1.101356516,1.242697685,1.338098128,1.515732474,1.878028017
2025-03-06,1.132468939,1.110049864,1.292540803,1.384175263,1.565551923,1.979409318
2025-03-07,1.126159039,1.128916246,1.300049152,1.40008749,1.556660228,1.969190626
2025-03-10,1.123981605,1.14024741,1.302954319,1.403797136,1.527892146,1.919630131
2025-03-11,1.123446716,1.136251207,1.333281212,1.436514951,1.52780542,1.946290709
2025-03-12,1.125463527,1.137764153,1.324637421,1.422478552,1.516124349,1.906541203
2025-03-13,1.121119888,1.128432758,1.304938429,1.396549462,1.507280835,1.874710938
2025-03-14,1.142027513,1.137573112,1.316813005,1.410865612,1.539230166,1.918093902
2025-03-17,1.149632185,1.14899332,1.342032308,1.442883617,1.551152785,1.915494382
2025-03-18,1.18052319,1.158890473,1.357707156,1.4654424,1.589376605,1.991389292
2025-03-19,1.182025963,1.168964945,1.354770122,1.468085717,1.591340474,1.970413738
2025-03-20,1.163074381,1.169763484,1.368261595,1.477152968,1.555931084,1.903579641
2025-03-21,1.1412629,1.153375882,1.331340728,1.44422593,1.5218682,1.83941682
2025-03-24,1.143462392,1.146372474,1.357754691,1.468245744,1.535734132,1.871142713
2025-03-25,1.118289901,1.132262642,1.317299997,1.427923679,1.499674616,1.799611866
2025-03-26,1.122082149,1.133033609,1.326555379,1.441744178,1.508608711,1.817720446
2025-03-27,1.133165579,1.138514636,1.340197725,1.45848982,1.51474251,1.822965149
2025-03-28,1.127488676,1.131486793,1.352610112,1.475554257,1.504964921,1.796007763
2025-03-31,1.122796798,1.124562692,1.352631222,1.474590824,1.48524143,1.759559027
2025-04-01,1.128443067,1.121807474,1.366396621,1.484448222,1.490847162,1.763688253
2025-04-02,1.135513284,1.123188771,1.357475809,1.478585348,1.49057028,1.769904923
2025-04-03,1.109933873,1.112296258,1.332059825,1.446174927,1.467910943,1.732989775
2025-04-07,0.9373227013,1.080646407,1.157707796,1.286394387,1.273803964,1.435610496
2025-04-08,0.9594148799,1.083156276,1.193470959,1.321686212,1.293036648,1.490037346
2025-04-09,0.980165147,1.085269636,1.216456129,1.345111596,1.301825557,1.529441119
2025-04-10,1.008016397,1.094921782,1.245303367,1.378273329,1.328632981,1.570064743
2025-04-11,1.041910946,1.09802601,1.277263918,1.406405896,1.343595519,1.598339829
2025-04-14,1.061519569,1.105434472,1.32644182,1.43913099,1.37589047,1.635747484
2025-04-15,1.054942296,1.11101069,1.345428204,1.454724531,1.379029963,1.624814495
2025-04-16,1.029471194,1.108069956,1.353096358,1.466643172,1.352736472,1.564369934
2025-04-17,1.036239419,1.107121453,1.364255602,1.488235442,1.37446045,1.594080138
2025-04-22,1.054002011,1.109745965,1.409564799,1.522375295,1.38520038,1.59794191
2025-04-23,1.084422687,1.11321079,1.396955109,1.514891514,1.417982926,1.646928358
2025-04-24,1.074742092,1.111382809,1.430981162,1.547655307,1.40752052,1.622952103
2025-04-25,1.077423373,1.113979718,1.432891013,1.548453591,1.412080397,1.625258077
2025-04-28,1.078654024,1.113473649,1.428453833,1.54211527,1.411516355,1.627208532
2025-04-29,1.090814405,1.113534117,1.437972999,1.546758549,1.413838693,1.637251097
2025-04-30,1.09901645,1.113781281,1.426946437,1.537615577,1.420988796,1.659329082
2025-05-02,1.114858261,1.119067497,1.452574638,1.565559117,1.4457392,1.710419283
2025-05-06,1.112970813,1.12664997,1.474794642,1.585896681,1.455891318,1.708931979
2025-05-07,1.110904615,1.129131285,1.450386945,1.553074111,1.457765249,1.69606158
2025-05-08,1.112873417,1.134092183,1.441286382,1.537533038,1.463164123,1.705477911
2025-05-09,1.108274968,1.138925608,1.447995425,1.548136289,1.469062797,1.68960681
2025-05-12,1.127541462,1.132396113,1.42813466,1.526082823,1.512857658,1.776724996
2025-05-13,1.125702939,1.148666292,1.464167714,1.562308309,1.484514856,1.71876906
2025-05-14,1.137067727,1.15293374,1.475554779,1.573287275,1.51871586,1.755338476
2025-05-15,1.128979701,1.148233033,1.468117689,1.554195907,1.506671181,1.727960339
2025-05-16,1.125371927,1.152912444,1.476629472,1.565013804,1.499726009,1.722578646
2025-05-19,1.123721036,1.152079992,1.478462463,1.562703722,1.498933909,1.714007078
2025-05-20,1.132535954,1.164439211,1.506706118,1.592416986,1.521338849,1.73373995
2025-05-21,1.138749007,1.169606587,1.534167314,1.616923775,1.530737411,1.742497431
2025-05-22,1.130228575,1.171210504,1.543841619,1.651387145,1.512526813,1.712927478
2025-05-23,1.129778215,1.164935922,1.524097104,1.625355399,1.516185378,1.711335801
2025-05-26,1.122526244,1.16633113,1.508855604,1.614800057,1.495696769,1.682235522
2025-05-27,1.128921977,1.175475424,1.534113265,1.6390943,1.502099098,1.690373294
2025-05-28,1.132847196,1.168216194,1.520343103,1.622063221,1.494153683,1.687777035
2025-05-29,1.137569379,1.179709641,1.549889472,1.650813807,1.514394319,1.729291084
2025-05-30,1.130983536,1.180498498,1.572396919,1.667116119,1.496174727,1.686403888
2025-06-02,1.115129166,1.182415255,1.603779209,1.704060375,1.487707669,1.674557641
2025-06-03,1.134453166,1.181958348,1.611577362,1.703199614,1.510482642,1.692620558
2025-06-04,1.137042365,1.194833755,1.619773225,1.72299578,1.519575414,1.702252157
2025-06-05,1.133959195,1.195671189,1.587978508,1.706158934,1.535824713,1.735175068
2025-06-06,1.132950182,1.20863509,1.608846624,1.718171494,1.528473533,1.724268171
2025-06-09,1.140655366,1.222739656,1.633563374,1.761864548,1.553456493,1.772119571
2025-06-10,1.150734086,1.226816142,1.647524749,1.77016714,1.552264167,1.758733835
2025-06-11,1.161237358,1.223592502,1.647211122,1.777204449,1.565373973,1.777980724
2025-06-12,1.159963603,1.232235906,1.637295536,1.794331586,1.544073991,1.738883543
2025-06-13,1.164790747,1.223667492,1.627184827,1.775617865,1.53489899,1.709000473
2025-06-16,1.16587213,1.233053342,1.634883839,1.769999743,1.545719221,1.728635496
2025-06-17,1.164627773,1.216517363,1.569407267,1.695244858,1.540535557,1.726006621
2025-06-18,1.16600797,1.222346015,1.573487172,1.71069314,1.523215349,1.700748544
2025-06-19,1.143050489,1.206130858,1.532582707,1.677011474,1.492832231,1.659622629
2025-06-20,1.156391559,1.198177084,1.54055007,1.688207537,1.51163835,1.674241263
2025-06-23,1.164936359,1.205276477,1.544609044,1.68942384,1.521830298,1.691811673
2025-06-24,1.184166958,1.208806654,1.565155124,1.712233918,1.553176399,1.727999478
2025-06-25,1.19112888,1.207362588,1.560173829,1.711020716,1.572294733,1.747915002
2025-06-26,1.196083706,1.203376273,1.53704989,1.690266246,1.562705373,1.74339438
2025-06-27,1.191085416,1.199801864,1.536850649,1.693131083,1.560055402,1.742177792
2025-06-30,1.181822929,1.201508366,1.537133028,1.702517234,1.54644451,1.729584631
2025-07-02,1.191158797,1.200149919,1.527882322,1.684664966,1.556024877,1.71858967
2025-07-03,1.189519782,1.205987426,1.539038187,1.69816239,1.546294185,1.707043494
2025-07-04,1.1893337,1.20474123,1.531055613,1.695341542,1.53640867,1.701351946
2025-07-07,1.188516091,1.210934283,1.556470298,1.71055929,1.534595126,1.705689917
2025-07-08,1.186228549,1.225346632,1.591056604,1.753397697,1.55131339,1.737128786
2025-07-09,1.180096895,1.22517679,1.599403651,1.760632339,1.534883572,1.706482493
2025-07-10,1.193692198,1.230012403,1.625082709,1.78600042,1.543623657,1.701462842
2025-07-11,1.188689274,1.237039759,1.644696343,1.806993375,1.550767335,1.711860924
2025-07-14,1.199751086,1.233074792,1.677552414,1.838759889,1.554862744,1.723283159
2025-07-15,1.197529041,1.231328681,1.668389447,1.820099007,1.579711439,1.771486815
2025-07-16,1.196040875,1.237338846,1.693124935,1.848776966,1.575062909,1.767282571
2025-07-17,1.19068688,1.23969016,1.691374562,1.845170595,1.573854522,1.77721424
2025-07-18,1.197256862,1.242129789,1.700572862,1.864466916,1.594842932,1.806562403
2025-07-21,1.20869301,1.241404126,1.693294098,1.875894659,1.605666376,1.821784439
2025-07-22,1.21838258,1.235622532,1.670345495,1.863669303,1.614396183,1.828741499
2025-07-23,1.225109279,1.239718433,1.663381566,1.863549093,1.640609371,1.874048827
2025-07-24,1.230303501,1.247832309,1.661757917,1.861135805,1.648903619,1.87315514
2025-07-25,1.227291829,1.250682466,1.643692382,1.845975537,1.630991102,1.851921917
2025-07-28,1.22396106,1.269756839,1.695539461,1.901546616,1.642155027,1.847394772
2025-07-29,1.218676492,1.272479617,1.722064496,1.928216161,1.639734399,1.840988927
2025-07-30,1.217830082,1.282351239,1.720937752,1.911786253,1.617409119,1.790883739
2025-07-31,1.200347115,1.271891486,1.705625798,1.886699427,1.591481163,1.77861348
2025-08-01,1.184050048,1.274150586,1.664016554,1.846653835,1.574423704,1.760433145
2025-08-04,1.202280746,1.285795723,1.687754813,1.860260969,1.588919204,1.787781927
2025-08-05,1.224978095,1.290827136,1.711552514,1.879770407,1.599781193,1.800769745
2025-08-06,1.225481105,1.28887696,1.727410785,1.895834581,1.600301551,1.804390156
2025-08-07,1.231182754,1.28542258,1.715239761,1.884725711,1.611286884,1.809139092
2025-08-08,1.228627984,1.283150258,1.730330466,1.912069047,1.596973187,1.780948809
2025-08-11,1.229436484,1.29206971,1.794559874,2.0037081,1.600056147,1.780857483
2025-08-12,1.236276913,1.293926929,1.79831112,2.006899869,1.604095024,1.774053719
2025-08-13,1.262943554,1.295356569,1.831973896,2.045214865,1.645466045,1.836553108
2025-08-14,1.259072598,1.2962445,1.816744916,2.0388654,1.639404839,1.818695673
2025-08-15,1.287574002,1.295675065,1.848103648,2.053089663,1.623392592,1.807977951
2025-08-18,1.307236435,1.305555497,1.892470576,2.084808575,1.61740398,1.819723087
2025-08-19,1.296568359,1.30779529,1.864197451,2.063719935,1.613938139,1.807606125
2025-08-20,1.291112886,1.307749901,1.827363636,2.033799404,1.616703102,1.807358241
2025-08-21,1.302337231,1.305650016,1.843740669,2.042379196,1.612763158,1.793408242
2025-08-22,1.307636545,1.316920979,1.909913256,2.097232729,1.627829767,1.842065265
2025-08-25,1.327328186,1.321700477,1.937607676,2.113479834,1.659357673,1.899929875
2025-08-26,1.318646568,1.311388834,1.928532436,2.091197876,1.639764593,1.885953783
2025-08-27,1.292071486,1.292177029,1.879293025,2.052806265,1.619004241,1.8583245
2025-08-28,1.287819517,1.288043318,1.857471437,2.028582692,1.605967027,1.840871508
2025-08-29,1.279778944,1.299799421,1.918293052,2.077515042,1.611029274,1.850750991
2025-09-01,1.265485217,1.316779483,1.965023404,2.139426018,1.645706951,1.891407231
2025-09-02,1.251738001,1.31133444,1.922448465,2.102685743,1.637942055,1.868412727
2025-09-03,1.238854062,1.307961056,1.971364089,2.148813958,1.628105364,1.85382671
2025-09-04,1.220344718,1.293109856,1.897867229,2.071610298,1.609801615,1.819618715
2025-09-05,1.246115671,1.302829973,1.939998414,2.1126156,1.632894584,1.855036775
2025-09-08,1.248436293,1.312025405,1.959364291,2.123408536,1.646766297,1.876661394
2025-09-09,1.258284709,1.315535499,1.956807799,2.120672908,1.666309911,1.901120371
2025-09-10,1.268008528,1.316094542,1.967411422,2.138243083,1.683149591,1.925240138
2025-09-11,1.278336047,1.318577973,1.985470792,2.156012001,1.675829891,1.920699946
2025-09-12,1.28640242,1.320041677,1.984500881,2.159822588,1.695220609,1.953479346
2025-09-15,1.266199093,1.322202231,1.9821631,2.157814049,1.698972325,1.971203053
2025-09-16,1.249593214,1.322063836,1.944158681,2.113656036,1.69845518,1.982308909
2025-09-17,1.257985838,1.316985515,1.927348861,2.096251929,1.728641076,2.065995858
2025-09-18,1.240098115,1.308870456,1.931820356,2.094333302,1.705286643,2.045441054
2025-09-19,1.229660023,1.306425175,1.943438282,2.107855294,1.705302704,2.05300804
2025-09-22,1.23405026,1.302746379,1.957578734,2.127719222,1.692392689,2.041099822
2025-09-23,1.212983236,1.304046641,1.946926948,2.122143983,1.680506687,2.011467897
2025-09-24,1.214256387,1.312148071,1.933432852,2.103920598,1.70360351,2.062378708
2025-09-25,1.209702673,1.315120384,1.928749095,2.095374131,1.701421219,2.080656893
2025-09-26,1.195982626,1.321924882,1.900114487,2.066784702,1.678520333,2.020616775
2025-09-29,1.256952778,1.328199529,1.947274199,2.099540462,1.710299424,2.062737488
2025-09-30,1.276853167,1.336074225,1.976292822,2.125351785,1.725247186,2.108860223
2025-10-02,1.262532785,1.339463996,2.015202791,2.159403994,1.75297134,2.179702865
2025-10-03,1.257898042,1.353098947,2.02783984,2.179711487,1.743579201,2.160129813
2025-10-06,1.245733577,1.361426006,2.039237648,2.190487606,1.731813332,2.136466674
2025-10-08,1.246028162,1.36231083,2.043484271,2.194225144,1.723570477,2.124688922
2025-10-09,1.240164167,1.366721908,2.00767813,2.173007612,1.718632217,2.11071283
2025-10-10,1.224081886,1.340900362,1.952334128,2.132025017,1.6889352,2.041699962
2025-10-13,1.213528161,1.330616258,1.966597397,2.135312495,1.663184552,2.004439081
2025-10-14,1.191217507,1.31486729,1.935709235,2.10692896,1.634395913,1.931949314
2025-10-15,1.214296639,1.321975092,1.961642082,2.115178799,1.664541337,1.981529379
2025-10-16,1.207945897,1.317546382,1.940948766,2.095123529,1.663122237,1.958140218
2025-10-17,1.172577999,1.307638786,1.915669969,2.08064122,1.62191696,1.878823856
2025-10-20,1.189854171,1.31518042,1.919362979,2.081356102,1.661215543,1.935181591
2025-10-21,1.201487438,1.317926199,1.927703821,2.072994436,1.672054405,1.959568812
2025-10-22,1.189685,1.318708026,1.924167028,2.061392172,1.656265077,1.931893867
2025-10-23,1.186989007,1.314997586,1.874635494,2.023841736,1.668227526,1.941143854
2025-10-24,1.202932953,1.322874784,1.897754374,2.026109202,1.680572856,1.976512989
2025-10-27,1.220710446,1.321447093,1.883869499,2.044892359,1.698146177,2.012779073
2025-10-28,1.202307348,1.316422535,1.85493495,2.005899976,1.692521172,1.987455764
2025-10-30,1.198580845,1.314395344,1.854289049,1.996914485,1.688445036,1.973861283
2025-10-31,1.181775696,1.315393653,1.853948118,2.019274572,1.664287582,1.926998157
2025-11-03,1.186304368,1.304476765,1.83682685,2.004609781,1.680457864,1.931694907
2025-11-04,1.175717592,1.302266443,1.823077979,1.969209024,1.66722664,1.897711965
2025-11-05,1.176486995,1.308244206,1.829359299,1.970733508,1.666135174,1.887131232
2025-11-06,1.189341433,1.325471496,1.835106531,1.9694763,1.701499594,1.938785694
2025-11-07,1.183669655,1.324837398,1.826911267,1.952670171,1.685820119,1.903931897
2025-11-10,1.200257788,1.32489499,1.85898719,1.997998403,1.711981272,1.929437858
2025-11-11,1.199925907,1.326016944,1.865175312,1.998907872,1.715023117,1.932317879
2025-11-12,1.218669601,1.318098862,1.850618723,1.968949486,1.729562302,1.935449045
2025-11-13,1.221181401,1.324935688,1.859158544,1.963721999,1.739217831,1.950879825
2025-11-14,1.206646398,1.312404491,1.855270294,1.968237704,1.707060357,1.895921329
2025-11-17,1.204640989,1.304274061,1.853733702,1.948531086,1.694971351,1.877682284
2025-11-18,1.181383297,1.306035747,1.861157998,1.958308004,1.665789553,1.841429247
2025-11-19,1.183421496,1.301170318,1.846877761,1.947683272,1.659405212,1.828764331
2025-11-20,1.189781802,1.31007892,1.856140505,1.955772969,1.659721281,1.818225998
2025-11-21,1.162291578,1.301717284,1.827287512,1.907836224,1.620177294,1.759810173
2025-11-24,1.174444946,1.304441422,1.851450149,1.927563362,1.65207202,1.808757481
2025-11-25,1.183974871,1.308138747,1.855741676,1.917432805,1.663510257,1.830437548
2025-11-26,1.186592266,1.314791959,1.874313409,1.932754568,1.665664282,1.832502161
2025-11-27,1.1822462,1.326541042,1.891761405,1.942519308,1.666810996,1.825877787
2025-11-28,1.173165333,1.326791067,1.897121111,1.942291647,1.661219398,1.82622352
2025-12-01,1.17066938,1.324567894,1.895874235,1.942550584,1.672421225,1.841112869
2025-12-02,1.179541418,1.312565029,1.845287675,1.893732709,1.676390721,1.834354768
2025-12-03,1.17155134,1.296798053,1.823303686,1.882317554,1.654913431,1.805287105
2025-12-04,1.174716142,1.301887817,1.828330857,1.899126242,1.666166652,1.831546503
2025-12-05,1.177139938,1.300608311,1.825130956,1.904448915,1.675750231,1.846885957
2025-12-08,1.161400508,1.303712129,1.825720399,1.931283747,1.65521087,1.846915312
2025-12-09,1.152512174,1.307205273,1.825663189,1.920343184,1.633938512,1.81173209
2025-12-10,1.149905096,1.300367988,1.808115465,1.892363136,1.640783466,1.820349321
2025-12-11,1.149759954,1.298004797,1.803903651,1.883575996,1.640123704,1.805179471
2025-12-12,1.156077266,1.300900934,1.83160089,1.894904444,1.668793496,1.838924314
2025-12-15,1.151658882,1.306856533,1.841999991,1.887048267,1.646443161,1.793382149
2025-12-16,1.138480167,1.307481581,1.839448893,1.872581385,1.621165974,1.762099839
2025-12-17,1.14316856,1.304712337,1.833660554,1.862078766,1.636158063,1.780182325
2025-12-18,1.152046317,1.301667151,1.829363227,1.863713634,1.638043557,1.767246694
2025-12-19,1.151729648,1.305066912,1.833993618,1.866783993,1.650403663,1.787061107
2025-12-22,1.153715486,1.304055358,1.857236753,1.892704401,1.657549911,1.802648445
2025-12-23,1.155989819,1.307500338,1.853392772,1.872645686,1.655774912,1.790273814
2025-12-24,1.156229666,1.303216689,1.879058143,1.882678679,1.658652299,1.793669173
2025-12-29,1.154285024,1.304303552,1.872537843,1.876582997,1.646851096,1.788355974
2025-12-30,1.160252104,1.300964259,1.861510909,1.862186628,1.660943801,1.819462157
2025-12-31,1.155646404,1.304658431,1.867622996,1.864148948,1.646549802,1.799109575
2026-01-02,1.165306684,1.305546964,1.866268698,1.854266929,1.692028439,1.871015509
2026-01-05,1.156703219,1.315864316,1.881108803,1.871409698,1.692591838,1.872708296
2026-01-06,1.165295109,1.326383358,1.917077919,1.916467086,1.715925071,1.899985323
2026-01-07,1.171622335,1.321569767,1.952560459,1.952122375,1.69976828,1.871693928
2026-01-08,1.168851269,1.314241664,1.933021553,1.922862526,1.679876476,1.852065428
2026-01-09,1.175565332,1.305496614,1.935443337,1.928509621,1.685175133,1.854935664
2026-01-12,1.180923139,1.306837856,1.967904061,1.985888812,1.709374344,1.912359954
2026-01-13,1.18067637,1.31147915,1.957132449,1.992598368,1.724791712,1.914509369
2026-01-14,1.186334513,1.305505475,1.959399526,2.010458398,1.734514053,1.927056867
2026-01-15,1.186724051,1.291612652,1.928650834,1.970495775,1.729619477,1.900993167
2026-01-16,1.184269776,1.284959151,1.932453823,1.970551004,1.724566224,1.89898074
2026-01-19,1.18248097,1.296944312,1.941784334,1.988232278,1.706510448,1.875431759
2026-01-20,1.187153834,1.291409384,1.934350142,1.977292757,1.701603023,1.853728861
2026-01-21,1.188512638,1.293015975,1.9400219,1.983377073,1.707869803,1.874231478
2026-01-22,1.191221779,1.298446753,1.939257804,1.983385753,1.710754256,1.879495752
2026-01-23,1.189688747,1.304626208,1.937063905,1.979467711,1.718434352,1.891097376
2026-01-26,1.187887985,1.300299774,1.936363909,1.985345832,1.719462862,1.867607104
2026-01-27,1.190299118,1.294500828,1.922819955,1.959495356,1.742681745,1.876977772
2026-01-28,1.203489136,1.296178442,1.959293882,1.983277834,1.787648374,1.924414945
2026-01-29,1.217793563,1.307749836,1.95771924,1.980689716,1.796718019,1.905151747
2026-01-30,1.201795427,1.302753161,1.941036457,1.953931423,1.759394869,1.865059769
2026-02-02,1.179678423,1.297742566,1.937277616,1.937487892,1.720108491,1.80247884
2026-02-03,1.205828404,1.305182942,1.977507211,1.985792445,1.723911601,1.783218904
2026-02-04,1.214963075,1.307309084,1.98467713,1.982155667,1.724717834,1.750335133
2026-02-05,1.213117602,1.303620258,1.963275381,1.955704878,1.72715388,1.763280549
2026-02-06,1.20501628,1.306606348,1.961985351,1.955436011,1.706256693,1.74373359
2026-02-09,1.226499752,1.307285628,1.981479232,1.977184395,1.736271064,1.767021641
2026-02-10,1.231736447,1.309418141,2.000042254,1.994886152,1.746292129,1.777925276
2026-02-11,1.23689194,1.312866644,1.974254691,1.980120864,1.751638967,1.793894225
2026-02-12,1.236920107,1.318335501,1.987887445,2.001194798,1.736616684,1.764210114
2026-02-13,1.225928681,1.320210272,1.98819978,1.996617526,1.706717306,1.74837163
2026-02-16,1.231932706,1.336088217,2.010392949,2.005105355,1.715635341,1.750687389
2026-02-20,1.214934279,1.334825118,1.991812286,1.994283127,1.696838858,1.69979941
2026-02-23,1.236271046,1.327948118,1.995526521,1.987080705,1.739788298,1.756502878
2026-02-24,1.239895339,1.3272243,1.991125245,1.970210067,1.708207714,1.71910827
2026-02-25,1.238152239,1.320895633,1.996070084,1.967298361,1.719475711,1.715781405
2026-02-26,1.234886305,1.316721512,2.03177574,1.989165419,1.694761923,1.666475318
2026-02-27,1.23896969,1.31970065,2.030418872,1.979851907,1.710791516,1.67577423
2026-03-02,1.210185226,1.312459257,1.996258146,1.946520302,1.674129412,1.627348783
2026-03-03,1.182639485,1.306870666,1.93602618,1.920509508,1.655385608,1.590544529
2026-03-04,1.16564186,1.302780744,1.925724116,1.869424157,1.622069855,1.575205075
2026-03-05,1.164157083,1.31801694,1.963855897,1.884662923,1.626686265,1.564386242
2026-03-06,1.182530839,1.313914444,1.965127005,1.918348733,1.65469244,1.61369233
2026-03-09,1.165999164,1.31667961,1.968763534,1.906880223,1.632283003,1.611810369
2026-03-10,1.181697172,1.30989021,2.036900945,1.946994206,1.667708453,1.650558554
2026-03-11,1.179472788,1.311899256,2.035825759,1.927632532,1.663780715,1.648705948
2026-03-12,1.170709908,1.327253175,2.021525686,1.925666709,1.652088723,1.639831047
2026-03-13,1.151764674,1.32580379,2.003409906,1.931724905,1.635953774,1.6236664
2026-03-16,1.159235805,1.318428189,2.036518038,1.968035537,1.659621706,1.667274417
2026-03-17,1.166885684,1.310997469,2.013354267,1.964894686,1.66183933,1.665924102
2026-03-18,1.176569989,1.308106234,2.0277609,1.948054435,1.67191757,1.66613937
2026-03-19,1.155870743,1.303426255,1.964018925,1.906517645,1.638200949,1.62960257
2026-03-20,1.150226221,1.309426338,1.966286352,1.903842605,1.623858344,1.589190952
2026-03-23,1.101052202,1.295580715,1.902727922,1.85879312,1.566371647,1.53703746
2026-03-24,1.132954939,1.304426924,1.958180213,1.895216812,1.610135672,1.575658442
2026-03-25,1.144703661,1.311606615,1.996557435,1.932216729,1.627624836,1.605681763
2026-03-26,1.117188607,1.308522024,1.973608944,1.925918055,1.59681965,1.553039025
2026-03-27,1.136501774,1.317845348,1.995518673,1.962912451,1.602951521,1.558410933
2026-03-30,1.121290054,1.302840974,1.991907387,1.960407572,1.590033155,1.529731405
2026-03-31,1.113375464,1.30015866,1.960588327,1.955972406,1.592432583,1.516600075
2026-04-01,1.135942408,1.300139687,1.999794229,2.020621866,1.624931823,1.551378855
2026-04-02,1.132611357,1.304532337,1.995209923,2.014003843,1.613528919,1.526150133
2026-04-08,1.159772912,1.312439927,2.027628612,2.041736375,1.663411967,1.605782873
2026-04-09,1.162719347,1.299629157,2.005867357,2.005921008,1.654378298,1.572651217
2026-04-10,1.164918794,1.293391256,2.0190499,2.018741313,1.663445373,1.585237854
2026-04-13,1.16146074,1.310421049,2.049599572,2.020898602,1.648496969,1.572762113
2026-04-14,1.162775985,1.315665696,2.050930984,2.025285557,1.662082164,1.5825307
2026-04-15,1.159202884,1.334568304,2.087997183,2.045242057,1.666900292,1.602045043
2026-04-16,1.161273672,1.337553069,2.101592646,2.048041493,1.695612484,1.660849003
2026-04-17,1.152620632,1.335444756,2.116510722,2.063148129,1.68058442,1.644736542
2026-04-20,1.157127361,1.338955529,2.117024275,2.055225828,1.693480301,1.652221987
2026-04-21,1.178257001,1.338356682,2.09670987,2.03950466,1.701601096,1.650874933
2026-04-22,1.166261987,1.353473416,2.101702346,2.028825083,1.680771363,1.619054453
2026-04-23,1.16927372,1.341296866,2.086559196,2.030960648,1.664836849,1.586953473
2026-04-24,1.178251353,1.330909766,2.053894635,2.014290696,1.668875725,1.598917138
2026-04-27,1.177720416,1.334308626,2.05951643,2.031458422,1.665508174,1.61119392
2026-04-28,1.180614891,1.332775204,2.05583943,2.030356041,1.649713064,1.574451638
2026-04-29,1.199908229,1.347083425,2.086896181,2.047742679,1.677469339,1.601467734
2026-04-30,1.189777035,1.344683087,2.058579187,2.022359304,1.65592845,1.588845219
2026-05-04,1.198325714,1.365240113,2.11998547,2.067921035,1.676444041,1.623216295
2026-05-05,1.195743974,1.363972393,2.132636164,2.071911986,1.663771079,1.607880102
2026-05-06,1.201252892,1.366019412,2.127133605,2.063263549,1.684018139,1.620770071
2026-05-07,1.210440845,1.375711828,2.160971471,2.084848678,1.710517846,1.670314258
2026-05-08,1.199847105,1.372604574,2.166436836,2.107215709,1.695577151,1.66434221
2026-05-11,1.209898948,1.37381914,2.202865098,2.140664098,1.696420644,1.665519659
2026-05-12,1.209242555,1.383761397,2.208373993,2.148327656,1.69263488,1.653846279
2026-05-13,1.210694349,1.382398004,2.17706796,2.127211037,1.695238597,1.661426312
2026-05-14,1.20887939,1.38272495,2.159601804,2.118340722,1.695277142,1.655669531
2026-05-15,1.199617308,1.382173986,2.115197138,2.082862304,1.667890257,1.611617932
2026-05-18,1.182492514,1.375899024,2.157289612,2.132769417,1.649417553,1.580241035
2026-05-19,1.180099137,1.385551727,2.177918782,2.155161327,1.657298083,1.584324598
2026-05-20,1.17480309,1.387574284,2.183287078,2.157017479,1.647871897,1.589660627
2026-05-21,1.168790449,1.384060953,2.17181659,2.148485586,1.63087354,1.555439586
2026-05-22,1.167646403,1.394034874,2.170517283,2.156198658,1.644975238,1.588274434
2026-05-26,1.159596524,1.386074173,2.189678683,2.177407571,1.644552528,1.613490109
2026-05-27,1.156002688,1.384435084,2.21210113,2.192227504,1.62712889,1.600668635
2026-05-28,1.146694423,1.378957212,2.192792943,2.182462853,1.606438561,1.594474796
2026-05-29,1.162151687,1.374140152,2.176366198,2.174028915,1.617759879,1.593055986
2026-06-01,1.156347894,1.373379897,2.182903442,2.174563162,1.631622598,1.619374093
2026-06-02,1.171399288,1.371742105,2.187191837,2.180793971,1.672746288,1.695813696
2026-06-03,1.16607241,1.368141821,2.250745997,2.21135088,1.646721328,1.649397414
2026-06-04,1.150147564,1.396217862,2.27384691,2.198496942,1.622321683,1.622779236
2026-06-05,1.145042651,1.375576668,2.228784967,2.163854042,1.603598435,1.594412825
2026-06-08,1.15146406,1.354138778,2.162891838,2.114355852,1.584011779,1.551202727
2026-06-09,1.138814835,1.379110807,2.192667202,2.123176969,1.578155505,1.555671162
2026-06-10,1.149225575,1.38887693,2.148674312,2.106099515,1.568009169,1.541052529
2026-06-11,1.145479554,1.381372064,2.150757256,2.115633434,1.557815936,1.518530961
2026-06-12,1.162147481,1.376467046,2.103660715,2.101288902,1.587933094,1.534662992
2026-06-15,1.159290126,1.387498253,2.155841935,2.13541856,1.595935684,1.554356725
2026-06-16,1.150118872,1.416393696,2.151740638,2.120538009,1.573533314,1.519480096
2026-06-17,1.126331798,1.427333805,2.191396292,2.135543206,1.561854812,1.522878716
2026-06-18,1.103384831,1.436121615,2.198019417,2.113638864,1.536970785,1.501769435
2026-06-22,1.097702984,1.457377168,2.191768536,2.084029815,1.526930447,1.48385003
2026-06-23,1.091285329,1.454505189,2.147125198,2.07727635,1.499162609,1.434863582
2026-06-24,1.079631978,1.454340191,2.14768044,2.078461846,1.504038555,1.460891404
2026-06-25,1.063205441,1.427578192,2.156327949,2.058111535,1.482500236,1.437048876
2026-06-26,1.051000718,1.406235832,2.125830263,2.056084183,1.45647913,1.388016765
2026-06-29,1.062089806,1.404171753,2.147585405,2.05039179,1.479273375,1.432838109
2026-06-30,1.043589321,1.402853631,2.187597415,2.077601022,1.469915927,1.458676756
2026-07-02,1.051406286,1.385678369,2.25961726,2.208464512,1.481094627,1.452822127
2026-07-03,1.063538508,1.374933407,2.277622295,2.228230278,1.500045933,1.467408144
2026-07-06,1.064492474,1.379506731,2.274698503,2.19445433,1.517152859,1.481182015
2026-07-07,1.056577338,1.366893256,2.259422539,2.19174706,1.509480471,1.470030496
2026-07-08,1.077332972,1.371782074,2.267750236,2.17928943,1.554614771,1.543084525
2026-07-09,1.064957315,1.372868641,2.254539627,2.169836236,1.543739934,1.543260653
2026-07-10,1.066646742,1.373049315,2.209520032,2.125961267,1.553051128,1.540031638
2026-07-13,1.064237468,1.380965966,2.225839121,2.111711937,1.555530858,1.525279277
2026-07-14,1.072687924,1.375748869,2.250418549,2.145195707,1.563690198,1.526267552
2026-07-15,1.080952922,1.377840597,2.294830022,2.182569503,1.58555615,1.54617329
2026-07-16,1.088585068,1.376752682,2.283316724,2.148331728,1.606595311,1.576816321
2026-07-17,1.08116089,1.342522023,2.232094625,2.076335223,1.57792038,1.507907826
2026-07-20,1.102194977,1.330479392,2.187309225,2.052123277,1.61523261,1.549976353
2026-07-21,1.107060996,1.336655137,2.217160587,2.091430434,1.614541369,1.570420261
2026-07-22,1.10560131,1.343526714,2.220559679,2.075469256,1.599147127,1.522604739
2026-07-23,1.122538728,1.353625386,2.2429087,2.100942955,1.619585628,1.532471175
2026-07-24,1.117013833,1.354125558,2.205243739,2.098691655,1.603680665,1.509975701
2026-07-27,1.124196134,1.357824438,2.209968904,2.121923175,1.619352431,1.533635578
2026-07-28,1.125182916,1.351918607,2.1759308,2.081257618,1.626012369,1.542950798
2026-07-29,1.140754322,1.343603458,2.170329939,2.075757454,1.657944998,1.586695804
2026-07-30,1.144653739,1.335917458,2.140277439,2.052758284,1.661218755,1.566812896
2026-07-31,1.13936965,1.34960332,2.197700766,2.094638405,1.662860131,1.575113749
2026-08-03,1.135356884,1.362383868,2.171256558,2.093048213,1.670888418,1.590244459
2026-08-04,1.134415533,1.367251932,2.222851763,2.126657808,1.660835875,1.593506091
2026-08-05,1.140280299,1.360818398,2.209873152,2.103187005,1.664876678,1.608985796
2026-08-06,1.135568673,1.366289614,2.201037021,2.106206463,1.640108928,1.572360932
2026-08-07,1.147402654,1.374658401,2.235814071,2.126450634,1.648958224,1.584595313
2026-08-10,1.154051925,1.369661494,2.233423882,2.132183552,1.666268796,1.604546715
2026-08-11,1.148229425,1.377311878,2.237667148,2.13900781,1.647981108,1.573548166
2026-08-12,1.143340151,1.373383475,2.253596541,2.138267881,1.634320107,1.557898857
2026-08-13,1.147587789,1.372887633,2.259182668,2.125878366,1.631515314,1.56310116
2026-08-14,1.141130212,1.369675364,2.24946159,2.127754628,1.613549477,1.535452307
2026-08-17,1.155024417,1.372444424,2.284673182,2.163096334,1.635159104,1.559722109
2026-08-18,1.158106222,1.376742829,2.266655222,2.1266964,1.636310316,1.545746017
2026-08-19,1.154847156,1.372117686,2.172364121,2.062484218,1.637846978,1.527112314
2026-08-20,1.157192098,1.380702259,2.184765543,2.083240265,1.650915027,1.53313981
2026-08-21,1.173596627,1.39153597,2.213364401,2.055004969,1.670892272,1.554545899
2026-08-24,1.16678839,1.385589079,2.193481231,2.033301415,1.639276998,1.498406693
2026-08-25,1.164724537,1.387624017,2.224959905,2.057956548,1.638876772,1.496612795
2026-08-26,1.175555804,1.378111252,2.243432472,2.066693019,1.647990744,1.508879793
2026-08-27,1.176051098,1.385378529,2.277701222,2.09853099,1.642386939,1.506968476
2026-08-28,1.173330919,1.397966001,2.269149809,2.10090533,1.643610744,1.502030366
2026-08-31,1.166083679,1.401177952,2.256570622,2.103763532,1.642467242,1.506831488
2026-09-01,1.159109838,1.391984816,2.220924213,2.080366884,1.627225253,1.48432949
2026-09-02,1.160186359,1.390737811,2.222856155,2.082983476,1.626035496,1.473331268
2026-09-03,1.160186359,1.389687102,2.221769733,2.082920338,1.619746232,1.457453644
2026-09-04,1.160186359,1.390365795,2.222158418,2.083486749,1.647855836,1.490500497
2026-09-07,1.160186359,1.39058569,2.221348194,2.083419103,1.632582369,1.476772289
2026-09-08,1.160186359,1.390057337,2.221028348,2.083050539,1.626419019,1.45300804
2026-09-09,1.160186359,1.389611133,2.220835639,2.082874867,1.623706734,1.441898922
2026-09-10,1.160186359,1.39015704,2.221229068,2.083283328,1.603117907,1.412446387
2026-09-11,1.160186359,1.389896738,2.221096804,2.083149283,1.593556171,1.409210848
2026-09-14,1.160186359,1.389732715,2.220882768,2.082935248,1.600749315,1.408353039
2026-09-15,1.160186359,1.389541151,2.220670272,2.082722751,1.58466576,1.399677098
2026-09-16,1.160186359,1.389789787,2.220918907,2.082971387,1.587655569,1.410802525
