market,fee_per_side,signal_date,entry_date,exit_date,net_return,benchmark_return,account_evidence_status
a,0.0015,2020-01-23,2020-02-03,2020-03-02,0.15209626653227537,0.1033816187789589,complete_account
a,0.0015,2020-02-28,2020-03-02,2020-04-01,-0.13903083911041292,-0.09695891029097181,complete_account
a,0.0015,2020-03-31,2020-04-01,2020-05-06,0.23304342534055755,0.07106740492264141,complete_account
a,0.0015,2020-04-30,2020-05-06,2020-06-01,0.043925945718729764,0.008913627243405164,complete_account
a,0.0015,2020-05-29,2020-06-01,2020-07-01,0.12088938676643046,0.06960957411807711,complete_account
a,0.0015,2020-06-30,2020-07-01,2020-08-03,0.17261510921104173,0.12324717114231465,complete_account
a,0.0015,2020-07-31,2020-08-03,2020-09-01,0.009889874072326998,0.014841099850380735,complete_account
a,0.0015,2020-08-31,2020-09-01,2020-10-09,0.002165424424051432,-0.033245979763873335,complete_account
a,0.0015,2020-09-30,2020-10-09,2020-11-02,0.03208287867320281,0.008478723094274443,complete_account
a,0.0015,2020-10-30,2020-11-02,2020-12-01,0.0234400134221302,0.0733487341519703,complete_account
a,0.0015,2020-11-30,2020-12-01,2021-01-04,0.04346363777708406,0.03959264022961628,complete_account
a,0.0015,2020-12-31,2021-01-04,2021-02-01,0.006257932603150662,0.02846209632971819,complete_account
a,0.0015,2021-01-29,2021-02-01,2021-03-01,-0.019722327184416355,0.00020955586560389428,complete_account
a,0.0015,2021-02-26,2021-03-01,2021-04-01,-0.03768538263822596,-0.0568405969036927,complete_account
a,0.0015,2021-03-31,2021-04-01,2021-05-06,0.012599855586111763,-0.00971523546087949,complete_account
a,0.0015,2021-04-30,2021-05-06,2021-06-01,0.0843040825780157,0.055433413175933755,complete_account
a,0.0015,2021-05-31,2021-06-01,2021-07-01,0.06446888053051714,-0.020970107568034968,complete_account
a,0.0015,2021-06-30,2021-07-01,2021-08-02,0.0495420079685307,-0.05658646304670967,complete_account
a,0.0015,2021-07-30,2021-08-02,2021-09-01,0.050869299400855494,-0.01302811905622836,complete_account
a,0.0015,2021-08-31,2021-09-01,2021-10-08,0.021283082433822154,0.012420723477950313,complete_account
a,0.0015,2021-09-30,2021-10-08,2021-11-01,0.03522642783319507,-0.00796273237271461,complete_account
a,0.0015,2021-10-29,2021-11-01,2021-12-01,0.02500954368131314,-0.009576183917463843,complete_account
a,0.0015,2021-11-30,2021-12-01,2022-01-04,-0.02202695707092439,0.015259408268338603,complete_account
a,0.0015,2021-12-31,2022-01-04,2022-02-07,-0.0961589020439606,-0.05768380203097534,complete_account
a,0.0015,2022-01-28,2022-02-07,2022-03-01,0.021603658145413762,-0.0031082046984025613,complete_account
a,0.0015,2022-02-28,2022-03-01,2022-04-01,-0.10288535148400879,-0.07436180405500259,complete_account
a,0.0015,2022-03-31,2022-04-01,2022-05-05,-0.12181738344159254,-0.0621931649859524,complete_account
a,0.0015,2022-04-29,2022-05-05,2022-06-01,0.12739238487798965,0.018195305572760168,complete_account
a,0.0015,2022-05-31,2022-06-01,2022-07-01,0.05881330805109952,0.09393192634402436,complete_account
a,0.0015,2022-06-30,2022-07-01,2022-08-01,0.010774220704850013,-0.06224693527209313,complete_account
a,0.0015,2022-07-29,2022-08-01,2022-09-01,0.022023544228041203,-0.03460253716303441,complete_account
a,0.0015,2022-08-31,2022-09-01,2022-10-10,-0.08046846859004764,-0.07982784252051855,complete_account
a,0.0015,2022-09-30,2022-10-10,2022-11-01,0.07878195981996261,-0.023317597599421425,complete_account
a,0.0015,2022-10-31,2022-11-01,2022-12-01,0.08117563381269566,0.0717069566194588,complete_account
a,0.0015,2022-11-30,2022-12-01,2023-01-03,-0.024606929616170503,-0.0017637761133286745,complete_account
a,0.0015,2022-12-30,2023-01-03,2023-02-01,0.02939507408065456,0.07922890593459853,complete_account
a,0.0015,2023-01-31,2023-02-01,2023-03-01,0.022507015005803988,-0.01644251629172755,complete_account
a,0.0015,2023-02-28,2023-03-01,2023-04-03,-0.005885266480869955,-0.008813766805272127,complete_account
a,0.0015,2023-03-31,2023-04-03,2023-05-04,0.05488372241815176,-0.014746242061859482,complete_account
a,0.0015,2023-04-28,2023-05-04,2023-06-01,-0.006958409955120981,-0.055425683452510865,complete_account
a,0.0015,2023-05-31,2023-06-01,2023-07-03,-0.005099334604475203,0.022594479834721737,complete_account
a,0.0015,2023-06-30,2023-07-03,2023-08-01,0.03560644770047472,0.027002847067985947,complete_account
a,0.0015,2023-07-31,2023-08-01,2023-09-01,-0.03147722183439794,-0.051653263718543396,complete_account
a,0.0015,2023-08-31,2023-09-01,2023-10-09,0.05162664834005737,-0.028158841566083614,complete_account
a,0.0015,2023-09-28,2023-10-09,2023-11-01,-0.04100878227544069,-0.030857209727764845,complete_account
a,0.0015,2023-10-31,2023-11-01,2023-12-01,0.03306409314141767,-0.024683516796905614,complete_account
a,0.0015,2023-11-30,2023-12-01,2024-01-02,-0.003846812110890774,-0.02771529997304245,complete_account
a,0.0015,2023-12-29,2024-01-02,2024-02-01,-0.11524017379255991,-0.04980028362082356,complete_account
a,0.0015,2024-01-31,2024-02-01,2024-03-01,0.2221491848888144,0.09947845221272056,complete_account
a,0.0015,2024-02-29,2024-03-01,2024-04-01,0.09455535963990336,0.016349917426172755,complete_account
a,0.0015,2024-03-29,2024-04-01,2024-05-06,0.016461368738039273,0.017307067941549015,complete_account
a,0.0015,2024-04-30,2024-05-06,2024-06-03,-0.0021670019308268618,-0.018898504698094287,complete_account
a,0.0015,2024-05-31,2024-06-03,2024-07-01,-0.027055697652555222,-0.03080895921288218,complete_account
a,0.0015,2024-06-28,2024-07-01,2024-08-01,-0.021551246680685865,-0.016938759427444605,complete_account
a,0.0015,2024-07-31,2024-08-01,2024-09-02,-0.023414815516123566,-0.04511365098000841,complete_account
a,0.0015,2024-08-30,2024-09-02,2024-10-08,0.30501697015124374,0.30354727748237287,complete_account
a,0.0015,2024-09-30,2024-10-08,2024-11-01,-0.058907645491779737,-0.08601213008296194,complete_account
a,0.0015,2024-10-31,2024-11-01,2024-12-02,0.048694966340856016,0.01481012836873874,complete_account
a,0.0015,2024-11-29,2024-12-02,2025-01-02,0.049636383812531104,-0.03223117048397628,complete_account
a,0.0015,2024-12-31,2025-01-02,2025-02-05,0.05336502756677919,-0.006625073762002387,complete_account
a,0.0015,2025-01-27,2025-02-05,2025-03-03,0.035653821959047205,0.024607882279731985,complete_account
a,0.0015,2025-02-28,2025-03-03,2025-04-01,0.031044586666685525,-0.0002030873912536313,complete_account
a,0.0015,2025-03-31,2025-04-01,2025-05-06,0.06061036212717763,-0.020357029523052073,complete_account
a,0.0015,2025-04-30,2025-05-06,2025-06-03,0.021121533649089752,0.011413894197423335,complete_account
a,0.0015,2025-05-30,2025-06-03,2025-07-01,0.0863341424480426,0.023558930633847508,complete_account
a,0.0015,2025-06-30,2025-07-01,2025-08-01,0.09699550730372897,0.02844873720503549,complete_account
a,0.0015,2025-07-31,2025-08-01,2025-09-01,0.15492930602811406,0.11560807753803615,complete_account
a,0.0015,2025-08-29,2025-09-01,2025-10-09,0.03845419029630759,0.041066039783132835,complete_account
a,0.0015,2025-09-30,2025-10-09,2025-11-03,0.05377813123005892,-0.011907721486142275,complete_account
a,0.0015,2025-10-31,2025-11-03,2025-12-01,-0.01577796381254115,-0.01652923748616819,complete_account
a,0.0015,2025-11-28,2025-12-01,2026-01-05,0.04657741081289868,0.030866501579290606,complete_account
a,0.0015,2025-12-31,2026-01-05,2026-02-02,0.05289691282172693,-0.023690509643196744,complete_account
a,0.0015,2026-01-30,2026-02-02,2026-03-02,0.037658313220680695,0.026636872644624443,complete_account
a,0.0015,2026-02-27,2026-03-02,2026-04-01,0.019833033022843338,-0.0428454621309069,complete_account
a,0.0015,2026-03-31,2026-04-01,2026-05-06,0.022586783061679494,0.07755661052108209,complete_account
a,0.0015,2026-04-30,2026-05-06,2026-06-01,-0.03179748215948852,-0.0067330269595832215,complete_account
a,0.0015,2026-05-29,2026-06-01,2026-07-01,-0.021313631305120095,0.023682008026165935,complete_account
a,0.0015,2026-06-30,2026-07-01,2026-08-03,0.061517798917984035,-0.08384777240258778,complete_account
a,0.0015,2026-07-31,2026-08-03,2026-09-01,0.2305404884435509,0.01502501079585672,complete_account
a,0.003,2020-01-23,2020-02-03,2020-03-02,0.15037465912278059,0.1033816187789589,complete_account
a,0.003,2020-02-28,2020-03-02,2020-04-01,-0.1411179924153133,-0.09695891029097181,complete_account
a,0.003,2020-03-31,2020-04-01,2020-05-06,0.22968520513058643,0.07106740492264141,complete_account
a,0.003,2020-04-30,2020-05-06,2020-06-01,0.04145663272779876,0.008913627243405164,complete_account
a,0.003,2020-05-29,2020-06-01,2020-07-01,0.11841391725424155,0.06960957411807711,complete_account
a,0.003,2020-06-30,2020-07-01,2020-08-03,0.170266127087902,0.12324717114231465,complete_account
a,0.003,2020-07-31,2020-08-03,2020-09-01,0.0074101237954982135,0.014841099850380735,complete_account
a,0.003,2020-08-31,2020-09-01,2020-10-09,3.4146220883268796e-05,-0.033245979763873335,complete_account
a,0.003,2020-09-30,2020-10-09,2020-11-02,0.029742605506009268,0.008478723094274443,complete_account
a,0.003,2020-10-30,2020-11-02,2020-12-01,0.021441577395516553,0.0733487341519703,complete_account
a,0.003,2020-11-30,2020-12-01,2021-01-04,0.04072772481257525,0.03959264022961628,complete_account
a,0.003,2020-12-31,2021-01-04,2021-02-01,0.0036595495388447308,0.02846209632971819,complete_account
a,0.003,2021-01-29,2021-02-01,2021-03-01,-0.02217077802999068,0.00020955586560389428,complete_account
a,0.003,2021-02-26,2021-03-01,2021-04-01,-0.03985107990681047,-0.0568405969036927,complete_account
a,0.003,2021-03-31,2021-04-01,2021-05-06,0.010041383466189657,-0.00971523546087949,complete_account
a,0.003,2021-04-30,2021-05-06,2021-06-01,0.08177415035984681,0.055433413175933755,complete_account
a,0.003,2021-05-31,2021-06-01,2021-07-01,0.061889976320670836,-0.020970107568034968,complete_account
a,0.003,2021-06-30,2021-07-01,2021-08-02,0.04702219795643181,-0.05658646304670967,complete_account
a,0.003,2021-07-30,2021-08-02,2021-09-01,0.048233589232418606,-0.01302811905622836,complete_account
a,0.003,2021-08-31,2021-09-01,2021-10-08,0.019189623216288698,0.012420723477950313,complete_account
a,0.003,2021-09-30,2021-10-08,2021-11-01,0.03306083978493657,-0.00796273237271461,complete_account
a,0.003,2021-10-29,2021-11-01,2021-12-01,0.022697996026835643,-0.009576183917463843,complete_account
a,0.003,2021-11-30,2021-12-01,2022-01-04,-0.02473052525608832,0.015259408268338603,complete_account
a,0.003,2021-12-31,2022-01-04,2022-02-07,-0.09822625258735795,-0.05768380203097534,complete_account
a,0.003,2022-01-28,2022-02-07,2022-03-01,0.019425825035093824,-0.0031082046984025613,complete_account
a,0.003,2022-02-28,2022-03-01,2022-04-01,-0.10479453608705835,-0.07436180405500259,complete_account
a,0.003,2022-03-31,2022-04-01,2022-05-05,-0.12365662038002223,-0.0621931649859524,complete_account
a,0.003,2022-04-29,2022-05-05,2022-06-01,0.12492330414261099,0.018195305572760168,complete_account
a,0.003,2022-05-31,2022-06-01,2022-07-01,0.056021081408097695,0.09393192634402436,complete_account
a,0.003,2022-06-30,2022-07-01,2022-08-01,0.008313877545943038,-0.06224693527209313,complete_account
a,0.003,2022-07-29,2022-08-01,2022-09-01,0.019682164691441573,-0.03460253716303441,complete_account
a,0.003,2022-08-31,2022-09-01,2022-10-10,-0.08259096694210133,-0.07982784252051855,complete_account
a,0.003,2022-09-30,2022-10-10,2022-11-01,0.07650905619594561,-0.023317597599421425,complete_account
a,0.003,2022-10-31,2022-11-01,2022-12-01,0.07856406082670597,0.0717069566194588,complete_account
a,0.003,2022-11-30,2022-12-01,2023-01-03,-0.026483629753232818,-0.0017637761133286745,complete_account
a,0.003,2022-12-30,2023-01-03,2023-02-01,0.026799720127416604,0.07922890593459853,complete_account
a,0.003,2023-01-31,2023-02-01,2023-03-01,0.019992144464053174,-0.01644251629172755,complete_account
a,0.003,2023-02-28,2023-03-01,2023-04-03,-0.00804533349353842,-0.008813766805272127,complete_account
a,0.003,2023-03-31,2023-04-03,2023-05-04,0.052617931371049975,-0.014746242061859482,complete_account
a,0.003,2023-04-28,2023-05-04,2023-06-01,-0.009367240022809864,-0.055425683452510865,complete_account
a,0.003,2023-05-31,2023-06-01,2023-07-03,-0.006731177935701327,0.022594479834721737,complete_account
a,0.003,2023-06-30,2023-07-03,2023-08-01,0.03350825862707918,0.027002847067985947,complete_account
a,0.003,2023-07-31,2023-08-01,2023-09-01,-0.03332826392130461,-0.051653263718543396,complete_account
a,0.003,2023-08-31,2023-09-01,2023-10-09,0.04954572280741698,-0.028158841566083614,complete_account
a,0.003,2023-09-28,2023-10-09,2023-11-01,-0.043338038148065916,-0.030857209727764845,complete_account
a,0.003,2023-10-31,2023-11-01,2023-12-01,0.030756523384400714,-0.024683516796905614,complete_account
a,0.003,2023-11-30,2023-12-01,2024-01-02,-0.005877512883292968,-0.02771529997304245,complete_account
a,0.003,2023-12-29,2024-01-02,2024-02-01,-0.1168583850402436,-0.04980028362082356,complete_account
a,0.003,2024-01-31,2024-02-01,2024-03-01,0.21922063017853,0.09947845221272056,complete_account
a,0.003,2024-02-29,2024-03-01,2024-04-01,0.09246937035558989,0.016349917426172755,complete_account
a,0.003,2024-03-29,2024-04-01,2024-05-06,0.014034013061827277,0.017307067941549015,complete_account
a,0.003,2024-04-30,2024-05-06,2024-06-03,-0.004193197345776389,-0.018898504698094287,complete_account
a,0.003,2024-05-31,2024-06-03,2024-07-01,-0.028787096009037838,-0.03080895921288218,complete_account
a,0.003,2024-06-28,2024-07-01,2024-08-01,-0.02412578665610232,-0.016938759427444605,complete_account
a,0.003,2024-07-31,2024-08-01,2024-09-02,-0.02598063536678208,-0.04511365098000841,complete_account
a,0.003,2024-08-30,2024-09-02,2024-10-08,0.30186189872573976,0.30354727748237287,complete_account
a,0.003,2024-09-30,2024-10-08,2024-11-01,-0.061082767019640105,-0.08601213008296194,complete_account
a,0.003,2024-10-31,2024-11-01,2024-12-02,0.04636407076381599,0.01481012836873874,complete_account
a,0.003,2024-11-29,2024-12-02,2025-01-02,0.04719752281110434,-0.03223117048397628,complete_account
a,0.003,2024-12-31,2025-01-02,2025-02-05,0.0509681155729107,-0.006625073762002387,complete_account
a,0.003,2025-01-27,2025-02-05,2025-03-03,0.033640986269399153,0.024607882279731985,complete_account
a,0.003,2025-02-28,2025-03-03,2025-04-01,0.028547556269850505,-0.0002030873912536313,complete_account
a,0.003,2025-03-31,2025-04-01,2025-05-06,0.05844823969619517,-0.020357029523052073,complete_account
a,0.003,2025-04-30,2025-05-06,2025-06-03,0.01853774511386863,0.011413894197423335,complete_account
a,0.003,2025-05-30,2025-06-03,2025-07-01,0.08390754050800497,0.023558930633847508,complete_account
a,0.003,2025-06-30,2025-07-01,2025-08-01,0.09476051602744517,0.02844873720503549,complete_account
a,0.003,2025-07-31,2025-08-01,2025-09-01,0.15249611340181302,0.11560807753803615,complete_account
a,0.003,2025-08-29,2025-09-01,2025-10-09,0.0360225933847671,0.041066039783132835,complete_account
a,0.003,2025-09-30,2025-10-09,2025-11-03,0.052044367411190784,-0.011907721486142275,complete_account
a,0.003,2025-10-31,2025-11-03,2025-12-01,-0.01760897193889377,-0.01652923748616819,complete_account
a,0.003,2025-11-28,2025-12-01,2026-01-05,0.04436203810787376,0.030866501579290606,complete_account
a,0.003,2025-12-31,2026-01-05,2026-02-02,0.051135737689476546,-0.023690509643196744,complete_account
a,0.003,2026-01-30,2026-02-02,2026-03-02,0.03585072140059076,0.026636872644624443,complete_account
a,0.003,2026-02-27,2026-03-02,2026-04-01,0.018077563185230794,-0.0428454621309069,complete_account
a,0.003,2026-03-31,2026-04-01,2026-05-06,0.020198967942023804,0.07755661052108209,complete_account
a,0.003,2026-04-30,2026-05-06,2026-06-01,-0.03349757758218408,-0.0067330269595832215,complete_account
a,0.003,2026-05-29,2026-06-01,2026-07-01,-0.023202441368254334,0.023682008026165935,complete_account
a,0.003,2026-06-30,2026-07-01,2026-08-03,0.059422216678080675,-0.08384777240258778,complete_account
a,0.003,2026-07-31,2026-08-03,2026-09-01,0.22685437955406518,0.01502501079585672,complete_account
a,0.005,2020-01-23,2020-02-03,2020-03-02,0.14808717416107675,0.1033816187789589,complete_account
a,0.005,2020-02-28,2020-03-02,2020-04-01,-0.14389245495616154,-0.09695891029097181,complete_account
a,0.005,2020-03-31,2020-04-01,2020-05-06,0.2252220446448867,0.07106740492264141,complete_account
a,0.005,2020-04-30,2020-05-06,2020-06-01,0.0381724312324454,0.008913627243405164,complete_account
a,0.005,2020-05-29,2020-06-01,2020-07-01,0.11512415829609202,0.06960957411807711,complete_account
a,0.005,2020-06-30,2020-07-01,2020-08-03,0.16714261982774037,0.12324717114231465,complete_account
a,0.005,2020-07-31,2020-08-03,2020-09-01,0.004113922855806695,0.014841099850380735,complete_account
a,0.005,2020-08-31,2020-09-01,2020-10-09,-0.002800048064916627,-0.033245979763873335,complete_account
a,0.005,2020-09-30,2020-10-09,2020-11-02,0.026630220959111606,0.008478723094274443,complete_account
a,0.005,2020-10-30,2020-11-02,2020-12-01,0.01878254783105926,0.0733487341519703,complete_account
a,0.005,2020-11-30,2020-12-01,2021-01-04,0.03709256389379911,0.03959264022961628,complete_account
a,0.005,2020-12-31,2021-01-04,2021-02-01,0.0002059031058694316,0.02846209632971819,complete_account
a,0.005,2021-01-29,2021-02-01,2021-03-01,-0.0254247643296025,0.00020955586560389428,complete_account
a,0.005,2021-02-26,2021-03-01,2021-04-01,-0.04273062320735099,-0.0568405969036927,complete_account
a,0.005,2021-03-31,2021-04-01,2021-05-06,0.006640126617688091,-0.00971523546087949,complete_account
a,0.005,2021-04-30,2021-05-06,2021-06-01,0.07841071573918579,0.055433413175933755,complete_account
a,0.005,2021-05-31,2021-06-01,2021-07-01,0.0584610269250565,-0.020970107568034968,complete_account
a,0.005,2021-06-30,2021-07-01,2021-08-02,0.04367213497685096,-0.05658646304670967,complete_account
a,0.005,2021-07-30,2021-08-02,2021-09-01,0.044728296041289806,-0.01302811905622836,complete_account
a,0.005,2021-08-31,2021-09-01,2021-10-08,0.01640547848269147,0.012420723477950313,complete_account
a,0.005,2021-09-30,2021-10-08,2021-11-01,0.030182753830238385,-0.00796273237271461,complete_account
a,0.005,2021-10-29,2021-11-01,2021-12-01,0.019625953599697432,-0.009576183917463843,complete_account
a,0.005,2021-11-30,2021-12-01,2022-01-04,-0.028369374918171264,0.015259408268338603,complete_account
a,0.005,2021-12-31,2022-01-04,2022-02-07,-0.10097720844857727,-0.05768380203097534,complete_account
a,0.005,2022-01-28,2022-02-07,2022-03-01,0.01653014804881825,-0.0031082046984025613,complete_account
a,0.005,2022-02-28,2022-03-01,2022-04-01,-0.10733301633217474,-0.07436180405500259,complete_account
a,0.005,2022-03-31,2022-04-01,2022-05-05,-0.12610265873076387,-0.0621931649859524,complete_account
a,0.005,2022-04-29,2022-05-05,2022-06-01,0.12164218377818914,0.018195305572760168,complete_account
a,0.005,2022-05-31,2022-06-01,2022-07-01,0.05230977379251378,0.09393192634402436,complete_account
a,0.005,2022-06-30,2022-07-01,2022-08-01,0.00508040551940403,-0.06224693527209313,complete_account
a,0.005,2022-07-29,2022-08-01,2022-09-01,0.016569735652291806,-0.03460253716303441,complete_account
a,0.005,2022-08-31,2022-09-01,2022-10-10,-0.08541388688218832,-0.07982784252051855,complete_account
a,0.005,2022-09-30,2022-10-10,2022-11-01,0.0734846547796637,-0.023317597599421425,complete_account
a,0.005,2022-10-31,2022-11-01,2022-12-01,0.07509163221561987,0.0717069566194588,complete_account
a,0.005,2022-11-30,2022-12-01,2023-01-03,-0.028978251477188688,-0.0017637761133286745,complete_account
a,0.005,2022-12-30,2023-01-03,2023-02-01,0.02335129958457194,0.07922890593459853,complete_account
a,0.005,2023-01-31,2023-02-01,2023-03-01,0.01664794703038308,-0.01644251629172755,complete_account
a,0.005,2023-02-28,2023-03-01,2023-04-03,-0.01091739592375629,-0.008813766805272127,complete_account
a,0.005,2023-03-31,2023-04-03,2023-05-04,0.0496052984856421,-0.014746242061859482,complete_account
a,0.005,2023-04-28,2023-05-04,2023-06-01,-0.01257006010748929,-0.055425683452510865,complete_account
a,0.005,2023-05-31,2023-06-01,2023-07-03,-0.008902915763508878,0.022594479834721737,complete_account
a,0.005,2023-06-30,2023-07-03,2023-08-01,0.030717179208515244,0.027002847067985947,complete_account
a,0.005,2023-07-31,2023-08-01,2023-09-01,-0.035790866449152414,-0.051653263718543396,complete_account
a,0.005,2023-08-31,2023-09-01,2023-10-09,0.04677889326786899,-0.028158841566083614,complete_account
a,0.005,2023-09-28,2023-10-09,2023-11-01,-0.04643361456591255,-0.030857209727764845,complete_account
a,0.005,2023-10-31,2023-11-01,2023-12-01,0.027687631874934837,-0.024683516796905614,complete_account
a,0.005,2023-11-30,2023-12-01,2024-01-02,-0.008576936293057336,-0.02771529997304245,complete_account
a,0.005,2023-12-29,2024-01-02,2024-02-01,-0.11901048239003664,-0.04980028362082356,complete_account
a,0.005,2024-01-31,2024-02-01,2024-03-01,0.21532948160799714,0.09947845221272056,complete_account
a,0.005,2024-02-29,2024-03-01,2024-04-01,0.08969613139222576,0.016349917426172755,complete_account
a,0.005,2024-03-29,2024-04-01,2024-05-06,0.010807050322197087,0.017307067941549015,complete_account
a,0.005,2024-04-30,2024-05-06,2024-06-03,-0.006888730583158642,-0.018898504698094287,complete_account
a,0.005,2024-05-31,2024-06-03,2024-07-01,-0.03108972356755535,-0.03080895921288218,complete_account
a,0.005,2024-06-28,2024-07-01,2024-08-01,-0.027546551877169034,-0.016938759427444605,complete_account
a,0.005,2024-07-31,2024-08-01,2024-09-02,-0.02939060484050393,-0.04511365098000841,complete_account
a,0.005,2024-08-30,2024-09-02,2024-10-08,0.2976664949881753,0.30354727748237287,complete_account
a,0.005,2024-09-30,2024-10-08,2024-11-01,-0.06397349920012918,-0.08601213008296194,complete_account
a,0.005,2024-10-31,2024-11-01,2024-12-02,0.043263983333662326,0.01481012836873874,complete_account
a,0.005,2024-11-29,2024-12-02,2025-01-02,0.04395552816269954,-0.03223117048397628,complete_account
a,0.005,2024-12-31,2025-01-02,2025-02-05,0.04778262430461622,-0.006625073762002387,complete_account
a,0.005,2025-01-27,2025-02-05,2025-03-03,0.030963419732911834,0.024607882279731985,complete_account
a,0.005,2025-02-28,2025-03-03,2025-04-01,0.025228237934169728,-0.0002030873912536313,complete_account
a,0.005,2025-03-31,2025-04-01,2025-05-06,0.055574116642570726,-0.020357029523052073,complete_account
a,0.005,2025-04-30,2025-05-06,2025-06-03,0.015103098634854817,0.011413894197423335,complete_account
a,0.005,2025-05-30,2025-06-03,2025-07-01,0.08068109447564731,0.023558930633847508,complete_account
a,0.005,2025-06-30,2025-07-01,2025-08-01,0.09178816553174696,0.02844873720503549,complete_account
a,0.005,2025-07-31,2025-08-01,2025-09-01,0.14926129633555396,0.11560807753803615,complete_account
a,0.005,2025-08-29,2025-09-01,2025-10-09,0.03279175249616051,0.041066039783132835,complete_account
a,0.005,2025-09-30,2025-10-09,2025-11-03,0.04973806040344231,-0.011907721486142275,complete_account
a,0.005,2025-10-31,2025-11-03,2025-12-01,-0.020042942648375472,-0.01652923748616819,complete_account
a,0.005,2025-11-28,2025-12-01,2026-01-05,0.041416445608178476,0.030866501579290606,complete_account
a,0.005,2025-12-31,2026-01-05,2026-02-02,0.04879513944470415,-0.023690509643196744,complete_account
a,0.005,2026-01-30,2026-02-02,2026-03-02,0.03344725946549909,0.026636872644624443,complete_account
a,0.005,2026-02-27,2026-03-02,2026-04-01,0.01574183734878476,-0.0428454621309069,complete_account
a,0.005,2026-03-31,2026-04-01,2026-05-06,0.0170255664014487,0.07755661052108209,complete_account
a,0.005,2026-04-30,2026-05-06,2026-06-01,-0.03575857462988985,-0.0067330269595832215,complete_account
a,0.005,2026-05-29,2026-06-01,2026-07-01,-0.025714998010376244,0.023682008026165935,complete_account
a,0.005,2026-06-30,2026-07-01,2026-08-03,0.05663654592226863,-0.08384777240258778,complete_account
a,0.005,2026-07-31,2026-08-03,2026-09-01,0.22195668396159984,0.01502501079585672,complete_account
