security_id,valid_quote_rows,eligible_rows,first_valid_quote,last_valid_quote,source_status
BA,3205,3146,2014-01-02,2026-09-30,observed_original_identity_segment
GD,3205,3146,2014-01-02,2026-09-30,observed_original_identity_segment
HON,3205,3146,2014-01-02,2026-09-30,observed_original_identity_segment
LMT,3205,3146,2014-01-02,2026-09-30,observed_original_identity_segment
RTN,1574,1515,2014-01-02,2020-04-02,observed_original_identity_segment
UTX,1573,1514,2014-01-02,2020-04-02,observed_original_identity_segment
FDX,3205,3146,2014-01-02,2026-09-30,observed_original_identity_segment
UPS,3205,3146,2014-01-02,2026-09-30,observed_original_identity_segment
F,3205,3146,2014-01-02,2026-09-30,observed_original_identity_segment
GM,3205,3146,2014-01-02,2026-09-30,observed_original_identity_segment
BAC,3205,3146,2014-01-02,2026-09-30,observed_original_identity_segment
C,3205,3146,2014-01-02,2026-09-30,observed_original_identity_segment
JPM,3205,3146,2014-01-02,2026-09-30,observed_original_identity_segment
USB,3205,3146,2014-01-02,2026-09-30,observed_original_identity_segment
WFC,3205,3146,2014-01-02,2026-09-30,observed_original_identity_segment
KO,3205,3146,2014-01-02,2026-09-30,observed_original_identity_segment
PEP,3205,3146,2014-01-02,2026-09-30,observed_original_identity_segment
AMGN,3205,3146,2014-01-02,2026-09-30,observed_original_identity_segment
BIIB,3205,3146,2014-01-02,2026-09-30,observed_original_identity_segment
CELG,1482,1423,2014-01-02,2019-11-20,observed_original_identity_segment
GILD,3205,3146,2014-01-02,2026-09-30,observed_original_identity_segment
BK,3205,3146,2014-01-02,2026-09-30,observed_original_identity_segment
GS,3205,3146,2014-01-02,2026-09-30,observed_original_identity_segment
MS,3205,3146,2014-01-02,2026-09-30,observed_original_identity_segment
DOW,924,865,2014-01-02,2017-08-31,observed_original_identity_segment
DD,547,488,2015-07-02,2017-08-31,observed_original_identity_segment
MON,1112,1053,2014-01-02,2018-06-06,observed_original_identity_segment
CSCO,3205,3146,2014-01-02,2026-09-30,observed_original_identity_segment
QCOM,3205,3146,2014-01-02,2026-09-30,observed_original_identity_segment
AXP,3205,3146,2014-01-02,2026-09-30,observed_original_identity_segment
COF,3205,3146,2014-01-02,2026-09-30,observed_original_identity_segment
BRK-B,3205,3146,2014-01-02,2026-09-30,observed_original_identity_segment
T,3205,3146,2014-01-02,2026-09-30,observed_original_identity_segment
VZ,3205,3146,2014-01-02,2026-09-30,observed_original_identity_segment
EXC,3205,3146,2014-01-02,2026-09-30,observed_original_identity_segment
SO,3205,3146,2014-01-02,2026-09-30,observed_original_identity_segment
EMR,3205,3146,2014-01-02,2026-09-30,observed_original_identity_segment
HAL,3205,3146,2014-01-02,2026-09-30,observed_original_identity_segment
SLB,3205,3146,2014-01-02,2026-09-30,observed_original_identity_segment
COST,3205,3146,2014-01-02,2026-09-30,observed_original_identity_segment
CVS,3205,3146,2014-01-02,2026-09-30,observed_original_identity_segment
WMT,3205,3146,2014-01-02,2026-09-30,observed_original_identity_segment
WBA,2675,2616,2015-01-02,2025-08-27,observed_original_identity_segment
MDLZ,3205,3146,2014-01-02,2026-09-30,observed_original_identity_segment
ABT,3205,3146,2014-01-02,2026-09-30,observed_original_identity_segment
MDT,3205,3146,2014-01-02,2026-09-30,observed_original_identity_segment
UNH,3205,3146,2014-01-02,2026-09-30,observed_original_identity_segment
MCD,3205,3146,2014-01-02,2026-09-30,observed_original_identity_segment
SBUX,3205,3146,2014-01-02,2026-09-30,observed_original_identity_segment
CL,3205,3146,2014-01-02,2026-09-30,observed_original_identity_segment
PG,3205,3146,2014-01-02,2026-09-30,observed_original_identity_segment
MMM,3205,3146,2014-01-02,2026-09-30,observed_original_identity_segment
GE,3205,3146,2014-01-02,2026-09-30,observed_original_identity_segment
ALL,3205,3146,2014-01-02,2026-09-30,observed_original_identity_segment
AIG,3205,3146,2014-01-02,2026-09-30,observed_original_identity_segment
MET,3205,3146,2014-01-02,2026-09-30,observed_original_identity_segment
AMZN,3205,3146,2014-01-02,2026-09-30,observed_original_identity_segment
PCLN,3205,3146,2014-01-02,2026-09-30,observed_original_identity_segment
EBAY,3205,3146,2014-01-02,2026-09-30,observed_original_identity_segment
FB,3205,3146,2014-01-02,2026-09-30,observed_original_identity_segment
GOOGL,3205,3146,2014-01-02,2026-09-30,observed_original_identity_segment
GOOG,3205,3146,2014-01-02,2026-09-30,observed_original_identity_segment
ACN,3205,3146,2014-01-02,2026-09-30,observed_original_identity_segment
IBM,3205,3146,2014-01-02,2026-09-30,observed_original_identity_segment
MA,3205,3146,2014-01-02,2026-09-30,observed_original_identity_segment
V,3205,3146,2014-01-02,2026-09-30,observed_original_identity_segment
CAT,3205,3146,2014-01-02,2026-09-30,observed_original_identity_segment
CMCSA,3205,3146,2014-01-02,2026-09-30,observed_original_identity_segment
TWX,1012,953,2014-06-09,2018-06-14,observed_original_identity_segment
FOXA,1066,1007,2014-01-02,2018-03-27,observed_original_identity_segment
DIS,3205,3146,2014-01-02,2026-09-30,observed_original_identity_segment
TGT,3205,3146,2014-01-02,2026-09-30,observed_original_identity_segment
APC,1409,1350,2014-01-02,2019-08-08,observed_original_identity_segment
CVX,3205,3146,2014-01-02,2026-09-30,observed_original_identity_segment
COP,3205,3146,2014-01-02,2026-09-30,observed_original_identity_segment
DVN,3205,3146,2014-01-02,2026-09-30,observed_original_identity_segment
XOM,3205,3146,2014-01-02,2026-09-30,observed_original_identity_segment
KMI,3205,3146,2014-01-02,2026-09-30,observed_original_identity_segment
OXY,3205,3146,2014-01-02,2026-09-30,observed_original_identity_segment
ABBV,3205,3146,2014-01-02,2026-09-30,observed_original_identity_segment
AGN,1235,1176,2015-06-15,2020-05-08,observed_original_identity_segment
BMY,3205,3146,2014-01-02,2026-09-30,observed_original_identity_segment
LLY,3205,3146,2014-01-02,2026-09-30,observed_original_identity_segment
JNJ,3205,3146,2014-01-02,2026-09-30,observed_original_identity_segment
MRK,3205,3146,2014-01-02,2026-09-30,observed_original_identity_segment
PFE,3205,3146,2014-01-02,2026-09-30,observed_original_identity_segment
SPG,3205,3146,2014-01-02,2026-09-30,observed_original_identity_segment
NSC,3205,3146,2014-01-02,2026-09-30,observed_original_identity_segment
UNP,3205,3146,2014-01-02,2026-09-30,observed_original_identity_segment
INTC,3205,3146,2014-01-02,2026-09-30,observed_original_identity_segment
TXN,3205,3146,2014-01-02,2026-09-30,observed_original_identity_segment
MSFT,3205,3146,2014-01-02,2026-09-30,observed_original_identity_segment
ORCL,3205,3146,2014-01-02,2026-09-30,observed_original_identity_segment
HD,3205,3146,2014-01-02,2026-09-30,observed_original_identity_segment
LOW,3205,3146,2014-01-02,2026-09-30,observed_original_identity_segment
AAPL,3205,3146,2014-01-02,2026-09-30,observed_original_identity_segment
EMC,675,616,2014-01-02,2016-09-06,observed_original_identity_segment
HPQ,3205,3146,2014-01-02,2026-09-30,observed_original_identity_segment
NKE,3205,3146,2014-01-02,2026-09-30,observed_original_identity_segment
MO,3205,3146,2014-01-02,2026-09-30,observed_original_identity_segment
PM,3205,3146,2014-01-02,2026-09-30,observed_original_identity_segment
