year,model,rank_ic_mean,ic_dates,common_score_rows,common_mature_rows,date_sha256,universe,outcome_policy
2020,factor_reference,-0.017061577020877593,233,22987,21127,c2f788f662080bcf5509e5d0ab724cda5523da72a780eab498bbb87cb736cf0e,common contemporaneously score-available original-cohort identities,conditional observed mature endpoints; missing outcomes remain disclosed
2020,momentum_12_1,-0.015657303889284612,233,22987,21127,c2f788f662080bcf5509e5d0ab724cda5523da72a780eab498bbb87cb736cf0e,common contemporaneously score-available original-cohort identities,conditional observed mature endpoints; missing outcomes remain disclosed
2020,ridge_rank_3y,0.059908537141364515,233,22987,21127,c2f788f662080bcf5509e5d0ab724cda5523da72a780eab498bbb87cb736cf0e,common contemporaneously score-available original-cohort identities,conditional observed mature endpoints; missing outcomes remain disclosed
2020,ridge_rank_5y,0.059908537141364515,233,22987,21127,c2f788f662080bcf5509e5d0ab724cda5523da72a780eab498bbb87cb736cf0e,common contemporaneously score-available original-cohort identities,conditional observed mature endpoints; missing outcomes remain disclosed
2020,gbm_rank_3y,-0.0011027483199797228,233,22987,21127,c2f788f662080bcf5509e5d0ab724cda5523da72a780eab498bbb87cb736cf0e,common contemporaneously score-available original-cohort identities,conditional observed mature endpoints; missing outcomes remain disclosed
2020,gbm_rank_5y,-0.0011027483199797228,233,22987,21127,c2f788f662080bcf5509e5d0ab724cda5523da72a780eab498bbb87cb736cf0e,common contemporaneously score-available original-cohort identities,conditional observed mature endpoints; missing outcomes remain disclosed
2021,factor_reference,-0.05554354231500076,232,22680,20880,e004ed3fcc8e29ec0466ff6415fb14396a9288d388009335df903b63a7c5db07,common contemporaneously score-available original-cohort identities,conditional observed mature endpoints; missing outcomes remain disclosed
2021,momentum_12_1,-0.0405790838375108,232,22680,20880,e004ed3fcc8e29ec0466ff6415fb14396a9288d388009335df903b63a7c5db07,common contemporaneously score-available original-cohort identities,conditional observed mature endpoints; missing outcomes remain disclosed
2021,ridge_rank_3y,-0.0009780546200538476,232,22680,20880,e004ed3fcc8e29ec0466ff6415fb14396a9288d388009335df903b63a7c5db07,common contemporaneously score-available original-cohort identities,conditional observed mature endpoints; missing outcomes remain disclosed
2021,ridge_rank_5y,0.07327298815094244,232,22680,20880,e004ed3fcc8e29ec0466ff6415fb14396a9288d388009335df903b63a7c5db07,common contemporaneously score-available original-cohort identities,conditional observed mature endpoints; missing outcomes remain disclosed
2021,gbm_rank_3y,0.013392484846351537,232,22680,20880,e004ed3fcc8e29ec0466ff6415fb14396a9288d388009335df903b63a7c5db07,common contemporaneously score-available original-cohort identities,conditional observed mature endpoints; missing outcomes remain disclosed
2021,gbm_rank_5y,0.05901392648925758,232,22680,20880,e004ed3fcc8e29ec0466ff6415fb14396a9288d388009335df903b63a7c5db07,common contemporaneously score-available original-cohort identities,conditional observed mature endpoints; missing outcomes remain disclosed
2022,factor_reference,-0.016120795050154974,231,22590,20790,6486c4adb8cd24c6471be9a0fdc2d393c7a8d75c729864fd70b720fba34d9157,common contemporaneously score-available original-cohort identities,conditional observed mature endpoints; missing outcomes remain disclosed
2022,momentum_12_1,0.06629272279352535,231,22590,20790,6486c4adb8cd24c6471be9a0fdc2d393c7a8d75c729864fd70b720fba34d9157,common contemporaneously score-available original-cohort identities,conditional observed mature endpoints; missing outcomes remain disclosed
2022,ridge_rank_3y,-0.003746316105866665,231,22590,20790,6486c4adb8cd24c6471be9a0fdc2d393c7a8d75c729864fd70b720fba34d9157,common contemporaneously score-available original-cohort identities,conditional observed mature endpoints; missing outcomes remain disclosed
2022,ridge_rank_5y,-0.017457520186252122,231,22590,20790,6486c4adb8cd24c6471be9a0fdc2d393c7a8d75c729864fd70b720fba34d9157,common contemporaneously score-available original-cohort identities,conditional observed mature endpoints; missing outcomes remain disclosed
2022,gbm_rank_3y,-0.03935501820048274,231,22590,20790,6486c4adb8cd24c6471be9a0fdc2d393c7a8d75c729864fd70b720fba34d9157,common contemporaneously score-available original-cohort identities,conditional observed mature endpoints; missing outcomes remain disclosed
2022,gbm_rank_5y,-0.025615288095666194,231,22590,20790,6486c4adb8cd24c6471be9a0fdc2d393c7a8d75c729864fd70b720fba34d9157,common contemporaneously score-available original-cohort identities,conditional observed mature endpoints; missing outcomes remain disclosed
2023,factor_reference,-0.020147173118646427,230,22500,20700,65984aef21749ad88f4495b85105a07fb4c51ac577a82ec0ad53041456151ee7,common contemporaneously score-available original-cohort identities,conditional observed mature endpoints; missing outcomes remain disclosed
2023,momentum_12_1,-0.0187368274129388,230,22500,20700,65984aef21749ad88f4495b85105a07fb4c51ac577a82ec0ad53041456151ee7,common contemporaneously score-available original-cohort identities,conditional observed mature endpoints; missing outcomes remain disclosed
2023,ridge_rank_3y,0.05201794460221427,230,22500,20700,65984aef21749ad88f4495b85105a07fb4c51ac577a82ec0ad53041456151ee7,common contemporaneously score-available original-cohort identities,conditional observed mature endpoints; missing outcomes remain disclosed
2023,ridge_rank_5y,0.027521021561080185,230,22500,20700,65984aef21749ad88f4495b85105a07fb4c51ac577a82ec0ad53041456151ee7,common contemporaneously score-available original-cohort identities,conditional observed mature endpoints; missing outcomes remain disclosed
2023,gbm_rank_3y,0.028240571424122878,230,22500,20700,65984aef21749ad88f4495b85105a07fb4c51ac577a82ec0ad53041456151ee7,common contemporaneously score-available original-cohort identities,conditional observed mature endpoints; missing outcomes remain disclosed
2023,gbm_rank_5y,0.06249762133724414,230,22500,20700,65984aef21749ad88f4495b85105a07fb4c51ac577a82ec0ad53041456151ee7,common contemporaneously score-available original-cohort identities,conditional observed mature endpoints; missing outcomes remain disclosed
2024,factor_reference,0.04333536267421456,232,22680,20880,41b4805ef41bb969ef17f06ba3bf5abd7e6812c2d7c491e1be11dc1f6f309038,common contemporaneously score-available original-cohort identities,conditional observed mature endpoints; missing outcomes remain disclosed
2024,momentum_12_1,0.08786156372363269,232,22680,20880,41b4805ef41bb969ef17f06ba3bf5abd7e6812c2d7c491e1be11dc1f6f309038,common contemporaneously score-available original-cohort identities,conditional observed mature endpoints; missing outcomes remain disclosed
2024,ridge_rank_3y,-0.012817461500142631,232,22680,20880,41b4805ef41bb969ef17f06ba3bf5abd7e6812c2d7c491e1be11dc1f6f309038,common contemporaneously score-available original-cohort identities,conditional observed mature endpoints; missing outcomes remain disclosed
2024,ridge_rank_5y,-0.007496313579227179,232,22680,20880,41b4805ef41bb969ef17f06ba3bf5abd7e6812c2d7c491e1be11dc1f6f309038,common contemporaneously score-available original-cohort identities,conditional observed mature endpoints; missing outcomes remain disclosed
2024,gbm_rank_3y,-0.009276150202510184,232,22680,20880,41b4805ef41bb969ef17f06ba3bf5abd7e6812c2d7c491e1be11dc1f6f309038,common contemporaneously score-available original-cohort identities,conditional observed mature endpoints; missing outcomes remain disclosed
2024,gbm_rank_5y,-0.03095364774980725,232,22680,20880,41b4805ef41bb969ef17f06ba3bf5abd7e6812c2d7c491e1be11dc1f6f309038,common contemporaneously score-available original-cohort identities,conditional observed mature endpoints; missing outcomes remain disclosed
