security_id,valid_start,supported_data_end,last_original_trade_date,valid_quote_rows,has_source_gap_before_terminal,unsupported_terminal_labels,event_verification_scope,raw_export_sha256,events_export_sha256
CELG,2014-01-02,2019-11-20,2019-11-20,1482,False,True,reconstructed_with_explicit_checks_and_limits,3998164d76db2c2a76e83a7426706569bae384d94aca3d68d3b9a96365287b16,bd05b8d9abe636ad1be290c3e761e71e93a590197f6a24b08ed8e05367ef7a6e
MON,2014-01-02,2018-06-06,2018-06-06,1112,False,True,reconstructed_with_explicit_checks_and_limits,ecc0a604a168ec24d159900c5a677f191c5a509e543b500f9c31a92a1db5d624,03e4d0aff53779b78bede08c1fd7b42eff106e1c38a0a56db7355b29ba94c2e0
WBA,2015-01-02,2025-08-27,2025-08-27,2675,False,True,reconstructed_with_explicit_checks_and_limits,09877f1d25eb058d03e23d20076bc6894be1ab1862f7932d642720631ffc7afa,a40424b24cea178e6d83346f7641e0ff98a5a80799720fe0e454520bf94248e5
TWX,2014-06-09,2018-06-14,2018-06-14,1012,False,True,reconstructed_with_explicit_checks_and_limits,aee5b2bb6ebb54ad27c39bd78867235d709d60b26248277b1de649e00f94c278,fb59302b7144d0d51d702e3d0e7ceafc9317461d45b3f1c97e48b800127f1ace
AGN,2015-06-15,2020-05-08,2020-05-08,1235,False,True,reconstructed_with_explicit_checks_and_limits,549c9b8ad31409a1c04a85607864b0cd220c7c8cd93ab43fdba6599d6df40de8,4fea9231e1cd1166d3c5b590dc29c04853b8ee188e1d5c044f0b4dfd629a1c5f
APC,2014-01-02,2019-08-08,2019-08-08,1409,False,True,reconstructed_with_explicit_checks_and_limits,eca2a7310edaefa18ca56177bac5cd9c32efa28bfebfa65790201289e814943d,abf124e35ef13844d302c1d46e193d21b21c6efd87be9f37ae389c13eb0aceb9
EMC,2014-01-02,2016-09-06,2016-09-06,675,False,True,11 archive cash events match old Sina coefficients; issuer quarter amount checks,ed60ac8c940215f10fce09e37a736355c6aa2da05bbb662f11dbe1e3b3153db4,681541de16f3c1d1e5473bc4b74ea3a9abdab3de89b23c07b5c11de22284cf47
DOW,2014-01-02,2017-08-31,2017-08-31,924,False,True,reconstructed_ordinary_actions_with_issuer_and_cross_source_checks; see original admission contract,009bfaca2e67209e534bb6409aa70253c5e8ba2e56d86e660551cb26821944c8,e8e9350bc9444ffacd573db3e6fee5804aedf9a453b33335d6be25546228e787
DD,2015-07-02,2017-08-31,2017-08-31,547,False,True,reconstructed_ordinary_actions_with_issuer_and_cross_source_checks; see original admission contract,8f79ffc9a7d30c1c65ba7dabdf6c993fd8526b7cb05454c12640e9a07567ebd8,0b854478ae437e1e3ae43360d9b441133ca1ba328ffae65830f5695a0894ff16
RTN,2014-01-02,2020-04-02,2020-04-02,1574,False,True,reconstructed_ordinary_actions_with_issuer_and_cross_source_checks; see original admission contract,abe4b70ade84729c89a703ed6bee4bf3a91e72a10c2e3bfa171dacb4d900378a,517d34af7aafad7926656f7ebfb955515cb37967847ff1eb6688556c520b2b3a
FOXA,2014-01-02,2018-03-27,2019-03-19,1066,True,True,reconstructed_ordinary_actions_with_issuer_and_cross_source_checks; see original admission contract,c1dcb2c4930630bc0970d55d2ae1b75ca3e7801a3feb2ff8fe26da350bd2bbf3,d49cdf6e3f3ae83b1a6e4ce505e40454ac5f03519b406cfa1e4d121518e7b499
UTX,2014-01-02,2020-04-02,2020-04-02,1573,False,True,reconstructed_ordinary_actions_with_issuer_and_cross_source_checks; see original admission contract,d3b1d7e26cb430f74fbfec0cf62dcc8b6156732cfe56352e5a61a031c26061e2,759001f274333106b1a4887e75024a37ad683fbbe955cbfcb49a9649a9e731a7
