date,horizon,rank_ic,observations
2020-01-02,20,0.2198681030109516,93
2020-01-03,20,0.12577959475992956,93
2020-01-06,20,0.03321297484408104,93
2020-01-07,20,0.014159529706663482,93
2020-01-08,20,0.03677896810002685,93
2020-01-09,20,0.05011787174360657,93
2020-01-10,20,0.07543791590820922,93
2020-01-13,20,0.1280773477365641,93
2020-01-14,20,-0.005669780072215092,93
2020-01-15,20,0.04056876846408641,93
2020-01-16,20,0.03555548924233833,93
2020-01-17,20,0.03439169228014681,93
2020-01-21,20,-0.1281071886843126,93
2020-01-22,20,-0.092119005699621,93
2020-01-23,20,0.041195428366804926,93
2020-01-24,20,0.030064754856614237,93
2020-01-27,20,-0.009832592283130909,93
2020-01-28,20,0.11702127659574467,93
2020-01-29,20,0.27359672943212676,93
2020-01-30,20,0.06812688370982661,93
2020-01-31,20,-0.034466294649518066,93
2020-02-03,20,0.028140013726835958,93
2020-02-04,20,0.11712571991286441,93
2020-02-05,20,0.02693145534302169,93
2020-02-06,20,0.03330249768732654,93
2020-02-07,20,-0.09884813941690787,93
2020-02-10,20,0.00674405419116111,93
2020-02-11,20,0.07807883978395153,93
2020-02-12,20,0.09799767240607558,93
2020-02-13,20,-0.0985049685178001,93
2020-02-14,20,0.019933753095998326,93
2020-02-18,20,-0.0734385724090597,93
2020-02-19,20,-0.05423592253289964,93
2020-02-20,20,-0.09425263346363881,93
2020-02-21,20,-0.059502849810509975,93
2020-02-24,20,-0.12340723941392377,93
2020-02-25,20,-0.16684073886186623,93
2020-02-26,20,-0.06211393273850376,93
2020-02-27,20,-0.17013816358807554,93
2020-02-28,20,-0.09905702605114738,93
2020-03-02,20,-0.15615767956790305,93
2020-03-03,20,-0.0944615200978783,93
2020-03-04,20,-0.08046611560383156,93
2020-03-05,20,0.03345170242606905,93
2020-03-06,20,0.05360726230291448,91
2020-03-09,20,0.10939640070074853,91
2020-03-10,20,0.18205128205128207,91
2020-03-11,20,0.21444497531454051,91
2020-03-12,20,0.1125497690715082,91
2020-03-13,20,0.09089026915113871,91
2020-03-16,20,-0.15037426341774168,91
2020-03-17,20,-0.02576843446408664,91
2020-03-18,20,-0.09574773053033922,91
2020-03-19,20,0.003519668737060042,91
2020-03-20,20,-0.06427775123427298,91
2020-03-23,20,-0.026262143653448002,91
2020-03-24,20,-0.04515050167224081,91
2020-03-25,20,-0.14174231565535914,91
2020-03-26,20,-0.10992196209587515,91
2020-03-27,20,0.03463927376970855,91
2020-03-30,20,0.2485109093804746,91
2020-03-31,20,0.18531613314222012,91
2020-04-01,20,0.16442108616021658,91
2020-04-02,20,0.1541965281095716,91
2020-04-03,20,0.16430960344003823,91
2020-04-06,20,0.23094441790093967,91
2020-04-07,20,0.05016722408026756,91
2020-04-08,20,-0.011466794075489728,91
2020-04-09,20,-0.01634018155757286,91
2020-04-13,20,0.013409062847265094,90
2020-04-14,20,0.1313166234514549,90
2020-04-15,20,0.1681277523974153,90
2020-04-16,20,0.3250854014898959,90
2020-04-17,20,0.18187430546981107,90
2020-04-20,20,0.43434991974317816,90
2020-04-21,20,0.34406716878626986,90
2020-04-22,20,0.38858295262789644,90
2020-04-23,20,0.39431205498621225,90
2020-04-24,20,0.39371938922500715,90
2020-04-27,20,0.434926122566572,90
2020-04-28,20,0.3267646211466436,90
2020-04-29,20,0.13080627237930606,90
2020-04-30,20,0.11139646869983948,90
2020-05-01,20,0.3455982220027164,90
2020-05-04,20,0.3995308062723793,90
2020-05-05,20,0.461925340577026,90
2020-05-06,20,0.5759311849199489,90
2020-05-07,20,0.6420957319833724,90
2020-05-08,20,0.5824834341688274,90
2020-05-11,20,0.5980079845248384,90
2020-05-12,20,0.5301806807424785,90
2020-05-13,20,0.5203193809935382,90
2020-05-14,20,0.5452442688397744,90
2020-05-15,20,0.5558957896036547,90
2020-05-18,20,0.3935712227847059,90
2020-05-19,20,0.3442482611021937,90
2020-05-20,20,0.2877474585339754,90
2020-05-21,20,0.22536938716713995,90
2020-05-22,20,0.1373749845659958,90
2020-05-26,20,0.12237724821994485,90
2020-05-27,20,-0.024669712310161747,90
2020-05-28,20,0.1264765197349467,90
2020-05-29,20,0.1266411491130592,90
2020-06-01,20,0.0016874511256533727,90
2020-06-02,20,-0.03379017985759559,90
2020-06-03,20,-0.1125653372844384,90
2020-06-04,20,-0.12489607770506647,90
2020-06-05,20,0.03569988064370087,90
2020-06-08,20,-0.019204016956825942,90
2020-06-09,20,-0.2755813474914598,90
2020-06-10,20,-0.17117339589249703,90
2020-06-11,20,-0.3734205869037329,90
2020-06-12,20,0.10393875787134213,90
2020-06-15,20,-0.3274231386590937,90
2020-06-16,20,-0.06131621187800963,90
2020-06-17,20,-0.2753837922377248,90
2020-06-18,20,-0.3209696670370828,90
2020-06-19,20,-0.2659669918096884,90
2020-06-22,20,-0.25045890439148866,90
2020-06-23,20,-0.21967321068444662,90
2020-06-24,20,-0.020323496727991112,90
2020-06-25,20,-0.01296456352636128,90
2020-06-26,20,-0.09226653496316417,90
2020-06-29,20,-0.1726879861711322,90
2020-06-30,20,-0.1176853109437379,90
2020-07-01,20,-0.13650244886199941,90
2020-07-02,20,-0.07292258303494258,90
2020-07-06,20,-0.09998765279664155,90
2020-07-07,20,0.03739556323825986,90
2020-07-08,20,0.09371527349055438,90
2020-07-09,20,0.18222002716384736,90
2020-07-10,20,0.14405893731736427,90
2020-07-13,20,0.3020537514919537,90
2020-07-14,20,0.31519117586533313,90
2020-07-15,20,0.09880232127423139,90
2020-07-16,20,0.0956085113388484,90
2020-07-17,20,0.19817261390295096,90
2020-07-20,20,0.2124130551096843,90
2020-07-21,20,-0.055834053586862574,90
2020-07-22,20,-0.06836234926122566,90
2020-07-23,20,-0.1395480923570811,90
2020-07-24,20,-0.029164094332633655,90
2020-07-27,20,0.0549944437584887,90
2020-07-28,20,0.06167839650985719,90
2020-07-29,20,-0.015598633576161666,90
2020-07-30,20,0.03235790426801662,90
2020-07-31,20,-0.00043626785199818907,90
2020-08-03,20,-0.09937852409762521,90
2020-08-04,20,-0.09918096884389019,90
2020-08-05,20,-0.2738362760834671,90
2020-08-06,20,-0.2598592418817138,90
2020-08-07,20,-0.2807507099641931,90
2020-08-10,20,-0.2534880849487591,90
2020-08-11,20,-0.14387784500144052,90
2020-08-12,20,-0.2188665267316953,90
2020-08-13,20,-0.2681730254763962,90
2020-08-14,20,-0.20347367987817425,90
2020-08-17,20,-0.21269292505247558,90
2020-08-18,20,-0.10991480429682676,90
2020-08-19,20,-0.04085278017862288,90
2020-08-20,20,0.06709470304975923,90
2020-08-21,20,-0.06581059390048154,90
2020-08-24,20,-0.287401736839939,90
2020-08-25,20,-0.30817796435773964,90
2020-08-26,20,-0.24285302712269002,90
2020-08-27,20,-0.2994690702555871,90
2020-08-28,20,-0.23590566736634153,90
2020-08-31,20,-0.23783183109025802,90
2020-09-01,20,-0.3169197843355146,90
2020-09-02,20,-0.2678273037823599,90
2020-09-03,20,-0.15136848170556033,90
2020-09-04,20,-0.11411285343869612,90
2020-09-08,20,-0.19581841379594186,90
2020-09-09,20,-0.03303288471827798,90
2020-09-10,20,0.1087623986500391,90
2020-09-11,20,-0.0067909618471416215,90
2020-09-14,20,-0.10583199571963617,90
2020-09-15,20,-0.14963987323537883,90
2020-09-16,20,-0.28173848623286823,90
2020-09-17,20,-0.19595011729843187,90
2020-09-18,20,-0.20156397909206897,90
2020-09-21,20,-0.08933613203276125,90
2020-09-22,20,0.002806930896818537,90
2020-09-23,20,0.029592130715726223,90
2020-09-24,20,0.1676832530765115,90
2020-09-25,20,0.19841955797011976,90
2020-09-28,20,-0.0836070296744454,90
2020-09-29,20,-0.118212124953698,90
2020-09-30,20,-0.18452483845742274,90
2020-10-01,20,-0.028670206198296085,90
2020-10-02,20,-0.08964892785117504,90
2020-10-05,20,-0.04233444458163559,90
2020-10-06,20,-0.038564431822858784,90
2020-10-07,20,-0.20181092315923774,90
2020-10-08,20,-0.2002304811293575,90
2020-10-09,20,-0.20763965773587284,90
2020-10-12,20,0.3473762192863316,90
2020-10-13,20,0.42261184508375516,90
2020-10-14,20,0.40167098818784214,90
2020-10-15,20,0.31484545417129683,90
2020-10-16,20,0.4381199325019549,90
2020-10-19,20,0.4472733259250113,90
2020-10-20,20,0.4832119191669753,90
2020-10-21,20,0.5309379758817961,90
2020-10-22,20,0.48517100876651426,90
2020-10-23,20,0.41387002510598014,90
2020-10-26,20,0.518738938963658,90
2020-10-27,20,0.5942215088282504,90
2020-10-28,20,0.6048730295921306,90
2020-10-29,20,0.5589908219121702,90
2020-10-30,20,0.504070461373832,90
2020-11-02,20,0.4306622216734576,90
2020-11-03,20,0.3488908095649668,90
2020-11-04,20,0.6230645758735647,90
2020-11-05,20,0.5917356052187512,90
2020-11-06,20,0.5754537597234226,90
2020-11-09,20,0.13808289089187964,90
2020-11-10,20,0.11035930361773057,90
2020-11-11,20,0.009260402518829484,90
2020-11-12,20,0.21705560357245748,90
2020-11-13,20,0.05831995719636168,90
2020-11-16,20,-0.09055438943079391,90
2020-11-17,20,0.03619376877803844,90
2020-11-18,20,-0.05110919043503313,90
2020-11-19,20,-0.007564719924270485,90
2020-11-20,20,-0.018463184755319585,90
2020-11-23,20,0.017508334362266943,90
2020-11-24,20,0.0679343128781331,90
2020-11-25,20,-0.018315018315018316,90
2020-11-27,20,-0.021294810058855,90
2020-11-30,20,-0.06918549615178829,90
2020-12-01,20,-0.02257891920813269,90
2020-12-02,20,0.08494052763715686,90
