as_of,code,name,market_cap_hkd,index_code,inclusion_date,execution_id,data_available,history_ok,average_daily_amount_hkd,liquidity_ok,trading_at_review,eligible,selected,effective_from,factors_complete,trading_at_signal,ready_for_scoring
2026-06-30,00700.HK,腾讯控股,3907843000000.0,HSCI.HK,2004-09-06,f8cadab6-cf4a-4510-9509-52dc241647e6,True,True,13826103005.866667,True,True,True,True,2026-07-01,True,True,True
2026-06-30,00005.HK,汇丰控股,2541449000000.0,HSCI.HK,2001-10-03,f8cadab6-cf4a-4510-9509-52dc241647e6,True,True,2182605817.6,True,True,True,True,2026-07-01,True,True,True
2026-06-30,01398.HK,工商银行,2291692000000.0,HSCI.HK,2007-03-12,f8cadab6-cf4a-4510-9509-52dc241647e6,True,True,1428574231.4666667,True,True,True,True,2026-07-01,True,True,True
2026-06-30,00939.HK,建设银行,2111115000000.0,HSCI.HK,2006-03-06,f8cadab6-cf4a-4510-9509-52dc241647e6,True,True,2219217393.0666666,True,True,True,True,2026-07-01,True,True,True
2026-06-30,01288.HK,农业银行,1868909000000.0,HSCI.HK,2011-03-07,f8cadab6-cf4a-4510-9509-52dc241647e6,True,True,555202179.7333333,True,True,True,True,2026-07-01,True,True,True
2026-06-30,09988.HK,阿里巴巴-W,1783284000000.0,HSCI.HK,2019-12-09,f8cadab6-cf4a-4510-9509-52dc241647e6,True,True,10880658257.066668,True,True,True,True,2026-07-01,True,True,True
2026-06-30,00941.HK,中国移动,1650887000000.0,HSCI.HK,2001-10-03,f8cadab6-cf4a-4510-9509-52dc241647e6,True,True,1679802051.7333333,True,True,True,True,2026-07-01,True,True,True
2026-06-30,03988.HK,中国银行,1607840000000.0,HSCI.HK,2006-09-11,f8cadab6-cf4a-4510-9509-52dc241647e6,True,True,1211073999.4666667,True,True,True,True,2026-07-01,True,True,True
2026-06-30,00857.HK,中国石油股份,1552018000000.0,HSCI.HK,2001-10-03,f8cadab6-cf4a-4510-9509-52dc241647e6,True,True,1344796369.0666666,True,True,True,True,2026-07-01,True,True,True
2026-06-30,03968.HK,招商银行,1132875000000.0,HSCI.HK,2007-03-12,f8cadab6-cf4a-4510-9509-52dc241647e6,True,True,747475974.4,True,True,True,True,2026-07-01,True,True,True
2026-06-30,00883.HK,中国海洋石油,965809000000.0,HSCI.HK,2001-10-03,f8cadab6-cf4a-4510-9509-52dc241647e6,True,True,2816175878.4,True,True,True,True,2026-07-01,True,True,True
2026-06-30,02318.HK,中国平安,924395000000.0,HSCI.HK,2004-09-06,f8cadab6-cf4a-4510-9509-52dc241647e6,True,True,2246301134.9333334,True,True,True,True,2026-07-01,True,True,True
2026-06-30,01088.HK,中国神华,870179999999.9999,HSCI.HK,2005-09-05,f8cadab6-cf4a-4510-9509-52dc241647e6,True,True,668388712.0,True,True,True,True,2026-07-01,True,True,True
2026-06-30,00981.HK,中芯国际,765336000000.0,HSCI.HK,2004-09-06,f8cadab6-cf4a-4510-9509-52dc241647e6,True,True,9303836691.2,True,True,True,True,2026-07-01,True,True,True
2026-06-30,02628.HK,中国人寿,753537000000.0,HSCI.HK,2004-03-08,f8cadab6-cf4a-4510-9509-52dc241647e6,True,True,1477568194.1333334,True,True,True,True,2026-07-01,True,True,True
2026-06-30,01299.HK,友邦保险,739268000000.0,HSCI.HK,2010-11-12,f8cadab6-cf4a-4510-9509-52dc241647e6,True,True,2917811159.4666667,True,True,True,True,2026-07-01,True,True,True
2026-06-30,02899.HK,紫金矿业,728586000000.0,HSCI.HK,2004-03-08,f8cadab6-cf4a-4510-9509-52dc241647e6,True,True,2172295586.133333,True,True,True,True,2026-07-01,True,True,True
2026-06-30,01211.HK,比亚迪股份,660541000000.0,HSCI.HK,2009-09-07,f8cadab6-cf4a-4510-9509-52dc241647e6,True,True,2656106717.866667,True,True,True,True,2026-07-01,True,True,True
2026-06-30,09999.HK,网易,651640000000.0,HSCI.HK,2020-06-26,f8cadab6-cf4a-4510-9509-52dc241647e6,True,True,1320726909.8666666,True,True,True,True,2026-07-01,True,True,True
2026-06-30,03328.HK,交通银行,595572000000.0,HSCI.HK,2005-09-05,f8cadab6-cf4a-4510-9509-52dc241647e6,True,True,212332341.86666667,True,True,True,True,2026-07-01,True,True,True
2026-06-30,01810.HK,小米集团-W,557995000000.0,HSCI.HK,2018-07-23,f8cadab6-cf4a-4510-9509-52dc241647e6,True,True,4495566216.533334,True,True,True,True,2026-07-01,True,True,True
2026-06-30,01658.HK,邮储银行,548834000000.0,HSCI.HK,2016-10-13,f8cadab6-cf4a-4510-9509-52dc241647e6,True,True,180364498.33333334,True,True,True,True,2026-07-01,True,True,True
2026-06-30,00386.HK,中国石油化工股份,483702000000.00006,HSCI.HK,2001-10-03,f8cadab6-cf4a-4510-9509-52dc241647e6,True,True,576544453.6,True,True,True,True,2026-07-01,True,True,True
2026-06-30,02888.HK,渣打集团,464050000000.0,HSCI.HK,2023-03-13,f8cadab6-cf4a-4510-9509-52dc241647e6,True,True,237106383.2,True,True,True,True,2026-07-01,True,True,True
2026-06-30,00388.HK,香港交易所,460225000000.0,HSCI.HK,2001-10-03,f8cadab6-cf4a-4510-9509-52dc241647e6,True,True,1881096496.0,True,True,True,True,2026-07-01,True,True,True
2026-06-30,02359.HK,药明康德,458603000000.0,HSCI.HK,2019-03-11,f8cadab6-cf4a-4510-9509-52dc241647e6,True,True,794703934.9333333,True,True,True,True,2026-07-01,True,True,True
2026-06-30,02388.HK,中银香港,448074000000.0,HSCI.HK,2003-03-03,f8cadab6-cf4a-4510-9509-52dc241647e6,True,True,601505644.2666667,True,True,True,True,2026-07-01,True,True,True
2026-06-30,09633.HK,农夫山泉,445585000000.00006,HSCI.HK,2020-09-22,f8cadab6-cf4a-4510-9509-52dc241647e6,True,True,301636089.6,True,True,True,True,2026-07-01,True,True,True
2026-06-30,03690.HK,美团-W,422971000000.0,HSCI.HK,2018-10-08,f8cadab6-cf4a-4510-9509-52dc241647e6,True,True,3783755805.866667,True,True,True,True,2026-07-01,True,True,True
2026-06-30,06030.HK,中信证券,404008000000.0,HSCI.HK,2012-03-05,f8cadab6-cf4a-4510-9509-52dc241647e6,True,True,320059748.6666667,True,True,True,True,2026-07-01,True,True,True
2026-06-30,00728.HK,中国电信,390735000000.0,HSCI.HK,2003-03-03,f8cadab6-cf4a-4510-9509-52dc241647e6,True,True,398653607.4,True,True,True,True,2026-07-01,True,True,True
2026-06-30,01347.HK,华虹宏力,373948000000.0,HSCI.HK,2015-03-09,f8cadab6-cf4a-4510-9509-52dc241647e6,True,True,4883768608.0,True,True,True,True,2026-07-01,True,True,True
2026-06-30,00998.HK,中信银行,370040000000.0,HSCI.HK,2007-09-10,f8cadab6-cf4a-4510-9509-52dc241647e6,True,True,251702094.26666668,True,True,True,True,2026-07-01,True,True,True
2026-06-30,00016.HK,新鸿基地产,325421000000.0,HSCI.HK,2001-10-03,f8cadab6-cf4a-4510-9509-52dc241647e6,True,True,761337980.8,True,True,True,True,2026-07-01,True,True,True
2026-06-30,03993.HK,洛阳钼业,324766000000.0,HSCI.HK,2007-09-10,f8cadab6-cf4a-4510-9509-52dc241647e6,True,True,941517076.8,True,True,True,True,2026-07-01,True,True,True
2026-06-30,02328.HK,中国财险,318516000000.0,HSCI.HK,2004-03-08,f8cadab6-cf4a-4510-9509-52dc241647e6,True,True,627264405.6,True,True,True,True,2026-07-01,True,True,True
2026-06-30,01888.HK,建滔积层板,312466000000.0,HSCI.HK,2007-03-12,f8cadab6-cf4a-4510-9509-52dc241647e6,True,True,3332566269.3333335,True,True,True,True,2026-07-01,True,True,True
2026-06-30,00267.HK,中信股份,308648000000.0,HSCI.HK,2001-10-03,f8cadab6-cf4a-4510-9509-52dc241647e6,True,True,308450716.0,True,True,True,True,2026-07-01,True,True,True
2026-06-30,09888.HK,百度集团-W,306149000000.0,HSCI.HK,2021-04-09,f8cadab6-cf4a-4510-9509-52dc241647e6,True,True,1584565676.8,True,True,True,True,2026-07-01,True,True,True
2026-06-30,02338.HK,潍柴动力,295379000000.0,HSCI.HK,2010-03-08,f8cadab6-cf4a-4510-9509-52dc241647e6,True,True,802778096.8,True,True,True,True,2026-07-01,True,True,True
2026-06-30,00992.HK,联想集团,285555000000.0,HSCI.HK,2001-10-03,f8cadab6-cf4a-4510-9509-52dc241647e6,True,True,3076525168.5333333,True,True,True,True,2026-07-01,True,True,True
2026-06-30,09618.HK,京东集团-SW,277629000000.0,HSCI.HK,2020-07-06,f8cadab6-cf4a-4510-9509-52dc241647e6,True,True,1310820976.0,True,True,True,True,2026-07-01,True,True,True
2026-06-30,06160.HK,百济神州,262658000000.0,HSCI.HK,2020-09-07,f8cadab6-cf4a-4510-9509-52dc241647e6,True,True,841224688.0,True,True,True,True,2026-07-01,True,True,True
2026-06-30,02611.HK,国泰海通,261790000000.0,HSCI.HK,2017-09-04,f8cadab6-cf4a-4510-9509-52dc241647e6,True,True,172404402.33333334,True,True,True,True,2026-07-01,True,True,True
2026-06-30,02601.HK,中国太保,258595000000.0,HSCI.HK,2010-03-08,f8cadab6-cf4a-4510-9509-52dc241647e6,True,True,424528885.06666666,True,True,True,True,2026-07-01,True,True,True
2026-06-30,02378.HK,保诚,257670000000.0,HSCI.HK,2022-09-05,f8cadab6-cf4a-4510-9509-52dc241647e6,True,True,15415812.370833334,True,True,True,True,2026-07-01,True,True,True
2026-06-30,00001.HK,长和,253740000000.0,HSCI.HK,2001-10-03,f8cadab6-cf4a-4510-9509-52dc241647e6,True,True,545297226.1333333,True,True,True,True,2026-07-01,True,True,True
2026-06-30,00669.HK,创科实业,236786000000.0,HSCI.HK,2001-10-03,f8cadab6-cf4a-4510-9509-52dc241647e6,True,True,671662466.6666666,True,True,True,True,2026-07-01,True,True,True
2026-06-30,09961.HK,携程集团-S,223079000000.0,HSCI.HK,2021-09-06,f8cadab6-cf4a-4510-9509-52dc241647e6,True,True,919898291.2,True,True,True,True,2026-07-01,True,True,True
2026-06-30,01109.HK,华润置地,213928000000.00003,HSCI.HK,2001-10-03,f8cadab6-cf4a-4510-9509-52dc241647e6,True,True,918173905.3333334,True,True,True,True,2026-07-01,True,True,True
2026-06-30,06869.HK,长飞光纤光缆,211447000000.0,HSCI.HK,2026-03-09,f8cadab6-cf4a-4510-9509-52dc241647e6,True,True,4893896919.466666,True,True,True,True,2026-07-01,True,True,True
2026-06-30,01339.HK,中国人民保险集团,207411000000.0,HSCI.HK,2013-03-04,f8cadab6-cf4a-4510-9509-52dc241647e6,True,True,287445270.53333336,True,True,True,True,2026-07-01,True,True,True
2026-06-30,09992.HK,泡泡玛特,206018000000.0,HSCI.HK,2021-03-15,f8cadab6-cf4a-4510-9509-52dc241647e6,True,True,3413548345.6,True,True,True,True,2026-07-01,True,True,True
2026-06-30,01919.HK,中远海控,199222000000.0,HSCI.HK,2005-09-05,f8cadab6-cf4a-4510-9509-52dc241647e6,True,True,323813568.8,True,True,True,True,2026-07-01,True,True,True
2026-06-30,02020.HK,安踏体育,198702000000.0,HSCI.HK,2008-03-10,f8cadab6-cf4a-4510-9509-52dc241647e6,True,True,641318832.0,True,True,True,True,2026-07-01,True,True,True
2026-06-30,01378.HK,中国宏桥,196977000000.0,HSCI.HK,2018-03-05,f8cadab6-cf4a-4510-9509-52dc241647e6,True,True,1449972901.3333333,True,True,True,True,2026-07-01,True,True,True
2026-06-30,00066.HK,港铁公司,189857000000.0,HSCI.HK,2001-10-03,f8cadab6-cf4a-4510-9509-52dc241647e6,True,True,191722270.93333334,True,True,True,True,2026-07-01,True,True,True
2026-06-30,06690.HK,海尔智家,187365000000.0,HSCI.HK,2021-03-15,f8cadab6-cf4a-4510-9509-52dc241647e6,True,True,444565724.26666665,True,True,True,True,2026-07-01,True,True,True
2026-06-30,00762.HK,中国联通,186955000000.0,HSCI.HK,2001-10-03,f8cadab6-cf4a-4510-9509-52dc241647e6,True,True,211045818.66666666,True,True,True,True,2026-07-01,True,True,True
2026-06-30,00002.HK,中电控股,184936000000.0,HSCI.HK,2001-10-03,f8cadab6-cf4a-4510-9509-52dc241647e6,True,True,230556883.6,True,True,True,True,2026-07-01,True,True,True
2026-06-30,00175.HK,吉利汽车,182897000000.0,HSCI.HK,2010-03-08,f8cadab6-cf4a-4510-9509-52dc241647e6,True,True,1496796850.1333334,True,True,True,True,2026-07-01,True,True,True
2026-06-30,01024.HK,快手-W,179999000000.0,HSCI.HK,2021-02-23,f8cadab6-cf4a-4510-9509-52dc241647e6,True,True,2494136613.3333335,True,True,True,True,2026-07-01,True,True,True
2026-06-30,03692.HK,翰森制药,179620000000.0,HSCI.HK,2019-09-09,f8cadab6-cf4a-4510-9509-52dc241647e6,True,True,372598646.6666667,True,True,True,True,2026-07-01,True,True,True
2026-06-30,06818.HK,中国光大银行,173121000000.0,HSCI.HK,2014-03-10,f8cadab6-cf4a-4510-9509-52dc241647e6,True,True,56146092.81666667,True,True,True,True,2026-07-01,True,True,True
2026-06-30,00788.HK,中国铁塔,155063000000.0,HSCI.HK,2018-12-10,f8cadab6-cf4a-4510-9509-52dc241647e6,True,True,161551880.66666666,True,True,True,True,2026-07-01,True,True,True
2026-06-30,01113.HK,长实集团,154620000000.0,HSCI.HK,2015-06-03,f8cadab6-cf4a-4510-9509-52dc241647e6,True,True,260880665.86666667,True,True,True,True,2026-07-01,True,True,True
2026-06-30,06886.HK,HTSC,150749000000.0,HSCI.HK,2015-09-14,f8cadab6-cf4a-4510-9509-52dc241647e6,True,True,158713692.06666666,True,True,True,True,2026-07-01,True,True,True
2026-06-30,01038.HK,长江基建集团,150421000000.0,HSCI.HK,2001-10-03,f8cadab6-cf4a-4510-9509-52dc241647e6,True,True,142082599.86666667,True,True,True,True,2026-07-01,True,True,True
2026-06-30,06099.HK,招商证券,150189000000.0,HSCI.HK,2023-03-13,f8cadab6-cf4a-4510-9509-52dc241647e6,True,True,90774336.45,True,True,True,True,2026-07-01,True,True,True
2026-06-30,01336.HK,新华保险,143562000000.0,HSCI.HK,2012-03-05,f8cadab6-cf4a-4510-9509-52dc241647e6,True,True,470827269.3333333,True,True,True,True,2026-07-01,True,True,True
2026-06-30,02269.HK,药明生物,143360000000.0,HSCI.HK,2017-09-04,f8cadab6-cf4a-4510-9509-52dc241647e6,True,True,961959448.5333333,True,True,True,True,2026-07-01,True,True,True
2026-06-30,01801.HK,信达生物,138364000000.0,HSCI.HK,2020-09-07,f8cadab6-cf4a-4510-9509-52dc241647e6,True,True,1097378842.6666667,True,True,True,True,2026-07-01,True,True,True
2026-06-30,01988.HK,民生银行,137477000000.0,HSCI.HK,2010-03-08,f8cadab6-cf4a-4510-9509-52dc241647e6,True,True,88661399.0,True,True,True,True,2026-07-01,True,True,True
2026-06-30,01816.HK,中广核电力,135336999999.99998,HSCI.HK,2015-03-09,f8cadab6-cf4a-4510-9509-52dc241647e6,True,True,180026568.13333333,True,True,True,True,2026-07-01,True,True,True
2026-06-30,03606.HK,福耀玻璃,133619000000.0,HSCI.HK,2015-09-14,f8cadab6-cf4a-4510-9509-52dc241647e6,True,True,164182021.6,True,True,True,True,2026-07-01,True,True,True
2026-06-30,01776.HK,广发证券,132944000000.0,HSCI.HK,2015-09-14,f8cadab6-cf4a-4510-9509-52dc241647e6,True,True,158874896.35,True,True,True,True,2026-07-01,True,True,True
2026-06-30,00148.HK,建滔集团,132258000000.0,HSCI.HK,2001-10-03,f8cadab6-cf4a-4510-9509-52dc241647e6,True,True,2130234803.4666667,True,True,True,True,2026-07-01,True,True,True
2026-06-30,02057.HK,中通快递-W,132115000000.00002,HSCI.HK,2020-12-07,f8cadab6-cf4a-4510-9509-52dc241647e6,True,True,363322482.0,True,True,True,True,2026-07-01,True,True,True
2026-06-30,00688.HK,中国海外发展,131995000000.0,HSCI.HK,2001-10-03,f8cadab6-cf4a-4510-9509-52dc241647e6,True,True,520026773.06666666,True,True,True,True,2026-07-01,True,True,True
2026-06-30,01898.HK,中煤能源,130598000000.0,HSCI.HK,2007-03-12,f8cadab6-cf4a-4510-9509-52dc241647e6,True,True,286514450.73333335,True,True,True,True,2026-07-01,True,True,True
2026-06-30,02423.HK,贝壳-W,130049000000.0,HSCI.HK,2022-09-05,f8cadab6-cf4a-4510-9509-52dc241647e6,True,True,597053432.5333333,True,True,True,True,2026-07-01,True,True,True
2026-06-30,01766.HK,中国中车,128858000000.0,HSCI.HK,2010-03-08,f8cadab6-cf4a-4510-9509-52dc241647e6,True,True,124073051.06666666,True,True,True,True,2026-07-01,True,True,True
2026-06-30,00027.HK,银河娱乐,128836999999.99998,HSCI.HK,2005-09-05,f8cadab6-cf4a-4510-9509-52dc241647e6,True,True,460923471.2,True,True,True,True,2026-07-01,True,True,True
2026-06-30,02600.HK,中国铝业,127976000000.0,HSCI.HK,2002-03-01,f8cadab6-cf4a-4510-9509-52dc241647e6,True,True,628783185.3333334,True,True,True,True,2026-07-01,True,True,True
2026-06-30,00006.HK,电能实业,121685999999.99998,HSCI.HK,2001-10-03,f8cadab6-cf4a-4510-9509-52dc241647e6,True,True,231264338.26666668,True,True,True,True,2026-07-01,True,True,True
2026-06-30,00003.HK,香港中华煤气,121289000000.00002,HSCI.HK,2001-10-03,f8cadab6-cf4a-4510-9509-52dc241647e6,True,True,171512286.93333334,True,True,True,True,2026-07-01,True,True,True
2026-06-30,00012.HK,恒基地产,120066000000.00002,HSCI.HK,2001-10-03,f8cadab6-cf4a-4510-9509-52dc241647e6,True,True,279290292.8,True,True,True,True,2026-07-01,True,True,True
2026-06-30,01972.HK,太古地产,118258999999.99998,HSCI.HK,2012-09-10,f8cadab6-cf4a-4510-9509-52dc241647e6,True,True,82410818.03333333,True,True,True,True,2026-07-01,True,True,True
2026-06-30,01171.HK,兖矿能源,110907000000.0,HSCI.HK,2001-10-03,f8cadab6-cf4a-4510-9509-52dc241647e6,True,True,625350987.8666667,True,True,True,True,2026-07-01,True,True,True
2026-06-30,09987.HK,百胜中国,110297000000.0,HSCI.HK,2020-12-07,f8cadab6-cf4a-4510-9509-52dc241647e6,True,True,304006742.93333334,True,True,True,True,2026-07-01,True,True,True
2026-06-30,00763.HK,中兴通讯,109256000000.0,HSCI.HK,2010-03-08,f8cadab6-cf4a-4510-9509-52dc241647e6,True,True,615001565.3333334,True,True,True,True,2026-07-01,True,True,True
2026-06-30,01929.HK,周大福,107533000000.0,HSCI.HK,2012-01-03,f8cadab6-cf4a-4510-9509-52dc241647e6,True,True,226816689.53333333,True,True,True,True,2026-07-01,True,True,True
2026-06-30,00358.HK,江西铜业股份,107068000000.0,HSCI.HK,2001-10-03,f8cadab6-cf4a-4510-9509-52dc241647e6,True,True,547587816.0,True,True,True,True,2026-07-01,True,True,True
2026-06-30,03808.HK,中国重汽,106408999999.99998,HSCI.HK,2008-03-10,f8cadab6-cf4a-4510-9509-52dc241647e6,True,True,489277418.0,True,True,True,True,2026-07-01,True,True,True
2026-06-30,00288.HK,万洲国际,106363000000.00002,HSCI.HK,2014-12-08,f8cadab6-cf4a-4510-9509-52dc241647e6,True,True,359172191.2,True,True,True,True,2026-07-01,True,True,True
2026-06-30,01928.HK,金沙中国有限公司,105619000000.0,HSCI.HK,2010-03-08,f8cadab6-cf4a-4510-9509-52dc241647e6,True,True,211759757.33333334,True,True,True,True,2026-07-01,True,True,True
2026-06-30,01772.HK,赣锋锂业,105464000000.00002,HSCI.HK,2021-03-15,f8cadab6-cf4a-4510-9509-52dc241647e6,True,True,938745082.1333333,True,True,True,True,2026-07-01,True,True,True
2026-06-30,06618.HK,京东健康,105452000000.0,HSCI.HK,2020-12-22,f8cadab6-cf4a-4510-9509-52dc241647e6,True,True,416092125.2,True,True,True,True,2026-07-01,True,True,True
2026-06-30,01698.HK,腾讯音乐-SW,103500000000.0,HSCI.HK,2022-12-05,f8cadab6-cf4a-4510-9509-52dc241647e6,True,True,72327273.6,True,True,True,True,2026-07-01,True,True,True
2026-06-30,01179.HK,华住集团-S,102590000000.00002,HSCI.HK,2020-12-07,f8cadab6-cf4a-4510-9509-52dc241647e6,True,True,99934008.36666666,True,True,True,True,2026-07-01,True,True,True
2026-06-30,06990.HK,科伦博泰生物,101716000000.0,HSCI.HK,2024-03-04,f8cadab6-cf4a-4510-9509-52dc241647e6,True,True,349492444.23333335,True,True,True,True,2026-07-01,True,True,True
2026-06-30,01913.HK,普拉达,101636000000.0,HSCI.HK,2018-09-10,f8cadab6-cf4a-4510-9509-52dc241647e6,True,True,108967360.76666667,True,True,True,True,2026-07-01,True,True,True
2026-06-30,03908.HK,中金公司,101372000000.0,HSCI.HK,2016-03-14,f8cadab6-cf4a-4510-9509-52dc241647e6,True,True,341469482.93333334,True,True,True,True,2026-07-01,True,True,True
2026-06-30,00522.HK,ASMPT,100155000000.0,HSCI.HK,2001-10-03,f8cadab6-cf4a-4510-9509-52dc241647e6,True,True,773373714.6666666,True,True,True,True,2026-07-01,True,True,True
2026-06-30,02015.HK,理想汽车-W,99695000000.0,HSCI.HK,2021-08-26,f8cadab6-cf4a-4510-9509-52dc241647e6,True,True,918224343.7333333,True,True,True,True,2026-07-01,True,True,True
2026-06-30,01880.HK,中国中免,98820000000.0,HSCI.HK,2022-12-05,f8cadab6-cf4a-4510-9509-52dc241647e6,True,True,104320573.33333333,True,True,True,True,2026-07-01,True,True,True
2026-06-30,00083.HK,信和置业,98546000000.0,HSCI.HK,2001-10-03,f8cadab6-cf4a-4510-9509-52dc241647e6,True,True,110072655.1,True,True,True,True,2026-07-01,True,True,True
2026-06-30,09866.HK,蔚来-SW,97962000000.0,HSCI.HK,2022-06-13,f8cadab6-cf4a-4510-9509-52dc241647e6,True,True,300922041.2,True,True,True,True,2026-07-01,True,True,True
2026-06-30,09868.HK,小鹏集团-W,97050000000.0,HSCI.HK,2021-07-21,f8cadab6-cf4a-4510-9509-52dc241647e6,True,True,1003315186.1333333,True,True,True,True,2026-07-01,True,True,True
2026-06-30,06066.HK,中信建投证券,93391000000.0,HSCI.HK,2017-03-06,f8cadab6-cf4a-4510-9509-52dc241647e6,True,True,101398652.2,True,True,True,True,2026-07-01,True,True,True
2026-06-30,01208.HK,五矿资源,89154000000.0,HSCI.HK,2010-03-08,f8cadab6-cf4a-4510-9509-52dc241647e6,True,True,428812161.46666664,True,True,True,True,2026-07-01,True,True,True
2026-06-30,00914.HK,海螺水泥,88869000000.0,HSCI.HK,2003-09-08,f8cadab6-cf4a-4510-9509-52dc241647e6,True,True,161229072.8,True,True,True,True,2026-07-01,True,True,True
2026-06-30,06823.HK,香港电讯-SS,88411000000.0,HSCI.HK,2018-09-10,f8cadab6-cf4a-4510-9509-52dc241647e6,True,True,110495315.93333334,True,True,True,True,2026-07-01,True,True,True
2026-06-30,00836.HK,华润电力,87596000000.0,HSCI.HK,2004-03-08,f8cadab6-cf4a-4510-9509-52dc241647e6,True,True,341917355.6666667,True,True,True,True,2026-07-01,True,True,True
2026-06-30,00753.HK,中国国航,86888000000.0,HSCI.HK,2005-03-07,f8cadab6-cf4a-4510-9509-52dc241647e6,True,True,150842984.96666667,True,True,True,True,2026-07-01,True,True,True
2026-06-30,00902.HK,华能国际电力股份,86026000000.0,HSCI.HK,2001-10-03,f8cadab6-cf4a-4510-9509-52dc241647e6,True,True,296424977.2,True,True,True,True,2026-07-01,True,True,True
2026-06-30,01308.HK,海丰国际,85088000000.0,HSCI.HK,2013-09-09,f8cadab6-cf4a-4510-9509-52dc241647e6,True,True,151555228.0,True,True,True,True,2026-07-01,True,True,True
2026-06-30,01209.HK,华润万象生活,83722000000.0,HSCI.HK,2021-03-15,f8cadab6-cf4a-4510-9509-52dc241647e6,True,True,166956249.83333334,True,True,True,True,2026-07-01,True,True,True
2026-06-30,01177.HK,中国生物制药,82489000000.0,HSCI.HK,2010-03-08,f8cadab6-cf4a-4510-9509-52dc241647e6,True,True,445903890.0,True,True,True,True,2026-07-01,True,True,True
2026-06-30,01519.HK,极兔速递-W,81617000000.0,HSCI.HK,2024-03-04,f8cadab6-cf4a-4510-9509-52dc241647e6,True,True,335328063.73333335,True,True,True,True,2026-07-01,True,True,True
2026-06-30,00390.HK,中国中铁,81199000000.0,HSCI.HK,2008-03-10,f8cadab6-cf4a-4510-9509-52dc241647e6,True,True,120347207.26666667,True,True,True,True,2026-07-01,True,True,True
2026-06-30,09926.HK,康方生物,81107000000.0,HSCI.HK,2020-09-07,f8cadab6-cf4a-4510-9509-52dc241647e6,True,True,1406867644.8,True,True,True,True,2026-07-01,True,True,True
2026-06-30,01876.HK,百威亚太,80785000000.0,HSCI.HK,2019-10-16,f8cadab6-cf4a-4510-9509-52dc241647e6,True,True,108608720.4,True,True,True,True,2026-07-01,True,True,True
2026-06-30,00316.HK,东方海外国际,80566000000.0,HSCI.HK,2022-03-07,f8cadab6-cf4a-4510-9509-52dc241647e6,True,True,163240120.0,True,True,True,True,2026-07-01,True,True,True
2026-06-30,06881.HK,中国银河,80477000000.0,HSCI.HK,2013-09-09,f8cadab6-cf4a-4510-9509-52dc241647e6,True,True,164585560.4,True,True,True,True,2026-07-01,True,True,True
2026-06-30,01093.HK,石药集团,80311000000.0,HSCI.HK,2010-03-08,f8cadab6-cf4a-4510-9509-52dc241647e6,True,True,717629529.3333334,True,True,True,True,2026-07-01,True,True,True
2026-06-30,00293.HK,国泰航空,78933000000.0,HSCI.HK,2001-10-03,f8cadab6-cf4a-4510-9509-52dc241647e6,True,True,184961617.8,True,True,True,True,2026-07-01,True,True,True
2026-06-30,02618.HK,京东物流,78455000000.0,HSCI.HK,2021-06-11,f8cadab6-cf4a-4510-9509-52dc241647e6,True,True,176348371.26666668,True,True,True,True,2026-07-01,True,True,True
2026-06-30,01787.HK,山东黄金,76986000000.0,HSCI.HK,2019-09-09,f8cadab6-cf4a-4510-9509-52dc241647e6,True,True,365984318.1333333,True,True,True,True,2026-07-01,True,True,True
2026-06-30,01138.HK,中远海能,75663000000.0,HSCI.HK,2023-03-13,f8cadab6-cf4a-4510-9509-52dc241647e6,True,True,549787893.4666667,True,True,True,True,2026-07-01,True,True,True
2026-06-30,02333.HK,长城汽车,75356000000.0,HSCI.HK,2011-03-07,f8cadab6-cf4a-4510-9509-52dc241647e6,True,True,204368544.33333334,True,True,True,True,2026-07-01,True,True,True
2026-06-30,02268.HK,药明合联,71958000000.0,HSCI.HK,2024-03-04,f8cadab6-cf4a-4510-9509-52dc241647e6,True,True,278148479.8666667,True,True,True,True,2026-07-01,True,True,True
2026-06-30,00670.HK,中国东方航空股份,69797000000.0,HSCI.HK,2010-03-08,f8cadab6-cf4a-4510-9509-52dc241647e6,True,True,105508473.43333334,True,True,True,True,2026-07-01,True,True,True
2026-06-30,00291.HK,华润啤酒,69036000000.0,HSCI.HK,2001-10-03,f8cadab6-cf4a-4510-9509-52dc241647e6,True,True,238463654.8,True,True,True,True,2026-07-01,True,True,True
2026-06-30,02382.HK,舜宇光学科技,66783000000.00001,HSCI.HK,2013-09-09,f8cadab6-cf4a-4510-9509-52dc241647e6,True,True,1355598231.4666667,True,True,True,True,2026-07-01,True,True,True
2026-06-30,03618.HK,重庆农村商业银行,65642999999.99999,HSCI.HK,2011-03-07,f8cadab6-cf4a-4510-9509-52dc241647e6,True,True,64043861.833333336,True,True,True,True,2026-07-01,True,True,True
2026-06-30,01997.HK,九龙仓置业,64915000000.0,HSCI.HK,2017-11-23,f8cadab6-cf4a-4510-9509-52dc241647e6,True,True,116924664.13333334,True,True,True,True,2026-07-01,True,True,True
2026-06-30,00966.HK,中国太平,64764000000.0,HSCI.HK,2001-10-03,f8cadab6-cf4a-4510-9509-52dc241647e6,True,True,213263326.4,True,True,True,True,2026-07-01,True,True,True
2026-06-30,00019.HK,太古股份公司A,63642999999.99999,HSCI.HK,2001-10-03,f8cadab6-cf4a-4510-9509-52dc241647e6,True,True,88036912.6,True,True,True,True,2026-07-01,True,True,True
2026-06-30,02319.HK,蒙牛乳业,62373000000.0,HSCI.HK,2004-09-06,f8cadab6-cf4a-4510-9509-52dc241647e6,True,True,355387345.6,True,True,True,True,2026-07-01,True,True,True
2026-06-30,01186.HK,中国铁建,62059000000.0,HSCI.HK,2008-09-08,f8cadab6-cf4a-4510-9509-52dc241647e6,True,True,34863956.40833333,True,True,True,True,2026-07-01,True,True,True
2026-06-30,09901.HK,新东方-S,61907000000.00001,HSCI.HK,2020-11-23,f8cadab6-cf4a-4510-9509-52dc241647e6,True,True,197797295.86666667,True,True,True,True,2026-07-01,True,True,True
2026-06-30,01055.HK,中国南方航空股份,61429999999.99999,HSCI.HK,2010-03-08,f8cadab6-cf4a-4510-9509-52dc241647e6,True,True,83838906.63333334,True,True,True,True,2026-07-01,True,True,True
2026-06-30,06181.HK,老铺黄金,61224000000.0,HSCI.HK,2024-09-10,f8cadab6-cf4a-4510-9509-52dc241647e6,True,True,610708121.3333334,True,True,True,True,2026-07-01,True,True,True
2026-06-30,03698.HK,徽商银行,60004000000.0,HSCI.HK,2026-03-09,f8cadab6-cf4a-4510-9509-52dc241647e6,True,True,58288886.46666667,True,True,True,True,2026-07-01,True,True,True
2026-06-30,01157.HK,中联重科,59675000000.0,HSCI.HK,2011-03-07,f8cadab6-cf4a-4510-9509-52dc241647e6,True,True,78894405.18333334,True,True,True,True,2026-07-01,True,True,True
2026-06-30,01800.HK,中国交通建设,59504999999.99999,HSCI.HK,2007-03-12,f8cadab6-cf4a-4510-9509-52dc241647e6,True,True,49014946.0,True,True,True,True,2026-07-01,True,True,True
2026-06-30,06862.HK,海底捞,59196000000.0,HSCI.HK,2018-12-10,f8cadab6-cf4a-4510-9509-52dc241647e6,True,True,238119009.53333333,True,True,True,True,2026-07-01,True,True,True
2026-06-30,02313.HK,申洲国际,59166999999.99999,HSCI.HK,2010-03-08,f8cadab6-cf4a-4510-9509-52dc241647e6,True,True,342616432.26666665,True,True,True,True,2026-07-01,True,True,True
2026-06-30,00168.HK,青岛啤酒股份,58715000000.0,HSCI.HK,2003-03-03,f8cadab6-cf4a-4510-9509-52dc241647e6,True,True,168170293.6,True,True,True,True,2026-07-01,True,True,True
2026-06-30,02016.HK,浙商银行,58225000000.0,HSCI.HK,2024-09-10,f8cadab6-cf4a-4510-9509-52dc241647e6,True,True,20338078.966666665,True,True,True,True,2026-07-01,True,True,True
2026-06-30,01818.HK,招金矿业,58060000000.0,HSCI.HK,2010-03-08,f8cadab6-cf4a-4510-9509-52dc241647e6,True,True,483940550.53333336,True,True,True,True,2026-07-01,True,True,True
2026-06-30,00020.HK,商汤-W,56570000000.00001,HSCI.HK,2022-03-07,f8cadab6-cf4a-4510-9509-52dc241647e6,True,True,699836355.7333333,True,True,True,True,2026-07-01,True,True,True
2026-06-30,02588.HK,中银航空租赁,56388000000.0,HSCI.HK,2016-09-05,f8cadab6-cf4a-4510-9509-52dc241647e6,True,True,65392633.43333333,True,True,True,True,2026-07-01,True,True,True
2026-06-30,09626.HK,哔哩哔哩-W,55977000000.0,HSCI.HK,2021-04-15,f8cadab6-cf4a-4510-9509-52dc241647e6,True,True,698101517.6,True,True,True,True,2026-07-01,True,True,True
2026-06-30,00135.HK,昆仑能源,55541000000.0,HSCI.HK,2001-10-03,f8cadab6-cf4a-4510-9509-52dc241647e6,True,True,94267021.46666667,True,True,True,True,2026-07-01,True,True,True
2026-06-30,00004.HK,九龙仓集团,55314000000.0,HSCI.HK,2001-10-03,f8cadab6-cf4a-4510-9509-52dc241647e6,True,True,106765760.81666666,True,True,True,True,2026-07-01,True,True,True
2026-06-30,00322.HK,康师傅控股,55132000000.00001,HSCI.HK,2001-10-03,f8cadab6-cf4a-4510-9509-52dc241647e6,True,True,213919625.2,True,True,True,True,2026-07-01,True,True,True
2026-06-30,03898.HK,时代电气,53989000000.0,HSCI.HK,2010-03-08,f8cadab6-cf4a-4510-9509-52dc241647e6,True,True,208523381.06666666,True,True,True,True,2026-07-01,True,True,True
2026-06-30,02727.HK,上海电气,52526000000.0,HSCI.HK,2005-09-05,f8cadab6-cf4a-4510-9509-52dc241647e6,True,True,192495588.4,True,True,True,True,2026-07-01,True,True,True
2026-06-30,06088.HK,FIT HON TENG,51929999999.99999,HSCI.HK,2017-12-04,f8cadab6-cf4a-4510-9509-52dc241647e6,True,True,623090375.6,True,True,True,True,2026-07-01,True,True,True
2026-06-30,00144.HK,招商局港口,51803000000.0,HSCI.HK,2001-10-03,f8cadab6-cf4a-4510-9509-52dc241647e6,True,True,51614485.43333333,True,True,True,True,2026-07-01,True,True,True
2026-06-30,09880.HK,优必选,51750000000.0,HSCI.HK,2024-03-04,f8cadab6-cf4a-4510-9509-52dc241647e6,True,True,905579146.8,True,True,True,True,2026-07-01,True,True,True
2026-06-30,02018.HK,瑞声科技,51176000000.0,HSCI.HK,2006-03-06,f8cadab6-cf4a-4510-9509-52dc241647e6,True,True,317525514.1333333,True,True,True,True,2026-07-01,True,True,True
2026-06-30,00270.HK,粤海投资,50733000000.0,HSCI.HK,2001-10-03,f8cadab6-cf4a-4510-9509-52dc241647e6,True,True,91929098.93333334,True,True,True,True,2026-07-01,True,True,True
2026-06-30,03998.HK,波司登,50011000000.0,HSCI.HK,2008-03-10,f8cadab6-cf4a-4510-9509-52dc241647e6,True,True,106595984.13333334,True,True,True,True,2026-07-01,True,True,True
2026-06-30,00241.HK,阿里健康,49820000000.0,HSCI.HK,2015-03-09,f8cadab6-cf4a-4510-9509-52dc241647e6,True,True,435874970.1333333,True,True,True,True,2026-07-01,True,True,True
2026-06-30,01099.HK,国药控股,49650000000.0,HSCI.HK,2010-03-08,f8cadab6-cf4a-4510-9509-52dc241647e6,True,True,116804146.73333333,True,True,True,True,2026-07-01,True,True,True
2026-06-30,03996.HK,中国能源建设,49107000000.0,HSCI.HK,2022-09-05,f8cadab6-cf4a-4510-9509-52dc241647e6,True,True,73902671.41666667,True,True,True,True,2026-07-01,True,True,True
2026-06-30,09863.HK,零跑汽车,49024000000.0,HSCI.HK,2022-12-05,f8cadab6-cf4a-4510-9509-52dc241647e6,True,True,508300622.1333333,True,True,True,True,2026-07-01,True,True,True
2026-06-30,02099.HK,中国黄金国际,48561000000.0,HSCI.HK,2022-03-07,f8cadab6-cf4a-4510-9509-52dc241647e6,True,True,299092871.3333333,True,True,True,True,2026-07-01,True,True,True
2026-06-30,00285.HK,比亚迪电子,47137000000.0,HSCI.HK,2008-03-10,f8cadab6-cf4a-4510-9509-52dc241647e6,True,True,353170455.46666664,True,True,True,True,2026-07-01,True,True,True
2026-06-30,00177.HK,江苏宁沪高速公路,46196000000.0,HSCI.HK,2001-10-03,f8cadab6-cf4a-4510-9509-52dc241647e6,True,True,87057567.3,True,True,True,True,2026-07-01,True,True,True
2026-06-30,02688.HK,新奥能源,45794000000.0,HSCI.HK,2002-09-02,f8cadab6-cf4a-4510-9509-52dc241647e6,True,True,257726481.73333332,True,True,True,True,2026-07-01,True,True,True
2026-06-30,09698.HK,万国数据-SW,45269000000.0,HSCI.HK,2021-03-15,f8cadab6-cf4a-4510-9509-52dc241647e6,True,True,237080167.73333332,True,True,True,True,2026-07-01,True,True,True
2026-06-30,00991.HK,大唐发电,44416000000.0,HSCI.HK,2001-10-03,f8cadab6-cf4a-4510-9509-52dc241647e6,True,True,321736966.8666667,True,True,True,True,2026-07-01,True,True,True
2026-06-30,02799.HK,中信金融资产,44136000000.0,HSCI.HK,2025-03-10,f8cadab6-cf4a-4510-9509-52dc241647e6,True,True,70024434.9,True,True,True,True,2026-07-01,True,True,True
2026-06-30,01258.HK,中国有色矿业,43898000000.0,HSCI.HK,2022-03-07,f8cadab6-cf4a-4510-9509-52dc241647e6,True,True,205226370.0,True,True,True,True,2026-07-01,True,True,True
2026-06-30,06969.HK,思摩尔国际,43493000000.0,HSCI.HK,2020-07-27,f8cadab6-cf4a-4510-9509-52dc241647e6,True,True,128723425.66666667,True,True,True,True,2026-07-01,True,True,True
2026-06-30,01071.HK,华电国际电力股份,43312000000.0,HSCI.HK,2024-09-10,f8cadab6-cf4a-4510-9509-52dc241647e6,True,True,55150774.53333333,True,True,True,True,2026-07-01,True,True,True
2026-06-30,01530.HK,三生制药,42868000000.0,HSCI.HK,2015-09-14,f8cadab6-cf4a-4510-9509-52dc241647e6,True,True,719016136.1333333,True,True,True,True,2026-07-01,True,True,True
2026-06-30,00960.HK,龙湖集团,42442000000.0,HSCI.HK,2010-03-08,f8cadab6-cf4a-4510-9509-52dc241647e6,True,True,173042816.0,True,True,True,True,2026-07-01,True,True,True
2026-06-30,02607.HK,上海医药,42275000000.0,HSCI.HK,2011-09-05,f8cadab6-cf4a-4510-9509-52dc241647e6,True,True,39397821.15,True,True,True,True,2026-07-01,True,True,True
2026-06-30,09995.HK,荣昌生物,41941000000.0,HSCI.HK,2026-03-09,f8cadab6-cf4a-4510-9509-52dc241647e6,True,True,403079658.6666667,True,True,True,True,2026-07-01,True,True,True
2026-06-30,00916.HK,龙源电力,41799000000.0,HSCI.HK,2010-03-08,f8cadab6-cf4a-4510-9509-52dc241647e6,True,True,208490569.86666667,True,True,True,True,2026-07-01,True,True,True
2026-06-30,03931.HK,中创新航,41543000000.0,HSCI.HK,2025-03-10,f8cadab6-cf4a-4510-9509-52dc241647e6,True,True,181194622.46666667,True,True,True,True,2026-07-01,True,True,True
2026-06-30,03323.HK,中国建材,40547000000.0,HSCI.HK,2008-03-10,f8cadab6-cf4a-4510-9509-52dc241647e6,True,True,405947555.06666666,True,True,True,True,2026-07-01,True,True,True
2026-06-30,02196.HK,复星医药,40350000000.0,HSCI.HK,2014-03-10,f8cadab6-cf4a-4510-9509-52dc241647e6,True,True,51733329.666666664,True,True,True,True,2026-07-01,True,True,True
2026-06-30,02039.HK,中集集团,40066000000.0,HSCI.HK,2024-09-10,f8cadab6-cf4a-4510-9509-52dc241647e6,True,True,59855105.608333334,True,True,True,True,2026-07-01,True,True,True
2026-06-30,00151.HK,中国旺旺,40008000000.0,HSCI.HK,2008-09-08,f8cadab6-cf4a-4510-9509-52dc241647e6,True,True,33132319.95,True,True,True,True,2026-07-01,True,True,True
2026-06-30,06963.HK,阳光保险,39105000000.0,HSCI.HK,2024-09-10,f8cadab6-cf4a-4510-9509-52dc241647e6,True,True,66716154.766666666,True,True,True,True,2026-07-01,True,True,True
2026-06-30,03668.HK,兖煤澳大利亚,38953000000.0,HSCI.HK,2023-03-13,f8cadab6-cf4a-4510-9509-52dc241647e6,True,True,105144101.39166667,True,True,True,True,2026-07-01,True,True,True
2026-06-30,02282.HK,美高梅中国,38532000000.0,HSCI.HK,2011-09-05,f8cadab6-cf4a-4510-9509-52dc241647e6,True,True,72346171.9,True,True,True,True,2026-07-01,True,True,True
2026-06-30,02331.HK,李宁,38048000000.0,HSCI.HK,2005-01-17,f8cadab6-cf4a-4510-9509-52dc241647e6,True,True,385611861.06666666,True,True,True,True,2026-07-01,True,True,True
2026-06-30,01729.HK,汇聚科技,37771000000.0,HSCI.HK,2025-09-08,f8cadab6-cf4a-4510-9509-52dc241647e6,True,True,356905690.4,True,True,True,True,2026-07-01,True,True,True
2026-06-30,00868.HK,信义玻璃,37738000000.0,HSCI.HK,2008-10-29,f8cadab6-cf4a-4510-9509-52dc241647e6,True,True,101246840.56666666,True,True,True,True,2026-07-01,True,True,True
2026-06-30,03311.HK,中国建筑国际,36817000000.0,HSCI.HK,2010-03-08,f8cadab6-cf4a-4510-9509-52dc241647e6,True,True,109826331.41666667,True,True,True,True,2026-07-01,True,True,True
2026-06-30,01735.HK,中环新能源,35904000000.0,HSCI.HK,2024-03-04,f8cadab6-cf4a-4510-9509-52dc241647e6,True,True,78045516.0,True,True,True,True,2026-07-01,True,True,True
2026-06-30,00101.HK,恒隆地产,35849000000.0,HSCI.HK,2001-10-03,f8cadab6-cf4a-4510-9509-52dc241647e6,True,True,75796788.5,True,True,True,True,2026-07-01,True,True,True
2026-06-30,00576.HK,浙江沪杭甬,35806000000.0,HSCI.HK,2001-10-03,f8cadab6-cf4a-4510-9509-52dc241647e6,True,True,59179595.86666667,True,True,True,True,2026-07-01,True,True,True
2026-06-30,00087.HK,太古股份公司B,35498000000.0,HSCI.HK,2023-03-13,f8cadab6-cf4a-4510-9509-52dc241647e6,True,True,13951920.583333334,True,True,True,True,2026-07-01,True,True,True
2026-06-30,01359.HK,中国信达,35493000000.0,HSCI.HK,2014-03-10,f8cadab6-cf4a-4510-9509-52dc241647e6,True,True,66075853.55,True,True,True,True,2026-07-01,True,True,True
2026-06-30,00659.HK,周大福创建,35206000000.0,HSCI.HK,2026-03-09,f8cadab6-cf4a-4510-9509-52dc241647e6,True,True,11925120.191666666,True,True,True,True,2026-07-01,True,True,True
2026-06-30,03939.HK,万国黄金集团,34429000000.0,HSCI.HK,2025-03-10,f8cadab6-cf4a-4510-9509-52dc241647e6,True,True,308884073.46666664,True,True,True,True,2026-07-01,True,True,True
2026-06-30,01193.HK,华润燃气,33923000000.0,HSCI.HK,2010-03-08,f8cadab6-cf4a-4510-9509-52dc241647e6,True,True,67018730.96666667,True,True,True,True,2026-07-01,True,True,True
2026-06-30,02380.HK,中国电力,33894000000.0,HSCI.HK,2005-03-07,f8cadab6-cf4a-4510-9509-52dc241647e6,True,True,99612956.93333334,True,True,True,True,2026-07-01,True,True,True
2026-06-30,03969.HK,中国通号,33887000000.0,HSCI.HK,2015-12-07,f8cadab6-cf4a-4510-9509-52dc241647e6,True,True,15394346.816666666,True,True,True,True,2026-07-01,True,True,True
2026-06-30,00392.HK,北京控股,33815000000.0,HSCI.HK,2001-10-03,f8cadab6-cf4a-4510-9509-52dc241647e6,True,True,44458746.71666667,True,True,True,True,2026-07-01,True,True,True
2026-06-30,00921.HK,海信家电,33735000000.000004,HSCI.HK,2024-03-04,f8cadab6-cf4a-4510-9509-52dc241647e6,True,True,34380821.30833333,True,True,True,True,2026-07-01,True,True,True
2026-06-30,03396.HK,联想控股,33199000000.0,HSCI.HK,2015-09-14,f8cadab6-cf4a-4510-9509-52dc241647e6,True,True,171165258.76666668,True,True,True,True,2026-07-01,True,True,True
2026-06-30,00023.HK,东亚银行,33131000000.0,HSCI.HK,2026-03-09,f8cadab6-cf4a-4510-9509-52dc241647e6,True,True,14336750.083333334,True,True,True,True,2026-07-01,True,True,True
2026-06-30,00189.HK,东岳集团,33060000000.000004,HSCI.HK,2018-03-05,f8cadab6-cf4a-4510-9509-52dc241647e6,True,True,694986637.0666667,True,True,True,True,2026-07-01,True,True,True
2026-06-30,02228.HK,晶泰控股,32921000000.0,HSCI.HK,2024-09-10,f8cadab6-cf4a-4510-9509-52dc241647e6,True,True,507323524.0,True,True,True,True,2026-07-01,True,True,True
2026-06-30,01070.HK,TCL电子,32495000000.0,HSCI.HK,2013-03-04,f8cadab6-cf4a-4510-9509-52dc241647e6,True,True,133637304.21666667,True,True,True,True,2026-07-01,True,True,True
2026-06-30,00656.HK,复星国际,32379000000.000004,HSCI.HK,2008-03-10,f8cadab6-cf4a-4510-9509-52dc241647e6,True,True,44603295.166666664,True,True,True,True,2026-07-01,True,True,True
2026-06-30,02689.HK,玖龙纸业,32048000000.0,HSCI.HK,2006-09-11,f8cadab6-cf4a-4510-9509-52dc241647e6,True,True,87399117.48333333,True,True,True,True,2026-07-01,True,True,True
2026-06-30,00666.HK,瑞浦兰钧,31548000000.0,HSCI.HK,2024-03-04,f8cadab6-cf4a-4510-9509-52dc241647e6,True,True,54286122.71666667,True,True,True,True,2026-07-01,True,True,True
2026-06-30,00425.HK,敏实集团,31269000000.0,HSCI.HK,2007-01-02,f8cadab6-cf4a-4510-9509-52dc241647e6,True,True,184340008.0,True,True,True,True,2026-07-01,True,True,True
2026-06-30,03888.HK,金山软件,30649000000.0,HSCI.HK,2010-03-08,f8cadab6-cf4a-4510-9509-52dc241647e6,True,True,392076215.2,True,True,True,True,2026-07-01,True,True,True
2026-06-30,01908.HK,建发国际集团,30242000000.0,HSCI.HK,2019-09-09,f8cadab6-cf4a-4510-9509-52dc241647e6,True,True,119412664.33333333,True,True,True,True,2026-07-01,True,True,True
2026-06-30,01882.HK,海天国际,29925000000.0,HSCI.HK,2010-03-08,f8cadab6-cf4a-4510-9509-52dc241647e6,True,True,45363128.333333336,True,True,True,True,2026-07-01,True,True,True
2026-06-30,02883.HK,中海油田服务,29822000000.000004,HSCI.HK,2003-03-03,f8cadab6-cf4a-4510-9509-52dc241647e6,True,True,82349935.3,True,True,True,True,2026-07-01,True,True,True
2026-06-30,09896.HK,名创优品,29215000000.0,HSCI.HK,2023-03-13,f8cadab6-cf4a-4510-9509-52dc241647e6,True,True,108557697.1,True,True,True,True,2026-07-01,True,True,True
2026-06-30,00220.HK,统一企业中国,29156000000.0,HSCI.HK,2008-03-10,f8cadab6-cf4a-4510-9509-52dc241647e6,True,True,91508651.2,True,True,True,True,2026-07-01,True,True,True
2026-06-30,00780.HK,同程旅行,28228000000.0,HSCI.HK,2019-03-11,f8cadab6-cf4a-4510-9509-52dc241647e6,True,True,161600589.6,True,True,True,True,2026-07-01,True,True,True
2026-06-30,00384.HK,中国燃气,28221000000.0,HSCI.HK,2010-03-08,f8cadab6-cf4a-4510-9509-52dc241647e6,True,True,87730008.6,True,True,True,True,2026-07-01,True,True,True
2026-06-30,02367.HK,巨子生物,28135000000.000004,HSCI.HK,2023-03-13,f8cadab6-cf4a-4510-9509-52dc241647e6,True,True,154312092.83333334,True,True,True,True,2026-07-01,True,True,True
2026-06-30,00257.HK,光大环境,28012000000.0,HSCI.HK,2010-03-08,f8cadab6-cf4a-4510-9509-52dc241647e6,True,True,66056861.733333334,True,True,True,True,2026-07-01,True,True,True
2026-06-30,01585.HK,雅迪控股,27734000000.0,HSCI.HK,2016-09-05,f8cadab6-cf4a-4510-9509-52dc241647e6,True,True,97941221.46666667,True,True,True,True,2026-07-01,True,True,True
2026-06-30,00598.HK,中国外运,27404000000.000004,HSCI.HK,2024-09-10,f8cadab6-cf4a-4510-9509-52dc241647e6,True,True,27588732.733333334,True,True,True,True,2026-07-01,True,True,True
2026-06-30,00552.HK,中国通信服务,27150000000.0,HSCI.HK,2007-03-12,f8cadab6-cf4a-4510-9509-52dc241647e6,True,True,39780981.31666667,True,True,True,True,2026-07-01,True,True,True
2026-06-30,01548.HK,金斯瑞生物科技,26764000000.0,HSCI.HK,2017-09-04,f8cadab6-cf4a-4510-9509-52dc241647e6,True,True,221270031.86666667,True,True,True,True,2026-07-01,True,True,True
2026-06-30,03320.HK,华润医药,26638000000.0,HSCI.HK,2017-03-06,f8cadab6-cf4a-4510-9509-52dc241647e6,True,True,86418178.6,True,True,True,True,2026-07-01,True,True,True
2026-06-30,01963.HK,重庆银行,26504000000.000004,HSCI.HK,2024-03-04,f8cadab6-cf4a-4510-9509-52dc241647e6,True,True,19288610.891666666,True,True,True,True,2026-07-01,True,True,True
2026-06-30,00683.HK,嘉里建设,26182000000.0,HSCI.HK,2001-10-03,f8cadab6-cf4a-4510-9509-52dc241647e6,True,True,42772722.416666664,True,True,True,True,2026-07-01,True,True,True
2026-06-30,03360.HK,远东宏信,25772000000.000004,HSCI.HK,2011-09-05,f8cadab6-cf4a-4510-9509-52dc241647e6,True,True,88038240.45,True,True,True,True,2026-07-01,True,True,True
2026-06-30,06186.HK,中国飞鹤,25388000000.0,HSCI.HK,2020-03-09,f8cadab6-cf4a-4510-9509-52dc241647e6,True,True,80413769.06666666,True,True,True,True,2026-07-01,True,True,True
2026-06-30,02096.HK,先声药业,25297000000.0,HSCI.HK,2021-03-15,f8cadab6-cf4a-4510-9509-52dc241647e6,True,True,85565708.8,True,True,True,True,2026-07-01,True,True,True
2026-06-30,02202.HK,万科企业,25293000000.0,HSCI.HK,2014-09-08,f8cadab6-cf4a-4510-9509-52dc241647e6,True,True,67152919.91666667,True,True,True,True,2026-07-01,True,True,True
2026-06-30,01044.HK,恒安国际,25265000000.0,HSCI.HK,2001-10-03,f8cadab6-cf4a-4510-9509-52dc241647e6,True,True,86508825.7,True,True,True,True,2026-07-01,True,True,True
2026-06-30,00867.HK,康哲药业,25078000000.0,HSCI.HK,2013-03-04,f8cadab6-cf4a-4510-9509-52dc241647e6,True,True,64789966.833333336,True,True,True,True,2026-07-01,True,True,True
2026-06-30,00136.HK,中国儒意,25033000000.0,HSCI.HK,2017-09-04,f8cadab6-cf4a-4510-9509-52dc241647e6,True,True,137275999.7,True,True,True,True,2026-07-01,True,True,True
2026-06-30,06979.HK,珍酒李渡,24771000000.0,HSCI.HK,2023-09-05,f8cadab6-cf4a-4510-9509-52dc241647e6,True,True,34849319.733333334,True,True,True,True,2026-07-01,True,True,True
2026-06-30,06655.HK,华新建材,23992000000.0,HSCI.HK,2022-09-05,f8cadab6-cf4a-4510-9509-52dc241647e6,True,True,42024542.05,True,True,True,True,2026-07-01,True,True,True
2026-06-30,01797.HK,东方甄选,23938000000.0,HSCI.HK,2019-09-09,f8cadab6-cf4a-4510-9509-52dc241647e6,True,True,221718590.13333333,True,True,True,True,2026-07-01,True,True,True
2026-06-30,00696.HK,中国民航信息网络,23644000000.0,HSCI.HK,2014-03-10,f8cadab6-cf4a-4510-9509-52dc241647e6,True,True,56650355.85,True,True,True,True,2026-07-01,True,True,True
2026-06-30,02357.HK,中航科工,23042000000.0,HSCI.HK,2010-09-06,f8cadab6-cf4a-4510-9509-52dc241647e6,True,True,74276270.3,True,True,True,True,2026-07-01,True,True,True
2026-06-30,03800.HK,协鑫科技,22919000000.0,HSCI.HK,2022-03-07,f8cadab6-cf4a-4510-9509-52dc241647e6,True,True,231225143.46666667,True,True,True,True,2026-07-01,True,True,True
2026-06-30,00371.HK,北控水务集团,22705000000.0,HSCI.HK,2010-03-08,f8cadab6-cf4a-4510-9509-52dc241647e6,True,True,55410839.71666667,True,True,True,True,2026-07-01,True,True,True
2026-06-30,00631.HK,三一国际,21844000000.0,HSCI.HK,2017-03-06,f8cadab6-cf4a-4510-9509-52dc241647e6,True,True,110449444.26666667,True,True,True,True,2026-07-01,True,True,True
2026-06-30,02400.HK,心动公司,21774000000.0,HSCI.HK,2020-03-09,f8cadab6-cf4a-4510-9509-52dc241647e6,True,True,169640967.9,True,True,True,True,2026-07-01,True,True,True
2026-06-30,02386.HK,中石化炼化工程,21663000000.0,HSCI.HK,2024-09-10,f8cadab6-cf4a-4510-9509-52dc241647e6,True,True,31460333.441666666,True,True,True,True,2026-07-01,True,True,True
2026-06-30,09899.HK,网易云音乐,21643000000.0,HSCI.HK,2024-09-10,f8cadab6-cf4a-4510-9509-52dc241647e6,True,True,134697173.93333334,True,True,True,True,2026-07-01,True,True,True
2026-06-30,00290.HK,国富量子,21226000000.0,HSCI.HK,2026-03-09,f8cadab6-cf4a-4510-9509-52dc241647e6,True,True,123190244.73333333,True,True,True,True,2026-07-01,True,True,True
2026-06-30,02238.HK,广汽集团,21210000000.0,HSCI.HK,2011-03-07,f8cadab6-cf4a-4510-9509-52dc241647e6,True,True,44241712.833333336,True,True,True,True,2026-07-01,True,True,True
2026-06-30,01513.HK,丽珠医药,21203000000.0,HSCI.HK,2014-09-08,f8cadab6-cf4a-4510-9509-52dc241647e6,True,True,26592900.283333335,True,True,True,True,2026-07-01,True,True,True
2026-06-30,02162.HK,康诺亚-B,21136000000.0,HSCI.HK,2022-03-07,f8cadab6-cf4a-4510-9509-52dc241647e6,True,True,176095914.36666667,True,True,True,True,2026-07-01,True,True,True
2026-06-30,03896.HK,金山云,21027000000.0,HSCI.HK,2023-03-13,f8cadab6-cf4a-4510-9509-52dc241647e6,True,True,589698967.2,True,True,True,True,2026-07-01,True,True,True
2026-06-30,00268.HK,金蝶国际,21013000000.0,HSCI.HK,2011-03-07,f8cadab6-cf4a-4510-9509-52dc241647e6,True,True,404590870.6666667,True,True,True,True,2026-07-01,True,True,True
2026-06-30,09969.HK,诺诚健华,20957000000.0,HSCI.HK,2020-09-07,f8cadab6-cf4a-4510-9509-52dc241647e6,True,True,112477255.4,True,True,True,True,2026-07-01,True,True,True
2026-06-30,03393.HK,威胜控股,20750000000.0,HSCI.HK,2026-03-09,f8cadab6-cf4a-4510-9509-52dc241647e6,True,True,217186145.86666667,True,True,True,True,2026-07-01,True,True,True
2026-06-30,00142.HK,第一太平,20458000000.0,HSCI.HK,2001-10-03,f8cadab6-cf4a-4510-9509-52dc241647e6,True,True,31960558.533333335,True,True,True,True,2026-07-01,True,True,True
2026-06-30,01415.HK,高伟电子,20378000000.0,HSCI.HK,2023-03-13,f8cadab6-cf4a-4510-9509-52dc241647e6,True,True,115619970.43333334,True,True,True,True,2026-07-01,True,True,True
2026-06-30,01910.HK,新秀丽,20024000000.0,HSCI.HK,2018-09-10,f8cadab6-cf4a-4510-9509-52dc241647e6,True,True,72264184.13333334,True,True,True,True,2026-07-01,True,True,True
2026-06-30,00551.HK,裕元集团,19656000000.0,HSCI.HK,2001-10-03,f8cadab6-cf4a-4510-9509-52dc241647e6,True,True,59014448.93333333,True,True,True,True,2026-07-01,True,True,True
2026-06-30,00586.HK,海螺创业,19497000000.0,HSCI.HK,2014-03-10,f8cadab6-cf4a-4510-9509-52dc241647e6,True,True,99889854.36666666,True,True,True,True,2026-07-01,True,True,True
2026-06-30,00772.HK,阅文集团,19326000000.0,HSCI.HK,2018-03-05,f8cadab6-cf4a-4510-9509-52dc241647e6,True,True,135079214.96666667,True,True,True,True,2026-07-01,True,True,True
2026-06-30,00968.HK,信义光能,18843000000.0,HSCI.HK,2014-03-10,f8cadab6-cf4a-4510-9509-52dc241647e6,True,True,162981361.8,True,True,True,True,2026-07-01,True,True,True
2026-06-30,01788.HK,国泰君安国际,18679000000.0,HSCI.HK,2011-03-07,f8cadab6-cf4a-4510-9509-52dc241647e6,True,True,251731366.86666667,True,True,True,True,2026-07-01,True,True,True
2026-06-30,01164.HK,中广核矿业,18546000000.0,HSCI.HK,2023-09-05,f8cadab6-cf4a-4510-9509-52dc241647e6,True,True,154978329.73333332,True,True,True,True,2026-07-01,True,True,True
2026-06-30,00179.HK,德昌电机控股,18137000000.0,HSCI.HK,2001-10-03,f8cadab6-cf4a-4510-9509-52dc241647e6,True,True,229932375.5,True,True,True,True,2026-07-01,True,True,True
2026-06-30,01199.HK,中远海运港口,17995000000.0,HSCI.HK,2001-10-03,f8cadab6-cf4a-4510-9509-52dc241647e6,True,True,18344728.025,True,True,True,True,2026-07-01,True,True,True
2026-06-30,02602.HK,万物云,17614000000.0,HSCI.HK,2024-09-10,f8cadab6-cf4a-4510-9509-52dc241647e6,True,True,46271893.13333333,True,True,True,True,2026-07-01,True,True,True
2026-06-30,01783.HK,晋景新能,17538000000.0,HSCI.HK,2025-09-08,f8cadab6-cf4a-4510-9509-52dc241647e6,True,True,48617573.25,True,True,True,True,2026-07-01,True,True,True
2026-06-30,09985.HK,卫龙美味,17480000000.0,HSCI.HK,2025-03-10,f8cadab6-cf4a-4510-9509-52dc241647e6,True,True,38332224.983333334,True,True,True,True,2026-07-01,True,True,True
2026-06-30,01357.HK,美图公司,17198000000.0,HSCI.HK,2017-03-06,f8cadab6-cf4a-4510-9509-52dc241647e6,True,True,481969207.3333333,True,True,True,True,2026-07-01,True,True,True
2026-06-30,03900.HK,绿城中国,17168000000.0,HSCI.HK,2007-03-12,f8cadab6-cf4a-4510-9509-52dc241647e6,True,True,104842929.76666667,True,True,True,True,2026-07-01,True,True,True
2026-06-30,00010.HK,恒隆集团,17129000000.0,HSCI.HK,2024-09-10,f8cadab6-cf4a-4510-9509-52dc241647e6,True,True,13579460.620833334,True,True,True,True,2026-07-01,True,True,True
2026-06-30,01860.HK,汇量科技,17065000000.0,HSCI.HK,2019-03-11,f8cadab6-cf4a-4510-9509-52dc241647e6,True,True,294174188.93333334,True,True,True,True,2026-07-01,True,True,True
2026-06-30,00014.HK,希慎兴业,16966000000.0,HSCI.HK,2001-10-03,f8cadab6-cf4a-4510-9509-52dc241647e6,True,True,47357105.75,True,True,True,True,2026-07-01,True,True,True
2026-06-30,03330.HK,灵宝黄金,16954000000.0,HSCI.HK,2026-03-09,f8cadab6-cf4a-4510-9509-52dc241647e6,True,True,431676110.26666665,True,True,True,True,2026-07-01,True,True,True
2026-06-30,00317.HK,中船防务,16891000000.0,HSCI.HK,2024-09-10,f8cadab6-cf4a-4510-9509-52dc241647e6,True,True,43902270.86666667,True,True,True,True,2026-07-01,True,True,True
2026-06-30,00512.HK,远大医药,16683000000.000002,HSCI.HK,2018-03-05,f8cadab6-cf4a-4510-9509-52dc241647e6,True,True,32737161.566666666,True,True,True,True,2026-07-01,True,True,True
2026-06-30,03933.HK,联邦制药,16633000000.000002,HSCI.HK,2010-03-08,f8cadab6-cf4a-4510-9509-52dc241647e6,True,True,69651906.91666667,True,True,True,True,2026-07-01,True,True,True
2026-06-30,00817.HK,中国金茂,16619999999.999998,HSCI.HK,2008-03-10,f8cadab6-cf4a-4510-9509-52dc241647e6,True,True,87984637.13333334,True,True,True,True,2026-07-01,True,True,True
2026-06-30,09688.HK,再鼎医药,16453000000.0,HSCI.HK,2020-12-07,f8cadab6-cf4a-4510-9509-52dc241647e6,True,True,199344375.43333334,True,True,True,True,2026-07-01,True,True,True
2026-06-30,02356.HK,大新银行集团,16265000000.0,HSCI.HK,2024-09-10,f8cadab6-cf4a-4510-9509-52dc241647e6,True,True,15430008.858333332,True,True,True,True,2026-07-01,True,True,True
2026-06-30,02232.HK,晶苑国际,16147000000.0,HSCI.HK,2025-03-10,f8cadab6-cf4a-4510-9509-52dc241647e6,True,True,19435861.0,True,True,True,True,2026-07-01,True,True,True
2026-06-30,02419.HK,德康农牧,15975000000.0,HSCI.HK,2024-09-10,f8cadab6-cf4a-4510-9509-52dc241647e6,True,True,61397772.85,True,True,True,True,2026-07-01,True,True,True
2026-06-30,00017.HK,新世界发展,15930000000.000002,HSCI.HK,2001-10-03,f8cadab6-cf4a-4510-9509-52dc241647e6,True,True,52427150.5,True,True,True,True,2026-07-01,True,True,True
2026-06-30,06098.HK,碧桂园服务,15836000000.000002,HSCI.HK,2018-09-10,f8cadab6-cf4a-4510-9509-52dc241647e6,True,True,41312739.233333334,True,True,True,True,2026-07-01,True,True,True
2026-06-30,02276.HK,康耐特光学,15656000000.0,HSCI.HK,2025-09-08,f8cadab6-cf4a-4510-9509-52dc241647e6,True,True,110327295.93333334,True,True,True,True,2026-07-01,True,True,True
2026-06-30,03918.HK,金界控股,15613000000.0,HSCI.HK,2018-09-10,f8cadab6-cf4a-4510-9509-52dc241647e6,True,True,12850726.470833333,True,True,True,True,2026-07-01,True,True,True
2026-06-30,03899.HK,中集安瑞科,15182000000.0,HSCI.HK,2013-03-04,f8cadab6-cf4a-4510-9509-52dc241647e6,True,True,49647239.61666667,True,True,True,True,2026-07-01,True,True,True
2026-06-30,06060.HK,众安在线,15163000000.0,HSCI.HK,2017-12-04,f8cadab6-cf4a-4510-9509-52dc241647e6,True,True,121285609.33333333,True,True,True,True,2026-07-01,True,True,True
2026-06-30,01833.HK,平安好医生,15087000000.0,HSCI.HK,2018-09-10,f8cadab6-cf4a-4510-9509-52dc241647e6,True,True,95344974.61666666,True,True,True,True,2026-07-01,True,True,True
2026-06-30,01196.HK,伟禄科技股份,14928000000.0,HSCI.HK,2016-09-05,f8cadab6-cf4a-4510-9509-52dc241647e6,True,True,19673012.45,True,True,True,True,2026-07-01,True,True,True
2026-06-30,02038.HK,富智康集团,14783000000.000002,HSCI.HK,2005-09-05,f8cadab6-cf4a-4510-9509-52dc241647e6,True,True,29470325.1,True,True,True,True,2026-07-01,True,True,True
2026-06-30,00013.HK,和黄医药,14638000000.0,HSCI.HK,2021-09-06,f8cadab6-cf4a-4510-9509-52dc241647e6,True,True,90985439.66666667,True,True,True,True,2026-07-01,True,True,True
2026-06-30,01066.HK,威高股份,14488999999.999998,HSCI.HK,2011-03-07,f8cadab6-cf4a-4510-9509-52dc241647e6,True,True,103974355.13333334,True,True,True,True,2026-07-01,True,True,True
2026-06-30,09636.HK,九方智投控股,14332000000.0,HSCI.HK,2023-09-05,f8cadab6-cf4a-4510-9509-52dc241647e6,True,True,121499758.56666666,True,True,True,True,2026-07-01,True,True,True
2026-06-30,06049.HK,保利物业,14254000000.0,HSCI.HK,2020-03-09,f8cadab6-cf4a-4510-9509-52dc241647e6,True,True,30994687.983333334,True,True,True,True,2026-07-01,True,True,True
2026-06-30,00956.HK,新天绿色能源,13988999999.999998,HSCI.HK,2022-09-05,f8cadab6-cf4a-4510-9509-52dc241647e6,True,True,25552632.7,True,True,True,True,2026-07-01,True,True,True
2026-06-30,02343.HK,太平洋航运,13946000000.0,HSCI.HK,2005-03-07,f8cadab6-cf4a-4510-9509-52dc241647e6,True,True,39666391.38333333,True,True,True,True,2026-07-01,True,True,True
2026-06-30,01060.HK,大麦娱乐,13638999999.999998,HSCI.HK,2015-03-09,f8cadab6-cf4a-4510-9509-52dc241647e6,True,True,120020886.75,True,True,True,True,2026-07-01,True,True,True
2026-06-30,00123.HK,越秀地产,13444999999.999998,HSCI.HK,2001-10-03,f8cadab6-cf4a-4510-9509-52dc241647e6,True,True,47321056.93333333,True,True,True,True,2026-07-01,True,True,True
2026-06-30,03877.HK,中国船舶租赁,13397000000.0,HSCI.HK,2024-09-10,f8cadab6-cf4a-4510-9509-52dc241647e6,True,True,39702271.36666667,True,True,True,True,2026-07-01,True,True,True
2026-06-30,00363.HK,上海实业控股,13351000000.0,HSCI.HK,2001-10-03,f8cadab6-cf4a-4510-9509-52dc241647e6,True,True,18486993.233333334,True,True,True,True,2026-07-01,True,True,True
2026-06-30,06682.HK,范式智能,13332000000.0,HSCI.HK,2024-03-04,f8cadab6-cf4a-4510-9509-52dc241647e6,True,True,240328712.0,True,True,True,True,2026-07-01,True,True,True
2026-06-30,06055.HK,中烟香港,13280000000.000002,HSCI.HK,2019-09-09,f8cadab6-cf4a-4510-9509-52dc241647e6,True,True,57255527.833333336,True,True,True,True,2026-07-01,True,True,True
2026-06-30,01277.HK,力量发展,13243000000.0,HSCI.HK,2024-09-10,f8cadab6-cf4a-4510-9509-52dc241647e6,True,True,51565382.1,True,True,True,True,2026-07-01,True,True,True
2026-06-30,01579.HK,颐海国际,13197000000.0,HSCI.HK,2018-03-05,f8cadab6-cf4a-4510-9509-52dc241647e6,True,True,49526433.31666667,True,True,True,True,2026-07-01,True,True,True
2026-06-30,00303.HK,VTECH HOLDINGS,13046000000.0,HSCI.HK,2001-10-03,f8cadab6-cf4a-4510-9509-52dc241647e6,True,True,50825941.95,True,True,True,True,2026-07-01,True,True,True
2026-06-30,00152.HK,深圳国际,13040000000.0,HSCI.HK,2001-10-03,f8cadab6-cf4a-4510-9509-52dc241647e6,True,True,59471525.18333333,True,True,True,True,2026-07-01,True,True,True
2026-06-30,00590.HK,六福集团,12999000000.0,HSCI.HK,2011-03-07,f8cadab6-cf4a-4510-9509-52dc241647e6,True,True,26366738.5,True,True,True,True,2026-07-01,True,True,True
2026-06-30,00697.HK,首程控股,12852000000.000002,HSCI.HK,2025-03-10,f8cadab6-cf4a-4510-9509-52dc241647e6,True,True,78570257.23333333,True,True,True,True,2026-07-01,True,True,True
2026-06-30,00856.HK,伟仕佳杰,12684000000.0,HSCI.HK,2019-09-09,f8cadab6-cf4a-4510-9509-52dc241647e6,True,True,82980315.26666667,True,True,True,True,2026-07-01,True,True,True
2026-06-30,09858.HK,优然牧业,12441000000.0,HSCI.HK,2021-09-06,f8cadab6-cf4a-4510-9509-52dc241647e6,True,True,79594746.53333333,True,True,True,True,2026-07-01,True,True,True
2026-06-30,06855.HK,亚盛医药,12402000000.0,HSCI.HK,2020-09-07,f8cadab6-cf4a-4510-9509-52dc241647e6,True,True,107235529.13333334,True,True,True,True,2026-07-01,True,True,True
2026-06-30,01918.HK,融创中国,12379000000.0,HSCI.HK,2023-09-05,f8cadab6-cf4a-4510-9509-52dc241647e6,True,True,162548275.6,True,True,True,True,2026-07-01,True,True,True
2026-06-30,02869.HK,绿城服务,12364000000.0,HSCI.HK,2017-03-06,f8cadab6-cf4a-4510-9509-52dc241647e6,True,True,16926787.016666666,True,True,True,True,2026-07-01,True,True,True
2026-06-30,02314.HK,理文造纸,12327000000.0,HSCI.HK,2004-03-08,f8cadab6-cf4a-4510-9509-52dc241647e6,True,True,15179865.45,True,True,True,True,2026-07-01,True,True,True
2026-06-30,00546.HK,阜丰集团,11860000000.0,HSCI.HK,2010-03-08,f8cadab6-cf4a-4510-9509-52dc241647e6,True,True,39802215.25,True,True,True,True,2026-07-01,True,True,True
2026-06-30,01428.HK,耀才证券金融,11762000000.0,HSCI.HK,2026-03-09,f8cadab6-cf4a-4510-9509-52dc241647e6,True,True,257014680.93333334,True,True,True,True,2026-07-01,True,True,True
2026-06-30,00881.HK,中升控股,11570000000.0,HSCI.HK,2010-09-06,f8cadab6-cf4a-4510-9509-52dc241647e6,True,True,63165116.666666664,True,True,True,True,2026-07-01,True,True,True
2026-06-30,01999.HK,敏华控股,11493000000.0,HSCI.HK,2010-09-06,f8cadab6-cf4a-4510-9509-52dc241647e6,True,True,44798062.35,True,True,True,True,2026-07-01,True,True,True
2026-06-30,06699.HK,时代天使,11330000000.0,HSCI.HK,2021-09-06,f8cadab6-cf4a-4510-9509-52dc241647e6,True,True,60707828.516666666,True,True,True,True,2026-07-01,True,True,True
2026-06-30,03339.HK,中国龙工,11128000000.0,HSCI.HK,2007-09-10,f8cadab6-cf4a-4510-9509-52dc241647e6,True,True,20577151.9,True,True,True,True,2026-07-01,True,True,True
2026-06-30,02128.HK,中国联塑,11045000000.0,HSCI.HK,2010-09-06,f8cadab6-cf4a-4510-9509-52dc241647e6,True,True,44597940.983333334,True,True,True,True,2026-07-01,True,True,True
2026-06-30,00639.HK,首钢资源,10997000000.0,HSCI.HK,2009-03-09,f8cadab6-cf4a-4510-9509-52dc241647e6,True,True,33173096.25,True,True,True,True,2026-07-01,True,True,True
2026-06-30,02145.HK,上美股份,10853000000.0,HSCI.HK,2023-03-13,f8cadab6-cf4a-4510-9509-52dc241647e6,True,True,48992479.03333333,True,True,True,True,2026-07-01,True,True,True
2026-06-30,06110.HK,滔搏,10790000000.0,HSCI.HK,2020-03-09,f8cadab6-cf4a-4510-9509-52dc241647e6,True,True,41608782.36666667,True,True,True,True,2026-07-01,True,True,True
2026-06-30,02498.HK,速腾聚创,10765000000.0,HSCI.HK,2024-06-11,f8cadab6-cf4a-4510-9509-52dc241647e6,True,True,201572231.2,True,True,True,True,2026-07-01,True,True,True
2026-06-30,09911.HK,赤子城科技,10631000000.0,HSCI.HK,2026-03-09,f8cadab6-cf4a-4510-9509-52dc241647e6,True,True,147261943.6,True,True,True,True,2026-07-01,True,True,True
2026-06-30,02669.HK,中海物业,10607000000.0,HSCI.HK,2016-03-14,f8cadab6-cf4a-4510-9509-52dc241647e6,True,True,36618849.05833333,True,True,True,True,2026-07-01,True,True,True
2026-06-30,01681.HK,康臣药业,10587000000.0,HSCI.HK,2026-03-09,f8cadab6-cf4a-4510-9509-52dc241647e6,True,True,26947122.916666668,True,True,True,True,2026-07-01,True,True,True
2026-06-30,01368.HK,特步国际,10585000000.0,HSCI.HK,2015-09-14,f8cadab6-cf4a-4510-9509-52dc241647e6,True,True,66653533.18333333,True,True,True,True,2026-07-01,True,True,True
2026-06-30,09690.HK,途虎-W,10512000000.0,HSCI.HK,2023-12-04,f8cadab6-cf4a-4510-9509-52dc241647e6,True,True,15168419.391666668,True,True,True,True,2026-07-01,True,True,True
2026-06-30,01836.HK,九兴控股,10448000000.0,HSCI.HK,2024-09-10,f8cadab6-cf4a-4510-9509-52dc241647e6,True,True,15993781.416666666,True,True,True,True,2026-07-01,True,True,True
2026-06-30,00863.HK,OSL集团,10403000000.0,HSCI.HK,2026-03-09,f8cadab6-cf4a-4510-9509-52dc241647e6,True,True,27223985.333333332,True,True,True,True,2026-07-01,True,True,True
2026-06-30,00880.HK,澳博控股,10369000000.0,HSCI.HK,2009-03-09,f8cadab6-cf4a-4510-9509-52dc241647e6,True,True,19328991.1,True,True,True,True,2026-07-01,True,True,True
2026-06-30,01686.HK,新意网集团,10279000000.0,HSCI.HK,2018-09-10,f8cadab6-cf4a-4510-9509-52dc241647e6,True,True,42031217.03333333,True,True,True,True,2026-07-01,True,True,True
2026-06-30,02155.HK,森松国际,9751000000.0,HSCI.HK,2024-09-10,f8cadab6-cf4a-4510-9509-52dc241647e6,True,True,74746653.63333334,True,True,True,True,2026-07-01,True,True,True
2026-06-30,00336.HK,华宝国际,9718000000.0,HSCI.HK,2007-09-10,f8cadab6-cf4a-4510-9509-52dc241647e6,True,True,22362966.941666666,True,True,True,True,2026-07-01,True,True,True
2026-06-30,00826.HK,天工国际,9674000000.0,HSCI.HK,2020-03-09,f8cadab6-cf4a-4510-9509-52dc241647e6,True,True,96160361.13333334,True,True,True,True,2026-07-01,True,True,True
2026-06-30,01030.HK,新城发展,9661000000.0,HSCI.HK,2013-03-04,f8cadab6-cf4a-4510-9509-52dc241647e6,True,True,45138994.46666667,True,True,True,True,2026-07-01,True,True,True
2026-06-30,01114.HK,BRILLIANCE CHI,9636000000.0,HSCI.HK,2023-03-13,f8cadab6-cf4a-4510-9509-52dc241647e6,True,True,66447633.7,True,True,True,True,2026-07-01,True,True,True
2026-06-30,01316.HK,耐世特,9562000000.0,HSCI.HK,2015-09-14,f8cadab6-cf4a-4510-9509-52dc241647e6,True,True,61065440.4,True,True,True,True,2026-07-01,True,True,True
2026-06-30,01811.HK,中广核新能源,9223000000.0,HSCI.HK,2015-03-09,f8cadab6-cf4a-4510-9509-52dc241647e6,True,True,22818221.583333332,True,True,True,True,2026-07-01,True,True,True
2026-06-30,03306.HK,江南布衣,9183000000.0,HSCI.HK,2024-09-10,f8cadab6-cf4a-4510-9509-52dc241647e6,True,True,20824198.516666666,True,True,True,True,2026-07-01,True,True,True
2026-06-30,01883.HK,中信国际电讯,9141000000.0,HSCI.HK,2010-03-08,f8cadab6-cf4a-4510-9509-52dc241647e6,True,True,11501809.958333334,True,True,True,True,2026-07-01,True,True,True
2026-06-30,00297.HK,中化化肥,8991000000.0,HSCI.HK,2006-03-06,f8cadab6-cf4a-4510-9509-52dc241647e6,True,True,52871339.083333336,True,True,True,True,2026-07-01,True,True,True
2026-06-30,02666.HK,环球医疗,8943000000.0,HSCI.HK,2016-03-14,f8cadab6-cf4a-4510-9509-52dc241647e6,True,True,22259299.575,True,True,True,True,2026-07-01,True,True,True
2026-06-30,06808.HK,高鑫零售,8873000000.0,HSCI.HK,2012-03-05,f8cadab6-cf4a-4510-9509-52dc241647e6,True,True,21138767.345833335,True,True,True,True,2026-07-01,True,True,True
2026-06-30,00165.HK,中国光大控股,8780000000.0,HSCI.HK,2001-10-03,f8cadab6-cf4a-4510-9509-52dc241647e6,True,True,44058219.05,True,True,True,True,2026-07-01,True,True,True
2026-06-30,00467.HK,联合能源集团,8724000000.0,HSCI.HK,2022-03-07,f8cadab6-cf4a-4510-9509-52dc241647e6,True,True,34545619.333333336,True,True,True,True,2026-07-01,True,True,True
2026-06-30,01361.HK,361度,8714000000.0,HSCI.HK,2022-09-05,f8cadab6-cf4a-4510-9509-52dc241647e6,True,True,67102238.8,True,True,True,True,2026-07-01,True,True,True
2026-06-30,01952.HK,云顶新耀,8669000000.0,HSCI.HK,2021-03-15,f8cadab6-cf4a-4510-9509-52dc241647e6,True,True,104406462.25,True,True,True,True,2026-07-01,True,True,True
2026-06-30,01310.HK,香港宽频,8666000000.0,HSCI.HK,2015-09-14,f8cadab6-cf4a-4510-9509-52dc241647e6,True,True,20260646.116666667,True,True,True,True,2026-07-01,True,True,True
2026-06-30,00506.HK,中国食品,8643000000.0,HSCI.HK,2025-09-08,f8cadab6-cf4a-4510-9509-52dc241647e6,True,True,13301638.141666668,True,True,True,True,2026-07-01,True,True,True
2026-06-30,02171.HK,科济药业-B,8592000000.0,HSCI.HK,2026-03-09,f8cadab6-cf4a-4510-9509-52dc241647e6,True,True,131283111.5,True,True,True,True,2026-07-01,True,True,True
2026-06-30,01907.HK,中国旭阳集团,8552000000.0,HSCI.HK,2019-09-09,f8cadab6-cf4a-4510-9509-52dc241647e6,True,True,80870075.86666666,True,True,True,True,2026-07-01,True,True,True
2026-06-30,02858.HK,易鑫集团,8506999999.999999,HSCI.HK,2018-03-05,f8cadab6-cf4a-4510-9509-52dc241647e6,True,True,31468601.566666666,True,True,True,True,2026-07-01,True,True,True
2026-06-30,02285.HK,泉峰控股,8483000000.0,HSCI.HK,2022-03-07,f8cadab6-cf4a-4510-9509-52dc241647e6,True,True,17156002.94375,True,True,True,True,2026-07-01,True,True,True
2026-06-30,06666.HK,恒大物业,8323999999.999999,HSCI.HK,2024-03-04,f8cadab6-cf4a-4510-9509-52dc241647e6,True,True,56419227.6,True,True,True,True,2026-07-01,True,True,True
2026-06-30,03380.HK,龙光集团,8244000000.0,HSCI.HK,2023-03-13,f8cadab6-cf4a-4510-9509-52dc241647e6,True,True,25477876.041666668,True,True,True,True,2026-07-01,True,True,True
2026-06-30,02556.HK,迈富时,8198000000.0,HSCI.HK,2024-09-10,f8cadab6-cf4a-4510-9509-52dc241647e6,True,True,220979819.1,True,True,True,True,2026-07-01,True,True,True
2026-06-30,01478.HK,丘钛科技,8197000000.0,HSCI.HK,2017-09-04,f8cadab6-cf4a-4510-9509-52dc241647e6,True,True,63442730.9,True,True,True,True,2026-07-01,True,True,True
2026-06-30,06069.HK,盛业,8125000000.0,HSCI.HK,2020-03-09,f8cadab6-cf4a-4510-9509-52dc241647e6,True,True,49928006.05833333,True,True,True,True,2026-07-01,True,True,True
2026-06-30,00667.HK,中国东方教育,8119000000.0,HSCI.HK,2019-09-09,f8cadab6-cf4a-4510-9509-52dc241647e6,True,True,23772069.025,True,True,True,True,2026-07-01,True,True,True
2026-06-30,00081.HK,中国海外宏洋集团,7937000000.0,HSCI.HK,2012-03-05,f8cadab6-cf4a-4510-9509-52dc241647e6,True,True,21720226.7,True,True,True,True,2026-07-01,True,True,True
2026-06-30,00354.HK,中国软件国际,7923000000.0,HSCI.HK,2015-09-14,f8cadab6-cf4a-4510-9509-52dc241647e6,True,True,127510200.7,True,True,True,True,2026-07-01,True,True,True
2026-06-30,01117.HK,现代牧业,7756999999.999999,HSCI.HK,2019-09-09,f8cadab6-cf4a-4510-9509-52dc241647e6,True,True,22773383.041666668,True,True,True,True,2026-07-01,True,True,True
2026-06-30,00460.HK,四环医药,7744000000.0,HSCI.HK,2016-09-05,f8cadab6-cf4a-4510-9509-52dc241647e6,True,True,34546033.233333334,True,True,True,True,2026-07-01,True,True,True
2026-06-30,00990.HK,至源控股,7548999999.999999,HSCI.HK,2022-03-07,f8cadab6-cf4a-4510-9509-52dc241647e6,True,True,27358254.466666665,True,True,True,True,2026-07-01,True,True,True
2026-06-30,02233.HK,西部水泥,7538000000.0,HSCI.HK,2011-03-07,f8cadab6-cf4a-4510-9509-52dc241647e6,True,True,59531250.333333336,True,True,True,True,2026-07-01,True,True,True
2026-06-30,01313.HK,华润建材科技,7192000000.0,HSCI.HK,2010-03-08,f8cadab6-cf4a-4510-9509-52dc241647e6,True,True,19990550.291666668,True,True,True,True,2026-07-01,True,True,True
2026-06-30,02186.HK,绿叶制药,7190000000.000001,HSCI.HK,2014-12-08,f8cadab6-cf4a-4510-9509-52dc241647e6,True,True,87938941.45,True,True,True,True,2026-07-01,True,True,True
2026-06-30,00200.HK,新濠国际发展,7120999999.999999,HSCI.HK,2005-09-05,f8cadab6-cf4a-4510-9509-52dc241647e6,True,True,18191628.916666668,True,True,True,True,2026-07-01,True,True,True
2026-06-30,03633.HK,中裕能源,7063000000.0,HSCI.HK,2019-03-11,f8cadab6-cf4a-4510-9509-52dc241647e6,True,True,11178777.0,True,True,True,True,2026-07-01,True,True,True
2026-06-30,02157.HK,乐普生物,7019000000.0,HSCI.HK,2022-09-05,f8cadab6-cf4a-4510-9509-52dc241647e6,True,True,55734260.35,True,True,True,True,2026-07-01,True,True,True
2026-06-30,00570.HK,中国中药,6798000000.0,HSCI.HK,2014-03-10,f8cadab6-cf4a-4510-9509-52dc241647e6,True,True,21388333.825,True,True,True,True,2026-07-01,True,True,True
2026-06-30,09699.HK,顺丰同城,6697000000.0,HSCI.HK,2024-09-10,f8cadab6-cf4a-4510-9509-52dc241647e6,True,True,30466080.875,True,True,True,True,2026-07-01,True,True,True
2026-06-30,02555.HK,茶百道,6679000000.000001,HSCI.HK,2024-09-10,f8cadab6-cf4a-4510-9509-52dc241647e6,True,True,18330699.975,True,True,True,True,2026-07-01,True,True,True
2026-06-30,00345.HK,VITASOY INT'L,6597000000.0,HSCI.HK,2016-09-05,f8cadab6-cf4a-4510-9509-52dc241647e6,True,True,11799701.970833333,True,True,True,True,2026-07-01,True,True,True
2026-06-30,01112.HK,H&H国际控股,6572000000.0,HSCI.HK,2011-03-07,f8cadab6-cf4a-4510-9509-52dc241647e6,True,True,26694875.333333332,True,True,True,True,2026-07-01,True,True,True
2026-06-30,00975.HK,MONGOL MINING,6434000000.0,HSCI.HK,2024-09-10,f8cadab6-cf4a-4510-9509-52dc241647e6,True,True,26046153.4,True,True,True,True,2026-07-01,True,True,True
2026-06-30,01302.HK,先健科技,6392000000.0,HSCI.HK,2015-03-09,f8cadab6-cf4a-4510-9509-52dc241647e6,True,True,57124844.266666666,True,True,True,True,2026-07-01,True,True,True
2026-06-30,02005.HK,石四药集团,6256000000.0,HSCI.HK,2011-03-07,f8cadab6-cf4a-4510-9509-52dc241647e6,True,True,14428531.666666666,True,True,True,True,2026-07-01,True,True,True
2026-06-30,02877.HK,神威药业,6103000000.0,HSCI.HK,2024-03-04,f8cadab6-cf4a-4510-9509-52dc241647e6,True,True,10305283.270833334,True,True,True,True,2026-07-01,True,True,True
2026-06-30,02273.HK,固生堂,6042000000.0,HSCI.HK,2022-03-07,f8cadab6-cf4a-4510-9509-52dc241647e6,True,True,33089375.45,True,True,True,True,2026-07-01,True,True,True
2026-06-30,00119.HK,保利置业集团,5999000000.0,HSCI.HK,2010-03-08,f8cadab6-cf4a-4510-9509-52dc241647e6,True,True,40097754.666666664,True,True,True,True,2026-07-01,True,True,True
2026-06-30,03738.HK,阜博集团,5967000000.0,HSCI.HK,2021-09-06,f8cadab6-cf4a-4510-9509-52dc241647e6,True,True,74312620.26666667,True,True,True,True,2026-07-01,True,True,True
2026-06-30,01789.HK,爱康医疗,5769000000.0,HSCI.HK,2020-03-09,f8cadab6-cf4a-4510-9509-52dc241647e6,True,True,35399956.15,True,True,True,True,2026-07-01,True,True,True
2026-06-30,00308.HK,香港中旅,5703000000.0,HSCI.HK,2025-03-10,f8cadab6-cf4a-4510-9509-52dc241647e6,True,True,45792987.104166664,True,True,True,True,2026-07-01,True,True,True
2026-06-30,06078.HK,海吉亚医疗,5672000000.0,HSCI.HK,2020-09-07,f8cadab6-cf4a-4510-9509-52dc241647e6,True,True,36088680.583333336,True,True,True,True,2026-07-01,True,True,True
2026-06-30,09890.HK,贪玩,5339000000.0,HSCI.HK,2024-03-04,f8cadab6-cf4a-4510-9509-52dc241647e6,True,True,24552304.516666666,True,True,True,True,2026-07-01,True,True,True
2026-06-30,01951.HK,锦欣生殖,5329000000.0,HSCI.HK,2019-09-09,f8cadab6-cf4a-4510-9509-52dc241647e6,True,True,34172759.025,True,True,True,True,2026-07-01,True,True,True
2026-06-30,00819.HK,天能动力,5315000000.0,HSCI.HK,2013-03-04,f8cadab6-cf4a-4510-9509-52dc241647e6,True,True,63320302.266666666,True,True,True,True,2026-07-01,True,True,True
2026-06-30,01896.HK,猫眼娱乐,5183000000.0,HSCI.HK,2019-06-17,f8cadab6-cf4a-4510-9509-52dc241647e6,True,True,19266428.55,True,True,True,True,2026-07-01,True,True,True
2026-06-30,02517.HK,锅圈,5165000000.0,HSCI.HK,2024-03-04,f8cadab6-cf4a-4510-9509-52dc241647e6,True,True,79023991.15,True,True,True,True,2026-07-01,True,True,True
2026-06-30,02192.HK,医脉通,5040000000.0,HSCI.HK,2021-12-06,f8cadab6-cf4a-4510-9509-52dc241647e6,True,True,12485503.2,True,True,True,True,2026-07-01,True,True,True
2026-06-30,01921.HK,达力普控股,4981000000.0,HSCI.HK,2024-09-10,f8cadab6-cf4a-4510-9509-52dc241647e6,True,True,33067044.925,True,True,True,True,2026-07-01,True,True,True
2026-06-30,02158.HK,医渡科技,4978000000.0,HSCI.HK,2021-06-07,f8cadab6-cf4a-4510-9509-52dc241647e6,True,True,39990140.86666667,True,True,True,True,2026-07-01,True,True,True
2026-06-30,00839.HK,中教控股,4789000000.0,HSCI.HK,2018-03-05,f8cadab6-cf4a-4510-9509-52dc241647e6,True,True,26025068.116666667,True,True,True,True,2026-07-01,True,True,True
2026-06-30,02013.HK,微盟集团,4669000000.0,HSCI.HK,2019-09-09,f8cadab6-cf4a-4510-9509-52dc241647e6,True,True,73038800.56666666,True,True,True,True,2026-07-01,True,True,True
2026-06-30,01610.HK,中粮家佳康,4445000000.0,HSCI.HK,2017-03-06,f8cadab6-cf4a-4510-9509-52dc241647e6,True,True,28415544.75,True,True,True,True,2026-07-01,True,True,True
2026-06-30,02255.HK,海昌海洋公园,4361000000.0,HSCI.HK,2022-09-05,f8cadab6-cf4a-4510-9509-52dc241647e6,True,True,87207066.28333333,True,True,True,True,2026-07-01,True,True,True
2026-06-30,09993.HK,金辉控股,4328000000.0,HSCI.HK,2021-03-15,f8cadab6-cf4a-4510-9509-52dc241647e6,True,True,304593541.98333335,True,True,True,True,2026-07-01,True,True,True
2026-06-30,01675.HK,亚信科技,4183000000.0,HSCI.HK,2022-09-05,f8cadab6-cf4a-4510-9509-52dc241647e6,True,True,18854102.391666666,True,True,True,True,2026-07-01,True,True,True
2026-06-30,06683.HK,巨星传奇,3978000000.0,HSCI.HK,2024-03-04,f8cadab6-cf4a-4510-9509-52dc241647e6,True,True,40901952.59166667,True,True,True,True,2026-07-01,True,True,True
2026-06-30,01405.HK,达势股份,3878000000.0,HSCI.HK,2024-09-10,f8cadab6-cf4a-4510-9509-52dc241647e6,True,True,22395327.3,True,True,True,True,2026-07-01,True,True,True
2026-06-30,02291.HK,心泰医疗,3536999999.9999995,HSCI.HK,2023-03-13,f8cadab6-cf4a-4510-9509-52dc241647e6,True,True,20725464.647916667,True,True,True,True,2026-07-01,True,True,True
2026-06-30,06955.HK,博安生物,2913000000.0,HSCI.HK,2023-03-13,f8cadab6-cf4a-4510-9509-52dc241647e6,True,True,39910275.53333333,True,True,True,True,2026-07-01,True,True,True
2026-06-30,00909.HK,明源云,2329000000.0,HSCI.HK,2020-12-07,f8cadab6-cf4a-4510-9509-52dc241647e6,True,True,13417048.13125,True,True,True,True,2026-07-01,True,True,True
2026-06-30,01773.HK,天立国际控股,2327000000.0,HSCI.HK,2024-09-10,f8cadab6-cf4a-4510-9509-52dc241647e6,True,True,17447024.175,True,True,True,True,2026-07-01,True,True,True
2026-06-30,00917.HK,趣致集团,2207000000.0,HSCI.HK,2024-09-10,f8cadab6-cf4a-4510-9509-52dc241647e6,True,True,116063291.5,True,True,True,True,2026-07-01,True,True,True
2026-06-30,02477.HK,经纬天地,1560000000.0,HSCI.HK,2026-03-09,f8cadab6-cf4a-4510-9509-52dc241647e6,True,True,441770337.4,True,True,True,True,2026-07-01,True,True,True
2026-06-30,02473.HK,喜相逢集团,1132000000.0,HSCI.HK,2025-09-08,f8cadab6-cf4a-4510-9509-52dc241647e6,True,True,189318517.66666666,True,True,True,True,2026-07-01,True,True,True
