windcode,name,market_cap_hkd
09999.HK,网易,651640000000.0
09995.HK,荣昌生物,41941000000.0
09993.HK,金辉控股,4328000000.0
09992.HK,泡泡玛特,206018000000.0
09988.HK,阿里巴巴-W,1783284000000.0
09987.HK,百胜中国,110297000000.0
09985.HK,卫龙美味,17480000000.0
09973.HK,奇瑞汽车,141381000000.0
09969.HK,诺诚健华,20957000000.0
09961.HK,携程集团-S,223079000000.0
09927.HK,赛力斯,80062000000.0
09926.HK,康方生物,81107000000.0
09911.HK,赤子城科技,10631000000.0
09903.HK,天数智芯,194299000000.0
09901.HK,新东方-S,61907000000.00001
09899.HK,网易云音乐,21643000000.0
09898.HK,微博-SW,13881000000.0
09896.HK,名创优品,29215000000.0
09890.HK,贪玩,5339000000.0
09888.HK,百度集团-W,306149000000.0
09887.HK,维立志博-B,9809000000.0
09880.HK,优必选,51750000000.0
09868.HK,小鹏集团-W,97050000000.0
09866.HK,蔚来-SW,97962000000.0
09863.HK,零跑汽车,49024000000.0
09858.HK,优然牧业,12441000000.0
09699.HK,顺丰同城,6697000000.0
09698.HK,万国数据-SW,45269000000.0
09690.HK,途虎-W,10512000000.0
09688.HK,再鼎医药,16453000000.0
09678.HK,云知声,5336000000.0
09660.HK,地平线机器人-W,59779999999.99999
09658.HK,特海国际,5963000000.0
09636.HK,九方智投控股,14332000000.0
09633.HK,农夫山泉,445585000000.00006
09626.HK,哔哩哔哩-W,55977000000.0
09618.HK,京东集团-SW,277629000000.0
09606.HK,映恩生物-B,16466999999.999998
07618.HK,京东工业,30290000000.0
06993.HK,蓝月亮集团,17240000000.0
06990.HK,科伦博泰生物,101716000000.0
06979.HK,珍酒李渡,24771000000.0
06969.HK,思摩尔国际,43493000000.0
06963.HK,阳光保险,39105000000.0
06955.HK,博安生物,2913000000.0
06886.HK,HTSC,150749000000.0
06881.HK,中国银河,80477000000.0
06869.HK,长飞光纤光缆,211447000000.0
06862.HK,海底捞,59196000000.0
06855.HK,亚盛医药,12402000000.0
06823.HK,香港电讯-SS,88411000000.0
06818.HK,中国光大银行,173121000000.0
06808.HK,高鑫零售,8873000000.0
06699.HK,时代天使,11330000000.0
06690.HK,海尔智家,187365000000.0
06687.HK,聚水潭,5994000000.0
06683.HK,巨星传奇,3978000000.0
06682.HK,范式智能,13332000000.0
06681.HK,脑动极光-B,2187000000.0
06666.HK,恒大物业,8323999999.999999
06655.HK,华新建材,23992000000.0
06651.HK,五一视界,37488000000.0
06618.HK,京东健康,105452000000.0
06603.HK,IFBH,1555000000.0
06600.HK,卧安机器人,12811000000.000002
06186.HK,中国飞鹤,25388000000.0
06181.HK,老铺黄金,61224000000.0
06168.HK,周六福,6733000000.0
06160.HK,百济神州,262658000000.0
06110.HK,滔搏,10790000000.0
06099.HK,招商证券,150189000000.0
06098.HK,碧桂园服务,15836000000.000002
06090.HK,不同集团,2648000000.0
06088.HK,FIT HON TENG,51929999999.99999
06082.HK,壁仞科技,149258000000.0
06078.HK,海吉亚医疗,5672000000.0
06069.HK,盛业,8125000000.0
06066.HK,中信建投证券,93391000000.0
06060.HK,众安在线,15163000000.0
06055.HK,中烟香港,13280000000.000002
06049.HK,保利物业,14254000000.0
06031.HK,三一重工,170475000000.0
06030.HK,中信证券,404008000000.0
03998.HK,波司登,50011000000.0
03996.HK,中国能源建设,49107000000.0
03993.HK,洛阳钼业,324766000000.0
03988.HK,中国银行,1607840000000.0
03969.HK,中国通号,33887000000.0
03968.HK,招商银行,1132875000000.0
03939.HK,万国黄金集团,34429000000.0
03933.HK,联邦制药,16633000000.000002
03931.HK,中创新航,41543000000.0
03918.HK,金界控股,15613000000.0
03908.HK,中金公司,101372000000.0
03900.HK,绿城中国,17168000000.0
03899.HK,中集安瑞科,15182000000.0
03898.HK,时代电气,53989000000.0
03896.HK,金山云,21027000000.0
03888.HK,金山软件,30649000000.0
03887.HK,HASHKEY HLDGS,5145000000.0
03881.HK,希迪智驾,8898000000.0
03877.HK,中国船舶租赁,13397000000.0
03868.HK,信义能源,7583000000.0
03858.HK,佳鑫国际资源,26043000000.0
03808.HK,中国重汽,106408999999.99998
03800.HK,协鑫科技,22919000000.0
03750.HK,宁德时代,3247892000000.0
03738.HK,阜博集团,5967000000.0
03698.HK,徽商银行,60004000000.0
03696.HK,英矽智能,22679000000.0
03692.HK,翰森制药,179620000000.0
03690.HK,美团-W,422971000000.0
03677.HK,正力新能,13947000000.0
03668.HK,兖煤澳大利亚,38953000000.0
03660.HK,奇富科技-S,15287000000.0
03633.HK,中裕能源,7063000000.0
03618.HK,重庆农村商业银行,65642999999.99999
03613.HK,同仁堂国药,5416000000.0
03606.HK,福耀玻璃,133619000000.0
03396.HK,联想控股,33199000000.0
03393.HK,威胜控股,20750000000.0
03380.HK,龙光集团,8244000000.0
03360.HK,远东宏信,25772000000.000004
03339.HK,中国龙工,11128000000.0
03330.HK,灵宝黄金,16954000000.0
03328.HK,交通银行,595572000000.0
03323.HK,中国建材,40547000000.0
03320.HK,华润医药,26638000000.0
03317.HK,迅策,39304000000.0
03311.HK,中国建筑国际,36817000000.0
03306.HK,江南布衣,9183000000.0
03288.HK,海天味业,174853000000.0
02899.HK,紫金矿业,728586000000.0
02889.HK,博泰车联,18609000000.0
02888.HK,渣打集团,464050000000.0
02883.HK,中海油田服务,29822000000.000004
02877.HK,神威药业,6103000000.0
02869.HK,绿城服务,12364000000.0
02858.HK,易鑫集团,8506999999.999999
02799.HK,中信金融资产,44136000000.0
02788.HK,创新实业,28511000000.0
02778.HK,冠君产业信托,12675000000.0
02727.HK,上海电气,52526000000.0
02718.HK,明略科技-W,30169000000.0
02706.HK,海致科技集团,20542000000.0
02698.HK,乐舒适,15519000000.0
02689.HK,玖龙纸业,32048000000.0
02688.HK,新奥能源,45794000000.0
02687.HK,卓越睿新,9200000000.0
02685.HK,量化派,5913000000.0
02675.HK,精锋医疗-B,14899000000.0
02669.HK,中海物业,10607000000.0
02666.HK,环球医疗,8943000000.0
02665.HK,图达通,3877000000.000001
02661.HK,轻松健康,2501000000.0
02659.HK,宝济药业-B,5868000000.0
02656.HK,健康160,3243000000.0
02655.HK,果下科技,8154000000.000001
02652.HK,长风药业,8652000000.0
02650.HK,挚达科技,3496000000.0
02643.HK,曹操出行,11627000000.0
02638.HK,港灯-SS,54608000000.00001
02637.HK,海西新药,14166999999.999998
02635.HK,诺比侃,4268000000.0
02629.HK,MIRXES-B,3701000000.0
02628.HK,中国人寿,753537000000.0
02627.HK,中慧生物-B,11536000000.0
02618.HK,京东物流,78455000000.0
02617.HK,药捷安康-B,4711000000.0
02611.HK,国泰海通,261790000000.0
02610.HK,南山铝业国际,15497999999.999998
02609.HK,佰泽医疗,5261000000.0
02607.HK,上海医药,42275000000.0
02602.HK,万物云,17614000000.0
02601.HK,中国太保,258595000000.0
02600.HK,中国铝业,127976000000.0
02595.HK,劲方医药-B,10904000000.0
02591.HK,银诺医药-B,3239000000.0
02590.HK,极智嘉-W,15860000000.0
02589.HK,沪上阿姨,11309000000.0
02588.HK,中银航空租赁,56388000000.0
02587.HK,健康之路,1957000000.0
02586.HK,多点数智,5709000000.0
02583.HK,西普尼,2956000000.0
02582.HK,国富氢能,1563000000.0
02580.HK,奥克斯电气,15835000000.0
02577.HK,英诺赛科,59207000000.00001
02575.HK,轩竹生物-B,6904000000.000001
02570.HK,重塑能源,2019000000.0
02565.HK,派格生物医药-B,2085000000.0
02562.HK,狮腾控股,630000000.0
02556.HK,迈富时,8198000000.0
02555.HK,茶百道,6679000000.000001
02533.HK,黑芝麻智能,7656999999.999999
02525.HK,禾赛-W,20366000000.0
02517.HK,锅圈,5165000000.0
02513.HK,智谱,938054000000.0
02510.HK,德翔海运,12737000000.0
02507.HK,西锐,12334000000.0
02506.HK,讯飞医疗科技,10414000000.0
02498.HK,速腾聚创,10765000000.0
02477.HK,经纬天地,1560000000.0
02473.HK,喜相逢集团,1132000000.0
02460.HK,华润饮料,17555000000.0
02432.HK,越疆,11500000000.0
02431.HK,佑驾创新,3863000000.000001
02423.HK,贝壳-W,130049000000.0
02419.HK,德康农牧,15975000000.0
02410.HK,同源康医药-B,2178000000.0
02400.HK,心动公司,21774000000.0
02388.HK,中银香港,448074000000.0
02386.HK,中石化炼化工程,21663000000.0
02382.HK,舜宇光学科技,66783000000.00001
02380.HK,中国电力,33894000000.0
02378.HK,保诚,257670000000.0
02367.HK,巨子生物,28135000000.000004
02359.HK,药明康德,458603000000.0
02357.HK,中航科工,23042000000.0
02356.HK,大新银行集团,16265000000.0
02343.HK,太平洋航运,13946000000.0
02338.HK,潍柴动力,295379000000.0
02333.HK,长城汽车,75356000000.0
02331.HK,李宁,38048000000.0
02328.HK,中国财险,318516000000.0
02319.HK,蒙牛乳业,62373000000.0
02318.HK,中国平安,924395000000.0
02314.HK,理文造纸,12327000000.0
02313.HK,申洲国际,59166999999.99999
02291.HK,心泰医疗,3536999999.9999995
02285.HK,泉峰控股,8483000000.0
02282.HK,美高梅中国,38532000000.0
02276.HK,康耐特光学,15656000000.0
02273.HK,固生堂,6042000000.0
02269.HK,药明生物,143360000000.0
02268.HK,药明合联,71958000000.0
02259.HK,紫金黄金国际,236856000000.0
02255.HK,海昌海洋公园,4361000000.0
02252.HK,微创机器人-B,23659000000.0
02238.HK,广汽集团,21210000000.0
02233.HK,西部水泥,7538000000.0
02232.HK,晶苑国际,16147000000.0
02228.HK,晶泰控股,32921000000.0
02202.HK,万科企业,25293000000.0
02196.HK,复星医药,40350000000.0
02192.HK,医脉通,5040000000.0
02186.HK,绿叶制药,7190000000.000001
02172.HK,微创脑科学,6552000000.0
02171.HK,科济药业-B,8592000000.0
02162.HK,康诺亚-B,21136000000.0
02158.HK,医渡科技,4978000000.0
02157.HK,乐普生物,7019000000.0
02155.HK,森松国际,9751000000.0
02145.HK,上美股份,10853000000.0
02128.HK,中国联塑,11045000000.0
02099.HK,中国黄金国际,48561000000.0
02097.HK,蜜雪集团,86781000000.0
02096.HK,先声药业,25297000000.0
02057.HK,中通快递-W,132115000000.00002
02050.HK,三花智控,111259999999.99998
02039.HK,中集集团,40066000000.0
02038.HK,富智康集团,14783000000.000002
02026.HK,小马智行-W,23671000000.0
02020.HK,安踏体育,198702000000.0
02018.HK,瑞声科技,51176000000.0
02016.HK,浙商银行,58225000000.0
02015.HK,理想汽车-W,99695000000.0
02013.HK,微盟集团,4669000000.0
02007.HK,碧桂园,7737000000.0
02005.HK,石四药集团,6256000000.0
01999.HK,敏华控股,11493000000.0
01997.HK,九龙仓置业,64915000000.0
01988.HK,民生银行,137477000000.0
01972.HK,太古地产,118258999999.99998
01963.HK,重庆银行,26504000000.000004
01952.HK,云顶新耀,8669000000.0
01951.HK,锦欣生殖,5329000000.0
01929.HK,周大福,107533000000.0
01928.HK,金沙中国有限公司,105619000000.0
01921.HK,达力普控股,4981000000.0
01919.HK,中远海控,199222000000.0
01918.HK,融创中国,12379000000.0
01913.HK,普拉达,101636000000.0
01910.HK,新秀丽,20024000000.0
01908.HK,建发国际集团,30242000000.0
01907.HK,中国旭阳集团,8552000000.0
01898.HK,中煤能源,130598000000.0
01896.HK,猫眼娱乐,5183000000.0
01888.HK,建滔积层板,312466000000.0
01883.HK,中信国际电讯,9141000000.0
01882.HK,海天国际,29925000000.0
01880.HK,中国中免,98820000000.0
01876.HK,百威亚太,80785000000.0
01860.HK,汇量科技,17065000000.0
01836.HK,九兴控股,10448000000.0
01833.HK,平安好医生,15087000000.0
01828.HK,富卫集团,36341000000.0
01818.HK,招金矿业,58060000000.0
01816.HK,中广核电力,135336999999.99998
01811.HK,中广核新能源,9223000000.0
01810.HK,小米集团-W,557995000000.0
01801.HK,信达生物,138364000000.0
01800.HK,中国交通建设,59504999999.99999
01797.HK,东方甄选,23938000000.0
01789.HK,爱康医疗,5769000000.0
01788.HK,国泰君安国际,18679000000.0
01787.HK,山东黄金,76986000000.0
01783.HK,晋景新能,17538000000.0
01776.HK,广发证券,132944000000.0
01773.HK,天立国际控股,2327000000.0
01772.HK,赣锋锂业,105464000000.00002
01768.HK,鸣鸣很忙,67878000000.0
01766.HK,中国中车,128858000000.0
01735.HK,中环新能源,35904000000.0
01729.HK,汇聚科技,37771000000.0
01698.HK,腾讯音乐-SW,103500000000.0
01691.HK,JS环球生活,4586000000.0
01686.HK,新意网集团,10279000000.0
01681.HK,康臣药业,10587000000.0
01675.HK,亚信科技,4183000000.0
01658.HK,邮储银行,548834000000.0
01610.HK,中粮家佳康,4445000000.0
01585.HK,雅迪控股,27734000000.0
01579.HK,颐海国际,13197000000.0
01548.HK,金斯瑞生物科技,26764000000.0
01530.HK,三生制药,42868000000.0
01519.HK,极兔速递-W,81617000000.0
01513.HK,丽珠医药,21203000000.0
01478.HK,丘钛科技,8197000000.0
01475.HK,日清食品,6888000000.0
01428.HK,耀才证券金融,11762000000.0
01415.HK,高伟电子,20378000000.0
01405.HK,达势股份,3878000000.0
01398.HK,工商银行,2291692000000.0
01384.HK,滴普科技,12674000000.0
01378.HK,中国宏桥,196977000000.0
01368.HK,特步国际,10585000000.0
01364.HK,古茗,50275000000.0
01361.HK,361度,8714000000.0
01359.HK,中国信达,35493000000.0
01357.HK,美图公司,17198000000.0
01347.HK,华虹宏力,373948000000.0
01339.HK,中国人民保险集团,207411000000.0
01336.HK,新华保险,143562000000.0
01333.HK,博雷顿,6420999999.999999
01318.HK,毛戈平,25416000000.0
01316.HK,耐世特,9562000000.0
01313.HK,华润建材科技,7192000000.0
01310.HK,香港宽频,8666000000.0
01308.HK,海丰国际,85088000000.0
01302.HK,先健科技,6392000000.0
01299.HK,友邦保险,739268000000.0
01288.HK,农业银行,1868909000000.0
01277.HK,力量发展,13243000000.0
01276.HK,恒瑞医药,383962000000.0
01258.HK,中国有色矿业,43898000000.0
01211.HK,比亚迪股份,660541000000.0
01209.HK,华润万象生活,83722000000.0
01208.HK,五矿资源,89154000000.0
01199.HK,中远海运港口,17995000000.0
01196.HK,伟禄科技股份,14928000000.0
01193.HK,华润燃气,33923000000.0
01186.HK,中国铁建,62059000000.0
01179.HK,华住集团-S,102590000000.00002
01177.HK,中国生物制药,82489000000.0
01171.HK,兖矿能源,110907000000.0
01164.HK,中广核矿业,18546000000.0
01157.HK,中联重科,59675000000.0
01138.HK,中远海能,75663000000.0
01128.HK,永利澳门,26590000000.0
01117.HK,现代牧业,7756999999.999999
01114.HK,BRILLIANCE CHI,9636000000.0
01113.HK,长实集团,154620000000.0
01112.HK,H&H国际控股,6572000000.0
01109.HK,华润置地,213928000000.00003
01099.HK,国药控股,49650000000.0
01093.HK,石药集团,80311000000.0
01088.HK,中国神华,870179999999.9999
01083.HK,港华智慧能源,10831000000.0
01071.HK,华电国际电力股份,43312000000.0
01070.HK,TCL电子,32495000000.0
01066.HK,威高股份,14488999999.999998
01060.HK,大麦娱乐,13638999999.999998
01055.HK,中国南方航空股份,61429999999.99999
01052.HK,越秀交通基建,6040000000.0
01044.HK,恒安国际,25265000000.0
01038.HK,长江基建集团,150421000000.0
01030.HK,新城发展,9661000000.0
01024.HK,快手-W,179999000000.0
00999.HK,小菜园,8223999999.999999
00998.HK,中信银行,370040000000.0
00992.HK,联想集团,285555000000.0
00991.HK,大唐发电,44416000000.0
00990.HK,至源控股,7548999999.999999
00981.HK,中芯国际,765336000000.0
00975.HK,MONGOL MINING,6434000000.0
00968.HK,信义光能,18843000000.0
00966.HK,中国太平,64764000000.0
00960.HK,龙湖集团,42442000000.0
00956.HK,新天绿色能源,13988999999.999998
00941.HK,中国移动,1650887000000.0
00939.HK,建设银行,2111115000000.0
00934.HK,中石化冠德,8726000000.0
00921.HK,海信家电,33735000000.000004
00917.HK,趣致集团,2207000000.0
00916.HK,龙源电力,41799000000.0
00914.HK,海螺水泥,88869000000.0
00909.HK,明源云,2329000000.0
00902.HK,华能国际电力股份,86026000000.0
00883.HK,中国海洋石油,965809000000.0
00881.HK,中升控股,11570000000.0
00880.HK,澳博控股,10369000000.0
00868.HK,信义玻璃,37738000000.0
00867.HK,康哲药业,25078000000.0
00863.HK,OSL集团,10403000000.0
00857.HK,中国石油股份,1552018000000.0
00856.HK,伟仕佳杰,12684000000.0
00855.HK,中国水务,7150000000.0
00853.HK,微创医疗,11830000000.0
00839.HK,中教控股,4789000000.0
00836.HK,华润电力,87596000000.0
00826.HK,天工国际,9674000000.0
00823.HK,领展房产基金,95494000000.0
00819.HK,天能动力,5315000000.0
00817.HK,中国金茂,16619999999.999998
00800.HK,文远知行-W,14865000000.0
00788.HK,中国铁塔,155063000000.0
00780.HK,同程旅行,28228000000.0
00778.HK,置富产业信托,9072000000.0
00772.HK,阅文集团,19326000000.0
00763.HK,中兴通讯,109256000000.0
00762.HK,中国联通,186955000000.0
00754.HK,合生创展集团,10012000000.0
00753.HK,中国国航,86888000000.0
00751.HK,创维集团,7984000000.0
00728.HK,中国电信,390735000000.0
00700.HK,腾讯控股,3907843000000.0
00697.HK,首程控股,12852000000.000002
00696.HK,中国民航信息网络,23644000000.0
00688.HK,中国海外发展,131995000000.0
00683.HK,嘉里建设,26182000000.0
00670.HK,中国东方航空股份,69797000000.0
00669.HK,创科实业,236786000000.0
00667.HK,中国东方教育,8119000000.0
00666.HK,瑞浦兰钧,31548000000.0
00659.HK,周大福创建,35206000000.0
00656.HK,复星国际,32379000000.000004
00639.HK,首钢资源,10997000000.0
00636.HK,KLN,9923000000.0
00631.HK,三一国际,21844000000.0
00604.HK,深圳控股,5428000000.0
00598.HK,中国外运,27404000000.000004
00590.HK,六福集团,12999000000.0
00586.HK,海螺创业,19497000000.0
00576.HK,浙江沪杭甬,35806000000.0
00570.HK,中国中药,6798000000.0
00552.HK,中国通信服务,27150000000.0
00551.HK,裕元集团,19656000000.0
00546.HK,阜丰集团,11860000000.0
00522.HK,ASMPT,100155000000.0
00512.HK,远大医药,16683000000.000002
00506.HK,中国食品,8643000000.0
00486.HK,俄铝,48618000000.0
00467.HK,联合能源集团,8724000000.0
00460.HK,四环医药,7744000000.0
00440.HK,大新金融,12054000000.0
00425.HK,敏实集团,31269000000.0
00392.HK,北京控股,33815000000.0
00390.HK,中国中铁,81199000000.0
00388.HK,香港交易所,460225000000.0
00386.HK,中国石油化工股份,483702000000.00006
00384.HK,中国燃气,28221000000.0
00371.HK,北控水务集团,22705000000.0
00363.HK,上海实业控股,13351000000.0
00358.HK,江西铜业股份,107068000000.0
00354.HK,中国软件国际,7923000000.0
00345.HK,VITASOY INT'L,6597000000.0
00336.HK,华宝国际,9718000000.0
00325.HK,布鲁可,10359000000.0
00322.HK,康师傅控股,55132000000.00001
00317.HK,中船防务,16891000000.0
00316.HK,东方海外国际,80566000000.0
00308.HK,香港中旅,5703000000.0
00303.HK,VTECH HOLDINGS,13046000000.0
00300.HK,美的集团,628870000000.0
00297.HK,中化化肥,8991000000.0
00293.HK,国泰航空,78933000000.0
00291.HK,华润啤酒,69036000000.0
00290.HK,国富量子,21226000000.0
00288.HK,万洲国际,106363000000.00002
00285.HK,比亚迪电子,47137000000.0
00270.HK,粤海投资,50733000000.0
00268.HK,金蝶国际,21013000000.0
00267.HK,中信股份,308648000000.0
00257.HK,光大环境,28012000000.0
00241.HK,阿里健康,49820000000.0
00220.HK,统一企业中国,29156000000.0
00200.HK,新濠国际发展,7120999999.999999
00189.HK,东岳集团,33060000000.000004
00179.HK,德昌电机控股,18137000000.0
00177.HK,江苏宁沪高速公路,46196000000.0
00175.HK,吉利汽车,182897000000.0
00173.HK,嘉华国际,6085000000.0
00168.HK,青岛啤酒股份,58715000000.0
00165.HK,中国光大控股,8780000000.0
00152.HK,深圳国际,13040000000.0
00151.HK,中国旺旺,40008000000.0
00148.HK,建滔集团,132258000000.0
00144.HK,招商局港口,51803000000.0
00142.HK,第一太平,20458000000.0
00136.HK,中国儒意,25033000000.0
00135.HK,昆仑能源,55541000000.0
00123.HK,越秀地产,13444999999.999998
00119.HK,保利置业集团,5999000000.0
00101.HK,恒隆地产,35849000000.0
00100.HK,MINIMAX-W,130785999999.99998
00087.HK,太古股份公司B,35498000000.0
00083.HK,信和置业,98546000000.0
00081.HK,中国海外宏洋集团,7937000000.0
00066.HK,港铁公司,189857000000.0
00041.HK,鹰君,11013000000.0
00027.HK,银河娱乐,128836999999.99998
00023.HK,东亚银行,33131000000.0
00020.HK,商汤-W,56570000000.00001
00019.HK,太古股份公司A,63642999999.99999
00017.HK,新世界发展,15930000000.000002
00016.HK,新鸿基地产,325421000000.0
00014.HK,希慎兴业,16966000000.0
00013.HK,和黄医药,14638000000.0
00012.HK,恒基地产,120066000000.00002
00010.HK,恒隆集团,17129000000.0
00008.HK,电讯盈科,41296000000.0
00006.HK,电能实业,121685999999.99998
00005.HK,汇丰控股,2541449000000.0
00004.HK,九龙仓集团,55314000000.0
00003.HK,香港中华煤气,121289000000.00002
00002.HK,中电控股,184936000000.0
00001.HK,长和,253740000000.0
