date,code,amt_log_20,pred,is_holdout,base_score,blend_raw,score,fwd_ret,label_start,label_end,target_weight,rank
2024-02-29,01164.HK,-0.08634187864753759,3.706633534220896,False,3.661456216583778,0.9139072351570985,3.706633534220896,0.032972574,2024-03-01,2024-04-02,0.06666666666666667,1
2024-02-29,02359.HK,1.6054254988983658,3.501438646423007,False,5.041087917302499,0.4765173316537217,3.501438646423007,-0.26865727,2024-03-01,2024-04-02,0.06666666666666667,2
2024-02-29,03808.HK,0.025719467690316692,2.9456164093721804,False,2.0823148590783522,0.9833724240569685,2.9456164093721804,0.057098985,2024-03-01,2024-04-02,0.06666666666666667,3
2024-02-29,00696.HK,-0.0687307164691521,1.8217284790209145,False,0.13227480573716302,0.5679512756069862,1.8217284790209145,0.06002879,2024-03-01,2024-04-02,0.06666666666666667,4
2024-02-29,03988.HK,1.840996900757719,1.795245174056936,False,2.140216974859244,0.9747086852948617,1.795245174056936,0.06816125,2024-03-01,2024-04-02,0.06666666666666667,5
2024-02-29,00257.HK,0.5249938571372234,1.744921684166353,False,1.8078709008112783,0.8925269880216994,1.744921684166353,0.071166754,2024-03-01,2024-04-02,0.06666666666666667,6
2024-02-29,01907.HK,-1.2278456098563915,1.698643772919316,False,1.701721992043478,0.8367729697116738,1.698643772919316,0.023014545,2024-03-01,2024-04-02,0.06666666666666667,7
2024-02-29,03618.HK,-0.7071355114292164,1.6529484780476782,False,2.0549689988430564,0.9723047528948102,1.6529484780476782,0.043759227,2024-03-01,2024-04-02,0.06666666666666667,8
2024-02-29,01988.HK,-0.42126668414460905,1.6361509592160448,False,1.7259291051637087,0.8586018241311085,1.6361509592160448,-0.010766864,2024-03-01,2024-04-02,0.06666666666666667,9
2024-02-29,00371.HK,-0.19177735375673988,1.5858718349672067,False,1.0432096490363203,0.8975953105930062,1.5858718349672067,-0.06984788,2024-03-01,2024-04-02,0.06666666666666667,10
2024-02-29,01359.HK,-0.7124225596168594,1.5820633223557934,False,1.157752286960836,0.7598524870893234,1.5820633223557934,-0.13156712,2024-03-01,2024-04-02,0.06666666666666667,11
2024-02-29,01958.HK,-0.8394725357109392,1.5749573630853395,False,1.5911835292154346,0.9360160719502189,1.5749573630853395,-0.054377556,2024-03-01,2024-04-02,0.06666666666666667,12
2024-02-29,00019.HK,0.07706335894974795,1.536821831739409,False,1.6072057763007996,0.9818448716715548,1.536821831739409,0.035856485,2024-03-01,2024-04-02,0.06666666666666667,13
2024-02-29,01114.HK,0.07056806658652247,1.5116127879097185,False,1.532208028373057,0.9763509046627366,1.5116127879097185,0.4783181,2024-03-01,2024-04-02,0.06666666666666667,14
2024-02-29,00546.HK,-1.2536833870301463,1.5004249009573476,False,1.9280990062300218,1.0,1.5004249009573476,-0.01675421,2024-03-01,2024-04-02,0.06666666666666667,15
2024-03-28,02359.HK,1.4155658607270947,3.295348496787697,False,1.5496090762728953,0.3630135113013813,3.295348496787697,0.05170214,2024-04-02,2024-05-02,0.06666666666666667,1
2024-03-28,02005.HK,-1.4663691916319912,3.082213703968331,False,4.617931095756026,0.9604566552697041,3.082213703968331,-0.063750505,2024-04-02,2024-05-02,0.06666666666666667,2
2024-03-28,01164.HK,0.07659801433682667,2.5421629557988608,False,1.4228696950139434,0.827766180382832,2.5421629557988608,0.07442629,2024-04-02,2024-05-02,0.06666666666666667,3
2024-03-28,01258.HK,-0.028816785629095655,2.0807644472642,False,2.537586958821675,0.9617690206890618,2.0807644472642,0.058905125,2024-04-02,2024-05-02,0.06666666666666667,4
2024-03-28,02015.HK,2.2851282652517235,2.0407366171554977,False,1.1492246675631836,0.6581660393011094,2.0407366171554977,-0.1301536,2024-04-02,2024-05-02,0.06666666666666667,5
2024-03-28,00120.HK,-1.2014925825671752,1.9376664394119685,False,2.3341565215274835,0.13738018895547682,1.9376664394119685,-0.036144555,2024-04-02,2024-05-02,0.06666666666666667,6
2024-03-28,00659.HK,-1.190331703159639,1.897424950939417,False,1.2192182883458185,0.9236672851109825,1.897424950939417,0.02428341,2024-04-02,2024-05-02,0.06666666666666667,7
2024-03-28,01907.HK,-1.283204676578026,1.8553647439169034,False,2.009007495790329,0.8285962626280362,1.8553647439169034,0.025734186,2024-04-02,2024-05-02,0.06666666666666667,8
2024-03-28,03618.HK,-0.6612161278229641,1.791919070532189,False,1.5288691422213216,0.9818038341256468,1.791919070532189,-0.009007692,2024-04-02,2024-05-02,0.06666666666666667,9
2024-03-28,03988.HK,1.9344236013575498,1.7524812865229609,False,1.3647455981866774,0.9817627980046397,1.7524812865229609,0.05775726,2024-04-02,2024-05-02,0.06666666666666667,10
2024-03-28,00005.HK,1.9579934535457288,1.6391323259383914,False,2.4702107116876135,0.9859870361327392,1.6391323259383914,0.118739724,2024-04-02,2024-05-02,0.06666666666666667,11
2024-03-28,00551.HK,-0.43949389245901893,1.6387384042041848,False,2.5169026621416943,0.9481891901653516,1.6387384042041848,0.23963296,2024-04-02,2024-05-02,0.06666666666666667,12
2024-03-28,06818.HK,-0.37998629106855536,1.614054872952226,False,1.4956904798522466,0.8687179722529245,1.614054872952226,0.034757018,2024-04-02,2024-05-02,0.06666666666666667,13
2024-03-28,00867.HK,-0.07888271234364028,1.6084327886407555,False,2.4400569747619065,0.5235680384609347,1.6084327886407555,-0.022524595,2024-04-02,2024-05-02,0.06666666666666667,14
2024-03-28,03933.HK,-0.4412302566061394,1.6046318095580323,False,1.7754943510425703,0.9227527774896883,1.6046318095580323,-0.0073156953,2024-04-02,2024-05-02,0.06666666666666667,15
2024-04-30,00867.HK,0.15102051655303383,2.665541060982682,False,2.891025147203458,0.44649583959817063,2.665541060982682,-0.06269103,2024-05-02,2024-06-03,0.06666666666666667,1
2024-04-30,00005.HK,2.256042394219144,2.2249899122644363,False,1.9797691128412593,1.0,2.2249899122644363,0.034131527,2024-05-02,2024-06-03,0.06666666666666667,2
2024-04-30,01907.HK,-1.1972555979999258,1.939975370912467,False,1.870943246034605,0.8653683318081408,1.939975370912467,-0.05958128,2024-05-02,2024-06-03,0.06666666666666667,3
2024-04-30,00551.HK,-0.6081679471430975,1.9396565517922062,False,1.362410441442718,0.9721073003522724,1.9396565517922062,0.09178507,2024-05-02,2024-06-03,0.06666666666666667,4
2024-04-30,01114.HK,0.9681316090517328,1.8575854450138698,False,2.388698208420165,1.0,1.8575854450138698,-0.079529166,2024-05-02,2024-06-03,0.06666666666666667,5
2024-04-30,00941.HK,2.089689560178113,1.828771303103088,False,1.8858768039079414,0.9838128187614466,1.828771303103088,0.09325588,2024-05-02,2024-06-03,0.06666666666666667,6
2024-04-30,01398.HK,1.9265559920504713,1.7891169126808024,False,2.0123102261038524,1.0,1.7891169126808024,0.056731105,2024-05-02,2024-06-03,0.06666666666666667,7
2024-04-30,01164.HK,-0.2659402576923428,1.7871502641585542,False,2.151430833303165,0.9808574793554781,1.7871502641585542,0.50005007,2024-05-02,2024-06-03,0.06666666666666667,8
2024-04-30,06855.HK,-0.9221400012868155,1.7088584762968209,False,1.5626960659539488,0.6431654550885936,1.7088584762968209,-0.053361773,2024-05-02,2024-06-03,0.06666666666666667,9
2024-04-30,03933.HK,-0.6090770169879397,1.656991590709622,False,1.5384888303766737,0.9313877686743967,1.656991590709622,-0.043156207,2024-05-02,2024-06-03,0.06666666666666667,10
2024-04-30,00883.HK,2.2840536238027,1.6133519679179082,False,1.6833063320241402,1.0,1.6133519679179082,0.042079568,2024-05-02,2024-06-03,0.06666666666666667,11
2024-04-30,00939.HK,2.3149366004682412,1.5939659030593936,False,1.6556393322865122,1.0,1.5939659030593936,0.09550691,2024-05-02,2024-06-03,0.06666666666666667,12
2024-04-30,03618.HK,-0.6281881652675175,1.5749180531244156,False,1.6209669640275095,1.0,1.5749180531244156,0.17752683,2024-05-02,2024-06-03,0.06666666666666667,13
2024-04-30,03988.HK,2.3189555529704524,1.5692374669671088,False,1.7737293357475399,0.9724300624182663,1.5692374669671088,0.071844816,2024-05-02,2024-06-03,0.06666666666666667,14
2024-04-30,01988.HK,-0.5821968240424422,1.4923324845500576,False,1.5774391361557953,0.9219838554145987,1.4923324845500576,0.060703397,2024-05-02,2024-06-03,0.06666666666666667,15
2024-05-31,01114.HK,0.19514028760233845,3.8226211872636355,False,5.256544166107106,0.905709464673685,3.8226211872636355,0.3423525,2024-06-03,2024-07-02,0.06666666666666667,1
2024-05-31,00867.HK,0.2581976246784893,3.2145129222921636,False,3.5380006973808693,0.4257804694590347,3.2145129222921636,-0.0438506,2024-06-03,2024-07-02,0.06666666666666667,2
2024-05-31,06088.HK,-0.606247123603691,2.858593902209923,False,2.6833077175731823,1.0,2.858593902209923,0.47560978,2024-06-03,2024-07-02,0.06666666666666667,3
2024-05-31,01164.HK,-0.19583001885548104,2.442326171798083,False,2.7332215102930006,0.9966210946130126,2.442326171798083,-0.17164576,2024-06-03,2024-07-02,0.06666666666666667,4
2024-05-31,00005.HK,2.1172080390568135,2.4125735740046386,False,2.8453780351680176,0.9793158386773739,2.4125735740046386,-0.013014853,2024-06-03,2024-07-02,0.06666666666666667,5
2024-05-31,00883.HK,2.368782193992777,1.9869781436176364,False,2.2906499552111326,0.9976157446676654,1.9869781436176364,0.14634168,2024-06-03,2024-07-02,0.06666666666666667,6
2024-05-31,02233.HK,-0.9657552859851228,1.891848524679963,False,1.100989350380028,0.8467362395144107,1.891848524679963,-0.027533531,2024-06-03,2024-07-02,0.06666666666666667,7
2024-05-31,03988.HK,2.317076883215745,1.8535066303342145,False,1.9332839249208889,0.9343332783841091,1.8535066303342145,0.03485775,2024-06-03,2024-07-02,0.06666666666666667,8
2024-05-31,00639.HK,-0.7224727108883081,1.733258097844809,False,2.401650383003827,1.0,1.733258097844809,-0.038500607,2024-06-03,2024-07-02,0.06666666666666667,9
2024-05-31,00939.HK,2.6336215129531655,1.6885930408142449,False,1.7215467493419776,0.9389854761125312,1.6885930408142449,0.042709947,2024-06-03,2024-07-02,0.06666666666666667,10
2024-05-31,00303.HK,-1.1426915846368353,1.6223697579093228,False,1.393016729810698,1.0,1.6223697579093228,0.05762565,2024-06-03,2024-07-02,0.06666666666666667,11
2024-05-31,00941.HK,2.128587998532553,1.5993263293429336,False,1.3127758547779258,1.0,1.5993263293429336,0.04900551,2024-06-03,2024-07-02,0.06666666666666667,12
2024-05-31,01907.HK,-1.2325526555258866,1.5956385435157163,False,1.3203338409968277,0.8214225318949621,1.5956385435157163,0.0010273457,2024-06-03,2024-07-02,0.06666666666666667,13
2024-05-31,01398.HK,2.2581193104891426,1.5186834688254964,False,1.0250567115471405,0.9285786349872627,1.5186834688254964,0.06263304,2024-06-03,2024-07-02,0.06666666666666667,14
2024-05-31,01258.HK,0.06238672155185744,1.4977622921985363,False,2.7629833985318712,0.8609134235609606,1.4977622921985363,-0.06511289,2024-06-03,2024-07-02,0.06666666666666667,15
2024-06-28,01114.HK,1.0182755766645397,2.7944777146634743,False,0.3324112632198427,0.9580092042176345,2.7944777146634743,0.0024735928,2024-07-02,2024-08-01,0.06666666666666667,1
2024-06-28,01164.HK,-0.05988258066651678,2.4903466262719185,False,2.247471742250837,0.8613630034825551,2.4903466262719185,-0.14739978,2024-07-02,2024-08-01,0.06666666666666667,2
2024-06-28,01378.HK,1.5042758929368176,2.0086427624009904,False,2.851915681991173,0.8834051222228562,2.0086427624009904,-0.1509434,2024-07-02,2024-08-01,0.06666666666666667,3
2024-06-28,00142.HK,-1.2761058031910677,1.9381279323558578,False,2.2173563784401766,0.9464233191743644,1.9381279323558578,-0.07298821,2024-07-02,2024-08-01,0.06666666666666667,4
2024-06-28,00005.HK,1.8964990309921315,1.8294270017389493,False,0.813475968309881,0.9743232111185753,1.8294270017389493,0.0,2024-07-02,2024-08-01,0.06666666666666667,5
2024-06-28,09901.HK,0.7324912722825365,1.7887949227752489,False,0.8542738493511354,0.777343664613184,1.7887949227752489,-0.18166983,2024-07-02,2024-08-01,0.06666666666666667,6
2024-06-28,00639.HK,-0.6657321458360089,1.7012961738363552,False,1.0009419646688835,0.9477294364900926,1.7012961738363552,-0.15266347,2024-07-02,2024-08-01,0.06666666666666667,7
2024-06-28,00867.HK,0.3755423145266893,1.6885916990108576,False,-0.16081729935915423,0.42642914784998237,1.6885916990108576,-0.0076491237,2024-07-02,2024-08-01,0.06666666666666667,8
2024-06-28,00856.HK,-1.6779100829090217,1.6522149405150612,False,1.654898572636087,0.9090645489677153,1.6522149405150612,0.0046464205,2024-07-02,2024-08-01,0.06666666666666667,9
2024-06-28,06823.HK,-0.09967581554954516,1.6107620794393172,False,1.7636821326545566,0.9643826503335436,1.6107620794393172,0.10201788,2024-07-02,2024-08-01,0.06666666666666667,10
2024-06-28,00551.HK,-0.23535177987416486,1.5873417846020654,False,1.6477216366662577,0.9449328616199895,1.5873417846020654,-0.21957272,2024-07-02,2024-08-01,0.06666666666666667,11
2024-06-28,01361.HK,-1.7255598128438785,1.5594677425912247,False,1.6751132186417137,0.8194349602395045,1.5594677425912247,-0.15655178,2024-07-02,2024-08-01,0.06666666666666667,12
2024-06-28,00120.HK,-1.5553924967905481,1.5246096190538088,False,1.0183152687527985,0.0567092613884096,1.5246096190538088,-0.04285711,2024-07-02,2024-08-01,0.06666666666666667,13
2024-06-28,01258.HK,0.02604510576254199,1.5147687781657069,False,0.2665541577995424,0.782760901083366,1.5147687781657069,-0.12577754,2024-07-02,2024-08-01,0.06666666666666667,14
2024-06-28,00363.HK,-1.4663035617277311,1.512815343856831,False,1.73563917873975,0.958885962479386,1.512815343856831,-0.023695111,2024-07-02,2024-08-01,0.06666666666666667,15
2024-07-31,00142.HK,-0.8448358332660567,2.0820942353377694,False,1.9468320922353626,0.9073132055062124,2.0820942353377694,0.21867144,2024-08-01,2024-09-02,0.06666666666666667,1
2024-07-31,02362.HK,-0.686941718795892,2.053385603489348,False,1.725015107741463,0.5251224789851967,2.053385603489348,-0.07133877,2024-08-01,2024-09-02,0.06666666666666667,2
2024-07-31,01114.HK,0.7780978085703637,2.0094508979605665,False,3.6864905327012902,0.9143696608330131,2.0094508979605665,-0.18049145,2024-08-01,2024-09-02,0.06666666666666667,3
2024-07-31,01164.HK,-0.0033922275890990233,1.8056200768525115,False,1.3637684114541861,0.7227593944683426,1.8056200768525115,-0.2757058,2024-08-01,2024-09-02,0.06666666666666667,4
2024-07-31,00363.HK,-1.200650804381681,1.7680393203040254,False,1.800439461868301,0.9495105908115629,1.7680393203040254,-0.04332286,2024-08-01,2024-09-02,0.06666666666666667,5
2024-07-31,00856.HK,-1.247440749819736,1.7343104942802083,False,1.8137224159243297,0.8823922481185185,1.7343104942802083,0.009275079,2024-08-01,2024-09-02,0.06666666666666667,6
2024-07-31,00939.HK,2.5115882116580255,1.7010752124838528,False,2.328956079916022,0.9664232410066245,1.7010752124838528,-0.0055012107,2024-08-01,2024-09-02,0.06666666666666667,7
2024-07-31,01988.HK,-0.18261029883198532,1.682801020835953,False,1.9901974692643973,0.9547952393552953,1.682801020835953,0.018064141,2024-08-01,2024-09-02,0.06666666666666667,8
2024-07-31,01691.HK,-1.762780600372279,1.6198634013173214,False,1.271230465553403,0.9629629248072691,1.6198634013173214,-0.012987018,2024-08-01,2024-09-02,0.06666666666666667,9
2024-07-31,00293.HK,-0.1184668327409332,1.578404796366064,False,2.1953634663635753,0.9272673495914803,1.578404796366064,-0.027907073,2024-08-01,2024-09-02,0.06666666666666667,10
2024-07-31,00005.HK,2.1369542693564365,1.5653598549731829,False,2.3172437416364846,0.9978605728070917,1.5653598549731829,0.013643384,2024-08-01,2024-09-02,0.06666666666666667,11
2024-07-31,06818.HK,-0.42598749503033906,1.501402319667665,False,1.7873399933632899,0.9478015851859384,1.501402319667665,-0.004221678,2024-08-01,2024-09-02,0.06666666666666667,12
2024-07-31,00019.HK,0.17214085922828842,1.4502089334748982,False,1.4882377402010112,0.9175744181173189,1.4502089334748982,-0.008215606,2024-08-01,2024-09-02,0.06666666666666667,13
2024-07-31,00087.HK,-1.0022949655702467,1.3917722730063102,False,1.8854846213593497,0.9234952539377954,1.3917722730063102,0.0019863844,2024-08-01,2024-09-02,0.06666666666666667,14
2024-07-31,01658.HK,0.5783036520148797,1.3483496934496557,False,1.5245602482795007,0.9565172687788434,1.3483496934496557,-0.0072019696,2024-08-01,2024-09-02,0.06666666666666667,15
2024-08-30,03990.HK,-0.6200421610285257,4.055351021991735,False,4.711822893901308,0.9638263831259548,4.055351021991735,-0.3205434,2024-09-02,2024-10-02,0.06666666666666667,1
2024-08-30,06088.HK,0.2336468491513977,3.8750876391965474,False,4.945911602015881,0.616621967977253,3.8750876391965474,0.11981571,2024-09-02,2024-10-02,0.06666666666666667,2
2024-08-30,01114.HK,0.7752614812388374,2.7657557933175436,False,1.845021053933797,0.7756601277314152,2.7657557933175436,-0.13094169,2024-09-02,2024-10-02,0.06666666666666667,3
2024-08-30,01070.HK,-0.5710286809823284,2.2787377207493034,False,0.42940035706406104,0.7091538534488356,2.2787377207493034,0.29694963,2024-09-02,2024-10-02,0.06666666666666667,4
2024-08-30,00966.HK,0.19975436409874656,2.2760980174939123,False,2.92833522281464,1.0,2.2760980174939123,0.3568641,2024-09-02,2024-10-02,0.06666666666666667,5
2024-08-30,00087.HK,-0.9982468972024602,2.0116813115448666,False,2.1378780017303836,0.9326094821331234,2.0116813115448666,0.087073565,2024-09-02,2024-10-02,0.06666666666666667,6
2024-08-30,00939.HK,2.402547308891801,2.0091179438352444,False,1.6892798077544673,0.9452028208239109,2.0091179438352444,0.12708211,2024-09-02,2024-10-02,0.06666666666666667,7
2024-08-30,00363.HK,-1.311816900936393,1.973790497293927,False,2.1471415327195533,0.928334243942448,1.973790497293927,0.17719209,2024-09-02,2024-10-02,0.06666666666666667,8
2024-08-30,03339.HK,-1.385656034328029,1.9567612987772711,False,1.5050391515159167,0.8712126538669273,1.9567612987772711,0.16556025,2024-09-02,2024-10-02,0.06666666666666667,9
2024-08-30,01988.HK,-0.12169903161198986,1.930796401500095,False,1.8713953337357925,0.9685933169542287,1.930796401500095,0.18082035,2024-09-02,2024-10-02,0.06666666666666667,10
2024-08-30,00142.HK,-0.5392712529607446,1.9155065508177807,False,1.8841810094001987,1.0,1.9155065508177807,0.059340954,2024-09-02,2024-10-02,0.06666666666666667,11
2024-08-30,02666.HK,-0.802200892096835,1.8347586462183805,False,1.9133038317138917,0.9394846805148086,1.8347586462183805,0.1714772,2024-09-02,2024-10-02,0.06666666666666667,12
2024-08-30,02018.HK,0.8772761380558793,1.7781753421307849,False,2.1551031165784975,0.9650651321932946,1.7781753421307849,-0.0030732155,2024-09-02,2024-10-02,0.06666666666666667,13
2024-08-30,01735.HK,-0.2229315418712057,1.7570251779990227,False,1.3098225985246332,0.9907786731068344,1.7570251779990227,-0.077699244,2024-09-02,2024-10-02,0.06666666666666667,14
2024-08-30,01963.HK,-1.4285332161273183,1.6962148038820235,False,2.3004836280124508,0.9536800928688024,1.6962148038820235,0.10495758,2024-09-02,2024-10-02,0.06666666666666667,15
2024-09-30,06088.HK,-0.2338943487792533,3.4794398888944027,False,2.0129681757729236,0.6514745453971345,3.4794398888944027,0.04115224,2024-10-02,2024-11-01,0.06666666666666667,1
2024-09-30,03990.HK,-0.4748213320643144,2.936649724459496,False,1.161476555017684,0.4586598794420793,2.936649724459496,-0.32056516,2024-10-02,2024-11-01,0.06666666666666667,2
2024-09-30,06855.HK,0.1263076434352998,2.1914661205056607,False,2.464705026519855,1.0,2.1914661205056607,0.07814407,2024-10-02,2024-11-01,0.06666666666666667,3
2024-09-30,09698.HK,-0.3632647955701927,2.0776069721910657,False,2.434108192620015,1.0,2.0776069721910657,-0.08131868,2024-10-02,2024-11-01,0.06666666666666667,4
2024-09-30,01963.HK,-1.4487481271197185,1.9457779191186972,False,1.5910722102249437,1.0,1.9457779191186972,0.046590805,2024-10-02,2024-11-01,0.06666666666666667,5
2024-09-30,00966.HK,0.29737712394424437,1.9433915706063367,False,0.9584479183980332,1.0,1.9433915706063367,-0.04500687,2024-10-02,2024-11-01,0.06666666666666667,6
2024-09-30,01988.HK,0.022717064017010742,1.7424962850188643,False,1.6135972363019362,1.0,1.7424962850188643,-0.07579672,2024-10-02,2024-11-01,0.06666666666666667,7
2024-09-30,00363.HK,-1.0334385370978343,1.7017273975441412,False,1.2563132623687292,1.0,1.7017273975441412,-0.047995508,2024-10-02,2024-11-01,0.06666666666666667,8
2024-09-30,00087.HK,-1.4425105969465348,1.6865585150942761,False,1.2352390284581687,0.9832395173080898,1.6865585150942761,-0.016791463,2024-10-02,2024-11-01,0.06666666666666667,9
2024-09-30,00939.HK,2.3635888439897386,1.6657265112512627,False,1.642173214748058,0.9483845020371053,1.6657265112512627,0.0065317154,2024-10-02,2024-11-01,0.06666666666666667,10
2024-09-30,01398.HK,2.172706060999622,1.6473799842783974,False,1.7924463081788864,0.9606735511364985,1.6473799842783974,-0.018605411,2024-10-02,2024-11-01,0.06666666666666667,11
2024-09-30,03618.HK,-0.31047319981705657,1.5960761042944718,False,1.3084781887030181,0.9757812467266381,1.5960761042944718,0.038437486,2024-10-02,2024-11-01,0.06666666666666667,12
2024-09-30,03360.HK,-0.23966941409855258,1.556007960253401,False,1.6982755399504945,1.0,1.556007960253401,-0.069485664,2024-10-02,2024-11-01,0.06666666666666667,13
2024-09-30,02666.HK,-0.5407800900124802,1.5390606466608099,False,1.1648174616077283,1.0,1.5390606466608099,-0.057034254,2024-10-02,2024-11-01,0.06666666666666667,14
2024-09-30,06666.HK,-0.721592383616553,1.5216803024706107,False,1.7023708406276585,1.0,1.5216803024706107,-0.3135593,2024-10-02,2024-11-01,0.06666666666666667,15
2024-10-31,00939.HK,2.1114866705766007,2.576453695927755,False,3.5107341771074516,0.9725894629811154,2.576453695927755,-0.04058516,2024-11-01,2024-12-02,0.06666666666666667,1
2024-10-31,01398.HK,1.8600578927188083,2.558893541796139,False,3.325340775413392,0.962789136308392,2.558893541796139,-0.029485226,2024-11-01,2024-12-02,0.06666666666666667,2
2024-10-31,00941.HK,1.965742184164468,2.2424631023746384,False,2.853686127008352,0.9237236711658692,2.2424631023746384,0.009776711,2024-11-01,2024-12-02,0.06666666666666667,3
2024-10-31,03988.HK,1.5063374937251472,2.229346130660063,False,3.3857062161131593,0.9461478266664182,2.229346130660063,-0.031923234,2024-11-01,2024-12-02,0.06666666666666667,4
2024-10-31,00570.HK,0.7667689529680537,2.1895903410162267,False,3.3769825743164574,0.5372500225525048,2.1895903410162267,-0.07499677,2024-11-01,2024-12-02,0.06666666666666667,5
2024-10-31,01030.HK,0.02072842997468118,1.895530021392942,False,2.0469163085750743,0.7366770728776075,1.895530021392942,-0.15966392,2024-11-01,2024-12-02,0.06666666666666667,6
2024-10-31,00005.HK,1.6827136562712797,1.8935100831817513,False,2.393480938453066,1.0,1.8935100831817513,0.024271846,2024-11-01,2024-12-02,0.06666666666666667,7
2024-10-31,09698.HK,-0.5870950592925895,1.7772961926786985,False,1.120484192737382,0.9274725442404276,1.7772961926786985,-0.084210515,2024-11-01,2024-12-02,0.06666666666666667,8
2024-10-31,00019.HK,-0.3263620993084973,1.6969704698833108,False,2.4410375942431655,0.9085866286577833,1.6969704698833108,-0.0075706244,2024-11-01,2024-12-02,0.06666666666666667,9
2024-10-31,06088.HK,0.07040748762602173,1.5664949042938656,False,1.1200216328148078,0.7104557860098024,1.5664949042938656,0.339921,2024-11-01,2024-12-02,0.06666666666666667,10
2024-10-31,00083.HK,-0.6146162514281713,1.5592390988193094,False,2.1855641838157527,0.8957415196859192,1.5592390988193094,-0.010241866,2024-11-01,2024-12-02,0.06666666666666667,11
2024-10-31,03360.HK,-0.6061063475437999,1.529701366775729,False,1.361127193600964,0.8780105613048503,1.529701366775729,-0.041885495,2024-11-01,2024-12-02,0.06666666666666667,12
2024-10-31,01308.HK,-0.15577206731060544,1.5266358928917745,False,1.4206634354410124,0.9401719685596335,1.5266358928917745,-0.06996727,2024-11-01,2024-12-02,0.06666666666666667,13
2024-10-31,02388.HK,0.5456136234372636,1.5234717693970015,False,1.6747474044232082,0.9769218966960831,1.5234717693970015,-0.06614494,2024-11-01,2024-12-02,0.06666666666666667,14
2024-10-31,06855.HK,-0.26128843253692463,1.4995557927998007,False,0.5344065590797461,0.9056603788674092,1.4995557927998007,-0.04983014,2024-11-01,2024-12-02,0.06666666666666667,15
2024-11-29,00939.HK,2.1623209965698313,3.2941116182945094,False,3.077489059481567,0.9405261128581299,3.2941116182945094,0.056746483,2024-12-02,2025-01-02,0.06666666666666667,1
2024-11-29,01398.HK,1.9911707261855787,3.0523354208160978,False,2.7793300662188036,0.9306211358288642,3.0523354208160978,0.08439708,2024-12-02,2025-01-02,0.06666666666666667,2
2024-11-29,03988.HK,1.7982815392729752,2.989421271881328,False,2.5931363276494963,0.9256395932862089,2.989421271881328,0.071452975,2024-12-02,2025-01-02,0.06666666666666667,3
2024-11-29,00005.HK,1.68045196794733,2.562308212437088,False,2.7311354864211097,1.0,2.562308212437088,0.043419003,2024-12-02,2025-01-02,0.06666666666666667,4
2024-11-29,00941.HK,1.922644684818305,2.415462145481409,False,1.9772381639544663,0.9347128228670353,2.415462145481409,0.045642257,2024-12-02,2025-01-02,0.06666666666666667,5
2024-11-29,00570.HK,0.23626854985921167,2.3629037200910443,False,1.3488248658656312,0.49887338206763604,2.3629037200910443,0.013536215,2024-12-02,2025-01-02,0.06666666666666667,6
2024-11-29,00019.HK,-0.2957490093870048,2.069998398666388,False,1.6989592030896103,0.8905116404538851,2.069998398666388,0.061022162,2024-12-02,2025-01-02,0.06666666666666667,7
2024-11-29,01288.HK,1.3190733494095839,2.025300132625146,False,1.8725398260514443,0.9580373781250753,2.025300132625146,0.08631313,2024-12-02,2025-01-02,0.06666666666666667,8
2024-11-29,00087.HK,-1.84817749532438,1.8645090594158922,False,2.5979846642463493,0.9332115791247877,1.8645090594158922,0.06538606,2024-12-02,2025-01-02,0.06666666666666667,9
2024-11-29,00083.HK,-0.3458021051115566,1.8564307177604915,False,1.5272972517052306,0.8773225459596945,1.8564307177604915,0.009050846,2024-12-02,2025-01-02,0.06666666666666667,10
2024-11-29,01381.HK,-1.5272899741178203,1.8309807963934235,False,1.7992625098007398,0.9716156950640898,1.8309807963934235,0.013333321,2024-12-02,2025-01-02,0.06666666666666667,11
2024-11-29,09956.HK,-1.8446639496639996,1.816878787849478,False,2.0845259199151562,0.8877995596416969,1.816878787849478,-0.07440102,2024-12-02,2025-01-02,0.06666666666666667,12
2024-11-29,00683.HK,-1.1852891548087394,1.720969714664213,False,1.928208304279496,0.883352166385784,1.720969714664213,-0.019205093,2024-12-02,2025-01-02,0.06666666666666667,13
2024-11-29,02016.HK,-1.0062733041529686,1.6627123273879938,False,1.7050198096276081,0.9187799977120061,1.6627123273879938,0.0,2024-12-02,2025-01-02,0.06666666666666667,14
2024-11-29,06823.HK,-0.3136047979210522,1.6466759527655186,False,1.6160595624855705,0.9227100027678647,1.6466759527655186,-0.0072538853,2024-12-02,2025-01-02,0.06666666666666667,15
2024-12-31,00939.HK,2.2913971479772792,2.9561084618641633,False,2.8347278642467595,0.9984688676531678,2.9561084618641633,0.04471326,2025-01-02,2025-02-03,0.06666666666666667,1
2024-12-31,01398.HK,2.092672205222462,2.6951240625164856,False,2.6109180588141676,1.0,2.6951240625164856,0.08865905,2025-01-02,2025-02-03,0.06666666666666667,2
2024-12-31,06088.HK,0.1848330230145875,2.6683408668717696,False,4.187923750152406,0.9656084981464848,2.6683408668717696,-0.03943658,2025-01-02,2025-02-03,0.06666666666666667,3
2024-12-31,06855.HK,-0.041863207483970336,2.6336598132030242,False,2.807949812989948,0.9528301894337046,2.6336598132030242,-0.18399996,2025-01-02,2025-02-03,0.06666666666666667,4
2024-12-31,00005.HK,1.7002151103280079,2.283884641498842,False,1.836633796576574,1.0,2.283884641498842,0.055482626,2025-01-02,2025-02-03,0.06666666666666667,5
2024-12-31,03988.HK,1.6893652904547796,2.028750125626545,False,1.4643639236035941,1.0,2.028750125626545,0.064005256,2025-01-02,2025-02-03,0.06666666666666667,6
2024-12-31,00087.HK,-1.685731657042434,1.9010263860733465,False,1.2040681079003437,0.98939915469687,1.9010263860733465,-0.0090254545,2025-01-02,2025-02-03,0.06666666666666667,7
2024-12-31,01070.HK,-0.4243147509088528,1.8984546260990423,False,1.7970841726961044,0.9663303532762175,1.8984546260990423,0.07693231,2025-01-02,2025-02-03,0.06666666666666667,8
2024-12-31,06055.HK,-0.1827135764131675,1.8099577450133006,False,2.2328314134979084,0.8407071490831837,1.8099577450133006,0.2138232,2025-01-02,2025-02-03,0.06666666666666667,9
2024-12-31,00934.HK,-1.2485863532952948,1.7897916975301293,False,1.7212853223620135,1.0,1.7897916975301293,-0.08958119,2025-01-02,2025-02-03,0.06666666666666667,10
2024-12-31,00363.HK,-2.0218105199179845,1.7411367213454305,False,1.9431744176052406,0.8592172274399713,1.7411367213454305,-0.022368252,2025-01-02,2025-02-03,0.06666666666666667,11
2024-12-31,00683.HK,-1.0548051856682916,1.6049493103162202,False,1.2816903163529445,0.8810877237130714,1.6049493103162202,-0.0026103258,2025-01-02,2025-02-03,0.06666666666666667,12
2024-12-31,09992.HK,1.3703362092934313,1.6005599991496635,False,3.3969658397543476,0.9412066649062704,1.6005599991496635,0.016455889,2025-01-02,2025-02-03,0.06666666666666667,13
2024-12-31,01381.HK,-1.768468397795364,1.5923236147744544,False,1.385384719748169,0.9913606995973352,1.5923236147744544,0.04385972,2025-01-02,2025-02-03,0.06666666666666667,14
2024-12-31,00303.HK,-1.1949941675211593,1.5654507151695796,False,1.1517166231149099,0.9241397802314856,1.5654507151695796,-0.01625359,2025-01-02,2025-02-03,0.06666666666666667,15
2025-01-28,01114.HK,0.20886013632882455,3.01992045052949,False,3.555014527608302,0.9045001660821945,3.01992045052949,0.13979864,2025-02-03,2025-03-03,0.06666666666666667,1
2025-01-28,00939.HK,2.3308771396558803,2.4552901952553436,False,2.075852526263928,0.9859835601976099,2.4552901952553436,0.04754162,2025-02-03,2025-03-03,0.06666666666666667,2
2025-01-28,01070.HK,0.050002328192320325,2.4130299681353122,False,3.0289757635745196,0.964437282934938,2.4130299681353122,0.09522748,2025-02-03,2025-03-03,0.06666666666666667,3
2025-01-28,09992.HK,1.520296292075298,2.3546121406966045,False,1.3122584416388614,0.9868766711418713,2.3546121406966045,0.1851052,2025-02-03,2025-03-03,0.06666666666666667,4
2025-01-28,01398.HK,2.2197696314530333,2.15402676047858,False,1.6971354621429926,0.9906306242396631,2.15402676047858,0.04544711,2025-02-03,2025-03-03,0.06666666666666667,5
2025-01-28,06088.HK,0.5816496438494185,2.1041753221002764,False,0.020426894048147043,0.8097561001139408,2.1041753221002764,-0.1495601,2025-02-03,2025-03-03,0.06666666666666667,6
2025-01-28,02016.HK,-0.4597156888884935,1.9970276004861514,False,2.626841811343378,0.9615273492560756,1.9970276004861514,0.049121857,2025-02-03,2025-03-03,0.06666666666666667,7
2025-01-28,00363.HK,-1.4040828579801772,1.8967951953648374,False,1.8504159731244343,0.8214849121576967,1.8967951953648374,0.017603874,2025-02-03,2025-03-03,0.06666666666666667,8
2025-01-28,03360.HK,-0.4940369720125501,1.831709212781386,False,2.5298571352501775,0.9197486254119551,1.831709212781386,0.017092824,2025-02-03,2025-03-03,0.06666666666666667,9
2025-01-28,01800.HK,0.022854057519996678,1.734494192386596,False,2.138302762309608,0.9004474129336463,1.734494192386596,0.027891994,2025-02-03,2025-03-03,0.06666666666666667,10
2025-01-28,03988.HK,1.827323172452818,1.7185271556952069,False,1.9726903877868196,0.9950489844211251,1.7185271556952069,0.10724354,2025-02-03,2025-03-03,0.06666666666666667,11
2025-01-28,00005.HK,1.9595163557142128,1.6687232993749352,False,1.5008128021732965,1.0,1.6687232993749352,0.14205146,2025-02-03,2025-03-03,0.06666666666666667,12
2025-01-28,00667.HK,-1.485050295626148,1.6532007023037742,False,2.8418842421755777,0.6666571323752596,1.6532007023037742,0.25002158,2025-02-03,2025-03-03,0.06666666666666667,13
2025-01-28,00087.HK,-1.70259449266354,1.61844018758048,False,2.032812267260616,0.9664304344158968,1.61844018758048,-0.021858394,2025-02-03,2025-03-03,0.06666666666666667,14
2025-01-28,01988.HK,0.6195206628880134,1.617376145736154,False,2.1332399986669737,0.9893279540671241,1.617376145736154,0.005379081,2025-02-03,2025-03-03,0.06666666666666667,15
2025-02-28,01114.HK,0.33140630469864535,2.890051236257986,False,2.2250879449076706,0.9673858222653521,2.890051236257986,-0.128541,2025-03-03,2025-04-01,0.06666666666666667,1
2025-02-28,00939.HK,1.9585273119895013,2.694143071219449,False,3.31243361617497,0.9777536518588174,2.694143071219449,0.04538393,2025-03-03,2025-04-01,0.06666666666666667,2
2025-02-28,02016.HK,-0.7522445770179674,2.486124572932021,False,2.3454073345206643,0.9958147530711039,2.486124572932021,0.089339495,2025-03-03,2025-04-01,0.06666666666666667,3
2025-02-28,03988.HK,1.6921011701096142,2.2801791229175685,False,2.5876678580483174,0.9954848370888315,2.2801791229175685,0.04502499,2025-03-03,2025-04-01,0.06666666666666667,4
2025-02-28,01398.HK,1.8099063333030714,2.245858476144514,False,2.7945814901460353,0.9581947013623237,2.245858476144514,-0.0018088818,2025-03-03,2025-04-01,0.06666666666666667,5
2025-02-28,03360.HK,-0.3292943548290281,2.12166656427002,False,1.7134759932898622,0.9454181716052629,2.12166656427002,0.06890106,2025-03-03,2025-04-01,0.06666666666666667,6
2025-02-28,01963.HK,-1.5601463642740534,2.097460471345015,False,2.253063050224993,0.9888315338561644,2.097460471345015,0.07187629,2025-03-03,2025-04-01,0.06666666666666667,7
2025-02-28,00087.HK,-1.725004349458988,1.9860786517414504,False,1.9393450362222846,0.9505290712651198,1.9860786517414504,0.018622398,2025-03-03,2025-04-01,0.06666666666666667,8
2025-02-28,01800.HK,-0.11862048109464961,1.9501737064435523,False,1.7620446505774967,0.9182661675196404,1.9501737064435523,-0.06589049,2025-03-03,2025-04-01,0.06666666666666667,9
2025-02-28,02388.HK,0.7837481140656919,1.9224446382485023,False,2.0755053015483544,0.9873649296408443,1.9224446382485023,0.12321365,2025-03-03,2025-04-01,0.06666666666666667,10
2025-02-28,09997.HK,-0.9457801650469266,1.9034346049992832,False,2.260109040959953,0.9374999589917562,1.9034346049992832,0.0762589,2025-03-03,2025-04-01,0.06666666666666667,11
2025-02-28,00710.HK,-0.45446874971844553,1.8975135400415792,False,0.993328234574875,0.8780203650964212,1.8975135400415792,-0.18918592,2025-03-03,2025-04-01,0.06666666666666667,12
2025-02-28,00883.HK,1.7744379973532436,1.8722796469185954,False,2.0584869715146334,0.7921644776329664,1.8722796469185954,0.06494975,2025-03-03,2025-04-01,0.06666666666666667,13
2025-02-28,01458.HK,-1.585605777718033,1.8230368770682603,False,2.6293560631463366,0.8625737158134197,1.8230368770682603,0.09942722,2025-03-03,2025-04-01,0.06666666666666667,14
2025-02-28,01070.HK,-0.1503059270398616,1.8177104689385333,False,0.6064451743025467,0.9097910681696939,1.8177104689385333,0.25816047,2025-03-03,2025-04-01,0.06666666666666667,15
2025-03-31,09966.HK,-0.7717827493758592,3.720152788928494,False,5.313104461945945,1.0,3.720152788928494,-0.082943976,2025-04-01,2025-05-02,0.06666666666666667,1
2025-03-31,00939.HK,1.9069504710819758,3.0247029427040903,False,2.7369722692332106,0.985668699642954,3.0247029427040903,-0.045531392,2025-04-01,2025-05-02,0.06666666666666667,2
2025-03-31,01398.HK,1.6518035007445884,2.715409426982081,False,2.636237363818127,0.9651717179148526,2.715409426982081,-0.032657743,2025-04-01,2025-05-02,0.06666666666666667,3
2025-03-31,00941.HK,1.8955265150360239,2.395018819218345,False,2.5406499086532293,0.9858821060652997,2.395018819218345,-0.026784718,2025-04-01,2025-05-02,0.06666666666666667,4
2025-03-31,01458.HK,-1.9303769708177048,2.218490737718147,False,1.8076254122899575,0.9289334702548658,2.218490737718147,0.33673358,2025-04-01,2025-05-02,0.06666666666666667,5
2025-03-31,03988.HK,1.6721325852772948,2.1889335859809425,False,1.7901993139135677,0.9852925017742412,2.1889335859809425,-0.036243975,2025-04-01,2025-05-02,0.06666666666666667,6
2025-03-31,03328.HK,0.5398145744929957,2.080017794943239,False,1.9485705230353545,0.9802823751914429,2.080017794943239,-0.0036556125,2025-04-01,2025-05-02,0.06666666666666667,7
2025-03-31,00998.HK,0.44003068679888935,2.0219384457998295,False,1.5170569036083421,0.9620714108749251,2.0219384457998295,-0.017775,2025-04-01,2025-05-02,0.06666666666666667,8
2025-03-31,01963.HK,-1.21545750883382,1.9807065719175023,False,1.7083500936100116,0.9696575428868915,1.9807065719175023,0.15443873,2025-04-01,2025-05-02,0.06666666666666667,9
2025-03-31,01119.HK,-1.1893799292891298,1.9617651733302794,False,2.4228585790692296,0.3154574056569432,1.9617651733302794,-0.021276593,2025-04-01,2025-05-02,0.06666666666666667,10
2025-03-31,00883.HK,1.698456230151416,1.941537438324352,False,1.8245879051340705,0.8205157458277924,1.941537438324352,-0.11776841,2025-04-01,2025-05-02,0.06666666666666667,11
2025-03-31,02016.HK,-0.8316309825054576,1.9265118924772777,False,1.5076164504338911,0.9961228808608203,1.9265118924772777,0.007814884,2025-04-01,2025-05-02,0.06666666666666667,12
2025-03-31,01268.HK,-0.9710302543516247,1.880282208097438,False,2.5326638134192017,0.6250084424130714,1.880282208097438,-0.004627466,2025-04-01,2025-05-02,0.06666666666666667,13
2025-03-31,03618.HK,-0.4687979006281053,1.8771256559425509,False,1.9081077849345922,0.9887603776756783,1.8771256559425509,0.12690139,2025-04-01,2025-05-02,0.06666666666666667,14
2025-03-31,00005.HK,1.845562104526213,1.8561143542243617,False,1.6486821022553209,0.9794439368873306,1.8561143542243617,-0.028731942,2025-04-01,2025-05-02,0.06666666666666667,15
2025-04-30,01398.HK,1.9081502893346485,2.9302447913538447,False,3.224252218889562,0.926826572294595,2.9302447913538447,0.056280732,2025-05-02,2025-06-02,0.06666666666666667,1
2025-04-30,00939.HK,2.2877946295620273,2.871261754247106,False,3.0055512392610018,0.9448964228037615,2.871261754247106,0.0846442,2025-05-02,2025-06-02,0.06666666666666667,2
2025-04-30,00941.HK,1.9964712717880888,2.4178291443199473,False,2.295008379986665,0.9535300281163128,2.4178291443199473,0.0770638,2025-05-02,2025-06-02,0.06666666666666667,3
2025-04-30,02858.HK,0.11697430059733323,2.394179281904579,False,2.7513051357533382,0.9906767259046713,2.394179281904579,-0.09728122,2025-05-02,2025-06-02,0.06666666666666667,4
2025-04-30,06855.HK,0.4466088344602463,2.2327401636843702,False,2.8081166627977185,0.9533980286237106,2.2327401636843702,0.0113168955,2025-05-02,2025-06-02,0.06666666666666667,5
2025-04-30,03988.HK,1.874852088857056,2.1335001116648615,False,2.4768009094161556,0.9394569128650208,2.1335001116648615,0.036853433,2025-05-02,2025-06-02,0.06666666666666667,6
2025-04-30,01988.HK,0.2278955113959144,2.0609912138389466,False,2.1927025355653362,0.9168627339973073,2.0609912138389466,0.07881451,2025-05-02,2025-06-02,0.06666666666666667,7
2025-04-30,00008.HK,-0.2639178327195613,2.0588506073020603,False,2.8851914247742867,1.0,2.0588506073020603,0.076826096,2025-05-02,2025-06-02,0.06666666666666667,8
2025-04-30,03328.HK,0.7618790006111228,1.9335015056202165,False,1.9184324882050787,0.9894798508836976,1.9335015056202165,0.013302088,2025-05-02,2025-06-02,0.06666666666666667,9
2025-04-30,00998.HK,0.5180971411293006,1.778732281242847,False,2.040407658877352,0.968401421635821,1.778732281242847,0.11183941,2025-05-02,2025-06-02,0.06666666666666667,10
2025-04-30,01963.HK,-1.019156884261114,1.6600458081732028,False,1.611741522736394,0.9960511271436185,1.6600458081732028,0.07651031,2025-05-02,2025-06-02,0.06666666666666667,11
2025-04-30,03968.HK,1.5018108945873396,1.642065384980551,False,1.8333502084045656,0.8397615760592106,1.642065384980551,0.10957396,2025-05-02,2025-06-02,0.06666666666666667,12
2025-04-30,01800.HK,-0.29228280154028613,1.6209937640694174,False,1.6718252125166848,0.8701361910377957,1.6209937640694174,0.038930655,2025-05-02,2025-06-02,0.06666666666666667,13
2025-04-30,01798.HK,-1.1634181267898362,1.5092666119028433,False,1.2869168541859362,0.8989849588423854,1.5092666119028433,0.013919115,2025-05-02,2025-06-02,0.06666666666666667,14
2025-04-30,01821.HK,-0.2002479720980082,1.4774088035876058,False,1.1797761760005374,0.9614808931585767,1.4774088035876058,0.03883505,2025-05-02,2025-06-02,0.06666666666666667,15
2025-05-30,00314.HK,-0.9089144326552746,3.9494124513271838,False,5.00702624529618,0.5947611758437373,3.9494124513271838,0.3584906,2025-06-02,2025-07-02,0.06666666666666667,1
2025-05-30,02858.HK,0.08441961161586665,3.230218328970059,False,3.7091315221867798,0.9263222978321866,3.230218328970059,0.23033285,2025-06-02,2025-07-02,0.06666666666666667,2
2025-05-30,00861.HK,-0.8741349082346866,3.052495016666663,False,5.501823099918056,0.8087832429972628,3.052495016666663,-0.015822351,2025-06-02,2025-07-02,0.06666666666666667,3
2025-05-30,01398.HK,1.8417836217792385,2.861355784054301,False,2.4984593492190403,0.994781460294929,2.861355784054301,0.12611091,2025-06-02,2025-07-02,0.06666666666666667,4
2025-05-30,00939.HK,2.2327542544067334,2.5403788743304396,False,2.0752065093998775,1.0,2.5403788743304396,0.17775476,2025-06-02,2025-07-02,0.06666666666666667,5
2025-05-30,03988.HK,1.841607288073372,2.1666080727372914,False,1.8564152360584272,0.9681473045772008,2.1666080727372914,0.028908372,2025-06-02,2025-07-02,0.06666666666666667,6
2025-05-30,01288.HK,1.4608147506435203,2.009417429389029,False,2.3270269773448753,0.9940846510596218,2.009417429389029,0.15662229,2025-06-02,2025-07-02,0.06666666666666667,7
2025-05-30,00008.HK,-0.2452578509310239,1.9815417515019567,False,1.0778920782296266,1.0,1.9815417515019567,0.013229609,2025-06-02,2025-07-02,0.06666666666666667,8
2025-05-30,09992.HK,2.2143016832056683,1.9485127320415676,False,3.5442651470810542,0.9490022791197924,1.9485127320415676,0.12260866,2025-06-02,2025-07-02,0.06666666666666667,9
2025-05-30,01477.HK,-0.49761441483702074,1.89755512672974,False,0.0034756378424897205,0.9948051996306679,1.89755512672974,0.20177662,2025-06-02,2025-07-02,0.06666666666666667,10
2025-05-30,03968.HK,1.5756699017737532,1.8835133048384973,False,1.9336764012724292,0.967358085433267,1.8835133048384973,0.16423965,2025-06-02,2025-07-02,0.06666666666666667,11
2025-05-30,03328.HK,0.5278403289791138,1.8513408962534748,False,1.7842493043018708,0.9541677575255261,1.8513408962534748,0.08600652,2025-06-02,2025-07-02,0.06666666666666667,12
2025-05-30,06608.HK,-1.4492884390327396,1.8482980144827506,False,2.2249228993169923,0.6327999877929688,1.8482980144827506,0.10731709,2025-06-02,2025-07-02,0.06666666666666667,13
2025-05-30,00941.HK,1.92958258998373,1.8288617307578714,False,1.3627150815290778,0.9893197146931844,1.8288617307578714,0.015280962,2025-06-02,2025-07-02,0.06666666666666667,14
2025-05-30,01988.HK,0.13990193276372856,1.7818564600415425,False,1.3710103845177488,0.9975235092442797,1.7818564600415425,0.19130826,2025-06-02,2025-07-02,0.06666666666666667,15
2025-06-30,02858.HK,-0.22975575087063618,4.538116724458212,False,5.367101926729645,0.9588516155460696,4.538116724458212,0.08510053,2025-07-02,2025-08-01,0.06666666666666667,1
2025-06-30,00314.HK,0.037706447219356974,3.447372626943613,False,1.887719008591047,0.7149460755198407,3.447372626943613,0.18849206,2025-07-02,2025-08-01,0.06666666666666667,2
2025-06-30,00861.HK,-1.1859135757792523,3.0196256201362552,False,0.5374281403544543,0.8165457752779085,3.0196256201362552,-0.009826481,2025-07-02,2025-08-01,0.06666666666666667,3
2025-06-30,01341.HK,-0.35032411616430376,2.7891970041597363,False,2.2937479344319396,0.40816326344425313,2.7891970041597363,-0.46500003,2025-07-02,2025-08-01,0.06666666666666667,4
2025-06-30,00667.HK,-0.7930361758740478,2.184404217781482,False,1.9253439590085846,0.9737693563944594,2.184404217781482,0.2274816,2025-07-02,2025-08-01,0.06666666666666667,5
2025-06-30,01398.HK,1.8582809456884086,2.177250446281225,False,1.8560415433434096,0.9643446469631739,2.177250446281225,-0.02916962,2025-07-02,2025-08-01,0.06666666666666667,6
2025-06-30,03988.HK,2.0211956889790494,2.173896319328307,False,2.4913774025981867,0.9579759327082251,2.173896319328307,-0.025931418,2025-07-02,2025-08-01,0.06666666666666667,7
2025-06-30,00558.HK,-0.6999225276619149,2.145008055186684,False,2.860482740028496,0.8008296712701582,2.145008055186684,-0.06345153,2025-07-02,2025-08-01,0.06666666666666667,8
2025-06-30,09992.HK,2.557585669155527,2.1015099707522724,False,0.6587547944234904,0.9694547523595014,2.1015099707522724,-0.058094382,2025-07-02,2025-08-01,0.06666666666666667,9
2025-06-30,00581.HK,-1.5591008042466308,1.8342176634053207,False,1.1506199958594892,0.9478724238677096,1.8342176634053207,0.2329117,2025-07-02,2025-08-01,0.06666666666666667,10
2025-06-30,00002.HK,0.32043689956938526,1.8236362330856752,False,2.0841951107630807,0.9606734708171961,1.8236362330856752,0.021148562,2025-07-02,2025-08-01,0.06666666666666667,11
2025-06-30,00939.HK,2.2997505149766346,1.7853815983949288,False,1.4955566873899804,0.9753596920688867,1.7853815983949288,-0.03191185,2025-07-02,2025-08-01,0.06666666666666667,12
2025-06-30,03968.HK,1.5308187738438748,1.7559577284025463,False,1.578239055532663,0.9707956045602956,1.7559577284025463,-0.06523126,2025-07-02,2025-08-01,0.06666666666666667,13
2025-06-30,03868.HK,-1.460350055376891,1.7321221453977618,False,1.882905557911584,1.0,1.7321221453977618,0.04267502,2025-07-02,2025-08-01,0.06666666666666667,14
2025-06-30,06608.HK,-1.3697562695280407,1.7250377909839323,False,1.2251526826508723,0.7480000305175781,1.7250377909839323,0.053964734,2025-07-02,2025-08-01,0.06666666666666667,15
2025-07-31,02858.HK,-0.5273175740328476,4.0183695442768,False,2.6696371618239563,0.9230952484122931,4.0183695442768,0.2549069,2025-08-01,2025-09-01,0.06666666666666667,1
2025-07-31,03988.HK,1.4494875127566262,2.474106009094854,False,2.4568346155915215,0.9537646481015452,2.474106009094854,-0.044353962,2025-08-01,2025-09-01,0.06666666666666667,2
2025-07-31,00002.HK,0.27243442270917095,2.1720302120571753,False,2.25986531335127,0.9904668380976146,2.1720302120571753,-0.02366829,2025-08-01,2025-09-01,0.06666666666666667,3
2025-07-31,02799.HK,0.15824359385017056,1.9871993659729963,False,3.449497233063908,0.9242424091907468,1.9871993659729963,-0.07563025,2025-08-01,2025-09-01,0.06666666666666667,4
2025-07-31,00558.HK,-0.7863832444288211,1.872094177941444,False,0.8837056158543918,0.7442869699155693,1.872094177941444,0.74840724,2025-08-01,2025-09-01,0.06666666666666667,5
2025-07-31,01398.HK,1.6665349685394624,1.8152027823504948,False,1.77436402135758,0.9601271159427786,1.8152027823504948,-0.041806996,2025-08-01,2025-09-01,0.06666666666666667,6
2025-07-31,00003.HK,-0.006206670069738517,1.7820821074988087,False,1.7808673633311396,0.9845437929919965,1.7820821074988087,0.0158571,2025-08-01,2025-09-01,0.06666666666666667,7
2025-07-31,03613.HK,-1.8131634522810152,1.6934042536994867,False,2.201144087693284,0.9544971164032952,1.6934042536994867,0.0032718182,2025-08-01,2025-09-01,0.06666666666666667,8
2025-07-31,00083.HK,-0.827939111311249,1.6740536233659777,False,1.756917553038194,0.9783806356193,1.6740536233659777,0.048730493,2025-08-01,2025-09-01,0.06666666666666667,9
2025-07-31,03306.HK,-1.8535217672131865,1.619706680209527,False,2.5947958132255438,0.9707699036067193,1.619706680209527,0.13656497,2025-08-01,2025-09-01,0.06666666666666667,10
2025-07-31,00939.HK,2.2086583794839396,1.6052150196152395,False,1.7148733518404986,0.949298011674619,1.6052150196152395,-0.043085933,2025-08-01,2025-09-01,0.06666666666666667,11
2025-07-31,00005.HK,1.8086978062555568,1.5976521106982569,False,1.7012182179840156,0.9408030404573459,1.5976521106982569,0.057974815,2025-08-01,2025-09-01,0.06666666666666667,12
2025-07-31,01336.HK,1.2904502401612763,1.580778351814507,False,1.5917037797292868,0.96175902448689,1.580778351814507,-0.022910178,2025-08-01,2025-09-01,0.06666666666666667,13
2025-07-31,02039.HK,-1.1502431396730948,1.5365745499816494,False,1.9615427460115296,0.9837420926813841,1.5365745499816494,-0.014513671,2025-08-01,2025-09-01,0.06666666666666667,14
2025-07-31,00941.HK,1.6479268786467434,1.5302469785873232,False,1.0706508695327528,0.9750848280312897,1.5302469785873232,0.039526105,2025-08-01,2025-09-01,0.06666666666666667,15
2025-08-29,02858.HK,-0.26703606125427454,3.0911496522446065,True,3.5126621426652567,1.0,3.0911496522446065,-0.14059854,2025-09-01,2025-10-02,0.06666666666666667,1
2025-08-29,06608.HK,-0.9876883133804327,2.835825069246449,True,4.028953345903841,0.9880000305175781,2.835825069246449,-0.09558827,2025-09-01,2025-10-02,0.06666666666666667,2
2025-08-29,01458.HK,-1.670393466475615,2.537190011801672,True,1.6076740336267912,0.8591314753348717,2.537190011801672,-0.17004293,2025-09-01,2025-10-02,0.06666666666666667,3
2025-08-29,03306.HK,-1.7779323303190826,2.0633517463569566,True,1.531907679488369,1.0,2.0633517463569566,-0.110468745,2025-09-01,2025-10-02,0.06666666666666667,4
2025-08-29,03988.HK,1.40282424483618,1.9986011644548918,True,1.540367713318262,0.8949619207753008,1.9986011644548918,-0.011578739,2025-09-01,2025-10-02,0.06666666666666667,5
2025-08-29,03613.HK,-1.8795731435085183,1.9005236052389676,True,1.5999031227846512,0.9502143853053824,1.9005236052389676,-0.03587234,2025-09-01,2025-10-02,0.06666666666666667,6
2025-08-29,02799.HK,0.3439637953312096,1.8744678480494807,True,0.29943846303505334,0.8712120685312504,1.8744678480494807,-0.07272732,2025-09-01,2025-10-02,0.06666666666666667,7
2025-08-29,00751.HK,-1.7475216662559498,1.8515755807771146,True,2.0197858309431367,0.8989637624132852,1.8515755807771146,0.42603552,2025-09-01,2025-10-02,0.06666666666666667,8
2025-08-29,01288.HK,1.0288916279062232,1.7902757527614925,True,1.3983132502249525,0.9293206644186514,1.7902757527614925,-0.0019161105,2025-09-01,2025-10-02,0.06666666666666667,9
2025-08-29,00327.HK,-0.8633570933428911,1.7738289136140784,True,1.6297800243753253,0.9271397150856986,1.7738289136140784,-0.0635432,2025-09-01,2025-10-02,0.06666666666666667,10
2025-08-29,00002.HK,0.4888965487985848,1.7430893959365157,True,1.2263134785217615,0.95703955723715,1.7430893959365157,-0.0056610703,2025-09-01,2025-10-02,0.06666666666666667,11
2025-08-29,00142.HK,-1.3116247487686679,1.6978249566516648,True,1.9087857996472408,1.0,1.6978249566516648,0.022870183,2025-09-01,2025-10-02,0.06666666666666667,12
2025-08-29,06818.HK,-0.8861386776237723,1.6829176811699758,True,1.5103005298433712,0.8557319475557217,1.6829176811699758,-0.07758564,2025-09-01,2025-10-02,0.06666666666666667,13
2025-08-29,01398.HK,1.5075226161964996,1.6723588001086842,True,1.5703535788597884,0.9202542318855571,1.6723588001086842,0.0,2025-09-01,2025-10-02,0.06666666666666667,14
2025-08-29,00855.HK,-2.09499398980967,1.6721902615415618,True,1.7866589635989203,0.9065683736416731,1.6721902615415618,-0.004012704,2025-09-01,2025-10-02,0.06666666666666667,15
2025-09-30,06608.HK,-1.449328094643914,2.8548537545797137,True,1.680754163255586,0.8704000091552735,2.8548537545797137,-0.096657634,2025-10-02,2025-11-03,0.06666666666666667,1
2025-09-30,02858.HK,-0.39849629899169603,2.4137064092969123,True,1.3147506759285676,0.8594014836386883,2.4137064092969123,-0.10911965,2025-10-02,2025-11-03,0.06666666666666667,2
2025-09-30,00440.HK,-1.7893375206417308,2.1244937635211025,True,2.796653538206904,0.9619125406315101,2.1244937635211025,0.06529462,2025-10-02,2025-11-03,0.06666666666666667,3
2025-09-30,00855.HK,-2.088430353520566,2.069002213491289,True,2.351345463383658,0.8880082842183761,2.069002213491289,0.061475635,2025-10-02,2025-11-03,0.06666666666666667,4
2025-09-30,01114.HK,0.23400975235432164,1.8144734398710833,True,1.7213289482245253,1.0,1.8144734398710833,-0.07398236,2025-10-02,2025-11-03,0.06666666666666667,5
2025-09-30,01398.HK,1.5300705283952059,1.7905789091162059,True,2.0108042393726233,0.915461402725872,1.7905789091162059,0.076791525,2025-10-02,2025-11-03,0.06666666666666667,6
2025-09-30,03988.HK,1.4284904522740758,1.7332931486886052,True,1.9262185840589483,0.8949619207753008,1.7332931486886052,0.05867064,2025-10-02,2025-11-03,0.06666666666666667,7
2025-09-30,02666.HK,-0.6562726316769683,1.6665503044708667,True,1.5284100605356576,0.926716900509521,1.6665503044708667,0.03070712,2025-10-02,2025-11-03,0.06666666666666667,8
2025-09-30,00142.HK,-1.0795807256385546,1.6578110344082013,True,1.406836269169162,0.9731806748837386,1.6578110344082013,-0.042938113,2025-10-02,2025-11-03,0.06666666666666667,9
2025-09-30,01458.HK,-2.1745257189948424,1.6573652264367147,True,1.707056419246638,0.7183008177306351,1.6573652264367147,-0.09266716,2025-10-02,2025-11-03,0.06666666666666667,10
2025-09-30,00363.HK,-1.9048580830240094,1.645273789408749,True,1.8585462130844213,0.9333543193438723,1.645273789408749,0.005838394,2025-10-02,2025-11-03,0.06666666666666667,11
2025-09-30,00005.HK,1.7055189643234752,1.622085855614378,True,1.9606855704020623,1.0,1.622085855614378,-0.02256316,2025-10-02,2025-11-03,0.06666666666666667,12
2025-09-30,02099.HK,0.8676581884062974,1.6169814181253495,True,0.42169352019056106,1.0,1.6169814181253495,-0.105226815,2025-10-02,2025-11-03,0.06666666666666667,13
2025-09-30,09979.HK,-1.3001152263241373,1.59772202421021,True,1.9554091847540709,0.9348907117790237,1.59772202421021,-0.035363197,2025-10-02,2025-11-03,0.06666666666666667,14
2025-09-30,00939.HK,1.7123655445384867,1.5670866202184621,True,1.5490538381341632,0.8820774140293592,1.5670866202184621,0.07297647,2025-10-02,2025-11-03,0.06666666666666667,15
2025-10-31,09979.HK,-1.6692090620202038,2.360960814478748,True,2.766512444203425,0.893472552514301,2.360960814478748,0.054914713,2025-11-03,2025-12-01,0.06666666666666667,1
2025-10-31,01398.HK,1.6535962867128435,2.2374399296746095,True,2.464075619976595,0.9601271159427786,2.2374399296746095,0.04701352,2025-11-03,2025-12-01,0.06666666666666667,2
2025-10-31,03988.HK,1.4090429894705483,1.8614012330220555,True,1.7965838819851627,0.9243522399360539,1.8614012330220555,0.03548789,2025-11-03,2025-12-01,0.06666666666666667,3
2025-10-31,00440.HK,-1.4750762123965098,1.860387500534706,True,0.9241214628625081,0.988447712263269,1.860387500534706,0.006074548,2025-11-03,2025-12-01,0.06666666666666667,4
2025-10-31,00939.HK,1.9549840008771602,1.7387446115408085,True,1.9284353849474538,0.908026377786337,1.7387446115408085,0.026449561,2025-11-03,2025-12-01,0.06666666666666667,5
2025-10-31,00998.HK,0.4071113528831455,1.6912565470463123,True,1.8971271125458251,0.9262459846957725,1.6912565470463123,-0.020496368,2025-11-03,2025-12-01,0.06666666666666667,6
2025-10-31,01258.HK,0.7041693260213444,1.6711818341057927,True,2.451060035729751,0.8771388975462381,1.6711818341057927,0.21323192,2025-11-03,2025-12-01,0.06666666666666667,7
2025-10-31,00363.HK,-1.6949238061244571,1.6405479124418438,True,1.4225496117992664,0.9306221590444022,1.6405479124418438,0.14005327,2025-11-03,2025-12-01,0.06666666666666667,8
2025-10-31,01919.HK,0.7991172389430937,1.6255727109373428,True,2.6937484173123445,0.9170113375107064,1.6255727109373428,-0.018734872,2025-11-03,2025-12-01,0.06666666666666667,9
2025-10-31,00316.HK,0.15484464960527047,1.6210581809334337,True,1.7408384514725497,0.9508715525176481,1.6210581809334337,-0.05737132,2025-11-03,2025-12-01,0.06666666666666667,10
2025-10-31,00142.HK,-0.9722158139713268,1.6173442256927775,True,1.8278521822163931,0.9344295142934204,1.6173442256927775,-0.006423652,2025-11-03,2025-12-01,0.06666666666666667,11
2025-10-31,00267.HK,0.5724892831610976,1.6035105108861392,True,1.8546842727430912,0.986057451077755,1.6035105108861392,-0.0041042566,2025-11-03,2025-12-01,0.06666666666666667,12
2025-10-31,00855.HK,-1.4565126148824852,1.5921349729778886,True,0.8329244825721196,0.9404106180184831,1.5921349729778886,-0.07356417,2025-11-03,2025-12-01,0.06666666666666667,13
2025-10-31,06616.HK,-0.45603364542032254,1.5749897529455275,True,2.422302812415617,0.8648179874546374,1.5749897529455275,0.38798714,2025-11-03,2025-12-01,0.06666666666666667,14
2025-10-31,02628.HK,1.8671222404644296,1.5183284457400346,True,1.717031038242959,0.9722444119371912,1.5183284457400346,0.10333598,2025-11-03,2025-12-01,0.06666666666666667,15
2025-11-28,09979.HK,-1.6004546126783277,2.2254028285817182,True,1.6842932129600117,0.9119947064437561,2.2254028285817182,-0.09091222,2025-12-01,2026-01-02,0.06666666666666667,1
2025-11-28,01258.HK,0.5390601475155378,2.1510463451188793,True,1.8510326545080076,0.9138126941726921,2.1510463451188793,-0.07878381,2025-12-01,2026-01-02,0.06666666666666667,2
2025-11-28,01919.HK,0.9275314772555252,2.033364974911689,True,1.3729815325110328,0.9006991760099433,2.033364974911689,0.020558953,2025-12-01,2026-01-02,0.06666666666666667,3
2025-11-28,01208.HK,0.7311324810044937,1.9864222448549396,True,1.6379648380158933,0.9164456077416094,1.9864222448549396,0.1692307,2025-12-01,2026-01-02,0.06666666666666667,4
2025-11-28,03709.HK,-1.41989593702373,1.9764227324952355,True,2.286053499426524,0.9558260695309314,1.9764227324952355,-0.07385862,2025-12-01,2026-01-02,0.06666666666666667,5
2025-11-28,00998.HK,0.5107035218980608,1.9005624961116279,True,1.9039978796774306,0.9218857509898668,1.9005624961116279,-0.016740203,2025-12-01,2026-01-02,0.06666666666666667,6
2025-11-28,03993.HK,1.233669992512998,1.7988838589181828,True,0.8145104289691616,0.9197458328982148,1.7988838589181828,0.16531754,2025-12-01,2026-01-02,0.06666666666666667,7
2025-11-28,01800.HK,-0.5333366049393404,1.7949125747256787,True,2.169015221151553,0.866012410547951,1.7949125747256787,0.0019711256,2025-12-01,2026-01-02,0.06666666666666667,8
2025-11-28,00826.HK,-0.10989402379113797,1.7666958671855493,True,0.9850294891865073,0.9372969046545926,1.7666958671855493,0.035819888,2025-12-01,2026-01-02,0.06666666666666667,9
2025-11-28,06616.HK,0.30641562533928535,1.724748860442592,True,1.0271949084695668,1.0,1.724748860442592,0.15087724,2025-12-01,2026-01-02,0.06666666666666667,10
2025-11-28,01052.HK,-2.358725653584891,1.677420900156848,True,2.018235762322975,0.9712389899497065,1.677420900156848,0.076215744,2025-12-01,2026-01-02,0.06666666666666667,11
2025-11-28,00272.HK,-1.9242611123549427,1.6408956657722509,True,1.764692728353923,0.8571244104695662,1.6408956657722509,-0.041597545,2025-12-01,2026-01-02,0.06666666666666667,12
2025-11-28,01398.HK,1.7936546198761916,1.6366689355220816,True,0.8092622510675679,0.9787193723391192,1.6366689355220816,0.006218791,2025-12-01,2026-01-02,0.06666666666666667,13
2025-11-28,01963.HK,-1.4045892487624931,1.6359450378870923,True,1.655605990756053,0.9355937773806838,1.6359450378870923,-0.03935349,2025-12-01,2026-01-02,0.06666666666666667,14
2025-11-28,00316.HK,0.11815151485038737,1.6175373782396416,True,1.4942363050067335,0.8936076723692915,1.6175373782396416,-0.021571219,2025-12-01,2026-01-02,0.06666666666666667,15
2025-12-31,01969.HK,-2.037719012275902,2.966454090851472,True,3.580083223794234,0.7029702610367025,2.966454090851472,-0.055555522,2026-01-02,2026-02-02,0.06666666666666667,1
2025-12-31,01258.HK,0.6998005610275585,2.35344680562244,True,2.8558609567368722,0.8753743025598024,2.35344680562244,-0.05000031,2026-01-02,2026-02-02,0.06666666666666667,2
2025-12-31,01800.HK,-0.30308357024737353,2.296724063077427,True,2.424432905003301,0.8761960242266429,2.296724063077427,-0.017644584,2026-01-02,2026-02-02,0.06666666666666667,3
2025-12-31,03709.HK,-1.679442829345426,2.203795666435604,True,2.121537833444684,0.883313761857205,2.203795666435604,-0.07581198,2026-01-02,2026-02-02,0.06666666666666667,4
2025-12-31,00390.HK,-0.163737639391617,2.172698465895523,True,2.392631658139618,0.9202085484970404,2.172698465895523,0.108536124,2026-01-02,2026-02-02,0.06666666666666667,5
2025-12-31,02314.HK,-1.5024382434446144,2.069336296082323,True,1.6643662235548036,0.8722865615013125,2.069336296082323,0.20689535,2026-01-02,2026-02-02,0.06666666666666667,6
2025-12-31,00440.HK,-1.8025563993442022,2.014149269539697,True,2.5862322354174174,0.9464670476279867,2.014149269539697,0.024159908,2026-01-02,2026-02-02,0.06666666666666667,7
2025-12-31,00998.HK,0.48814978023001376,1.9552075684309544,True,2.006417257184478,0.8923154078370926,1.9552075684309544,0.029794097,2026-01-02,2026-02-02,0.06666666666666667,8
2025-12-31,01052.HK,-1.5382738748219642,1.826480165172221,True,1.6347245680214666,0.9874557932637639,1.826480165172221,0.004283309,2026-01-02,2026-02-02,0.06666666666666667,9
2025-12-31,00939.HK,2.1905503370446655,1.7863217515564904,True,2.629727254688135,0.9301758154757251,1.7863217515564904,0.0038423538,2026-01-02,2026-02-02,0.06666666666666667,10
2025-12-31,09858.HK,0.13230493213534356,1.7860354154622362,True,2.8642267207430905,0.9921875072759577,1.7860354154622362,-0.06800002,2026-01-02,2026-02-02,0.06666666666666667,11
2025-12-31,09979.HK,-1.7637151692754076,1.7161408124461133,True,1.7479884119322147,0.8420808649807413,1.7161408124461133,0.15356755,2026-01-02,2026-02-02,0.06666666666666667,12
2025-12-31,03988.HK,1.4992226849113726,1.7114225873928972,True,2.390791911903642,0.961810330277124,1.7114225873928972,0.019852519,2026-01-02,2026-02-02,0.06666666666666667,13
2025-12-31,02016.HK,-1.0975885900831346,1.675976670695773,True,1.5802295466504954,0.8129217460920173,1.675976670695773,-0.015824378,2026-01-02,2026-02-02,0.06666666666666667,14
2025-12-31,03618.HK,-0.20717537778236605,1.5646099111328358,True,1.3896895111067182,0.8686493481201314,1.5646099111328358,-0.035096705,2026-01-02,2026-02-02,0.06666666666666667,15
2026-01-30,03988.HK,1.3518564122424344,2.468596804839893,True,2.5464016977761443,0.9811064904096134,2.468596804839893,-0.019466102,2026-02-02,2026-03-02,0.06666666666666667,1
2026-01-30,00939.HK,1.8987288149620416,2.442485632518461,True,2.255244010348787,0.9567849723555267,2.442485632518461,-0.0063793063,2026-02-02,2026-03-02,0.06666666666666667,2
2026-01-30,00390.HK,0.20398439692311898,2.426972363687942,True,2.4613130692362657,0.967820937643983,2.426972363687942,0.17714334,2026-02-02,2026-03-02,0.06666666666666667,3
2026-01-30,00440.HK,-2.0138729105473647,2.3007774484913748,True,2.0153226615653317,0.9895277322365037,2.3007774484913748,0.13219845,2026-02-02,2026-03-02,0.06666666666666667,4
2026-01-30,01258.HK,0.7110414749527386,2.076588232614557,True,1.297315508492242,0.8612134847113058,2.076588232614557,0.011769056,2026-02-02,2026-03-02,0.06666666666666667,5
2026-01-30,01800.HK,-0.44363171427711723,1.8802553056152442,True,1.3360777062271871,0.8744723789449919,1.8802553056152442,0.025930762,2026-02-02,2026-03-02,0.06666666666666667,6
2026-01-30,00998.HK,0.22450025268430027,1.8737346052570083,True,1.7410519533295385,0.9360366958720294,1.8737346052570083,-0.019278646,2026-02-02,2026-03-02,0.06666666666666667,7
2026-01-30,02877.HK,-1.6457152585554926,1.744235886967933,True,2.179165130213512,0.9555588154540643,1.744235886967933,-0.008588731,2026-02-02,2026-03-02,0.06666666666666667,8
2026-01-30,02318.HK,2.3607383934106996,1.7434420097088679,True,1.9574202098936808,0.9918139943317004,1.7434420097088679,-0.060819864,2026-02-02,2026-03-02,0.06666666666666667,9
2026-01-30,03709.HK,-2.0614858984929527,1.7269865253283778,True,1.3324352172120715,0.8249705837822618,1.7269865253283778,-0.02263385,2026-02-02,2026-03-02,0.06666666666666667,10
2026-01-30,00142.HK,-1.1870241527404122,1.6897841383072252,True,1.4839578812036456,0.9090880537419471,1.6897841383072252,0.043192625,2026-02-02,2026-03-02,0.06666666666666667,11
2026-01-30,02600.HK,1.3920519443006436,1.6883794552026614,True,2.6349512311244383,0.9196522053031411,1.6883794552026614,0.12828767,2026-02-02,2026-03-02,0.06666666666666667,12
2026-01-30,01186.HK,-0.7781012926294792,1.682670672350897,True,1.6205913471111757,0.926422488080142,1.682670672350897,0.020417929,2026-02-02,2026-03-02,0.06666666666666667,13
2026-01-30,03968.HK,1.3556205194385462,1.646134801708321,True,1.7495815940014756,0.9015807566423059,1.646134801708321,0.0,2026-02-02,2026-03-02,0.06666666666666667,14
2026-01-30,03328.HK,0.21840040474738046,1.5862801395134851,True,1.3430795965758908,0.910044186879368,1.5862801395134851,0.009013772,2026-02-02,2026-03-02,0.06666666666666667,15
2026-02-27,00939.HK,1.8964052382888645,2.570840933821565,True,2.886437857294343,0.9664644585145191,2.570840933821565,0.08097482,2026-03-02,2026-04-01,0.06666666666666667,1
2026-02-27,03993.HK,1.5923778259304033,2.472866614120401,True,2.5134706807883624,0.9845161100248869,2.472866614120401,-0.29580414,2026-03-02,2026-04-01,0.06666666666666667,2
2026-02-27,02600.HK,1.2475772243212002,2.3739788027357482,True,2.1130063743470577,0.9389089362181805,2.3739788027357482,-0.19726253,2026-03-02,2026-04-01,0.06666666666666667,3
2026-02-27,03988.HK,1.356673338369707,2.372393479713768,True,2.1983852616513917,0.9748014122254907,2.372393479713768,0.10595572,2026-03-02,2026-04-01,0.06666666666666667,4
2026-02-27,00390.HK,0.5718624467554624,2.097382795360623,True,1.7334525214849807,1.0,2.097382795360623,-0.19207346,2026-03-02,2026-04-01,0.06666666666666667,5
2026-02-27,02877.HK,-1.8611483554117545,2.04864858495382,True,1.918132039694128,0.9466269451202364,2.04864858495382,0.026002407,2026-03-02,2026-04-01,0.06666666666666667,6
2026-02-27,01398.HK,1.5880361279157986,2.0485535268147785,True,2.051380742897129,0.9713772147994705,2.0485535268147785,0.08345759,2026-03-02,2026-04-01,0.06666666666666667,7
2026-02-27,01186.HK,-0.6921035850527689,1.8571225815192207,True,2.0936538159272655,0.9364508770394789,1.8571225815192207,-0.045470536,2026-03-02,2026-04-01,0.06666666666666667,8
2026-02-27,00142.HK,-0.9214256855146388,1.788827741766236,True,2.093697602328826,0.9418810551030967,1.788827741766236,-0.119425535,2026-03-02,2026-04-01,0.06666666666666667,9
2026-02-27,00005.HK,2.0582315855939686,1.7067635057819017,True,1.5897489482871774,1.0,1.7067635057819017,-0.04190874,2026-03-02,2026-04-01,0.06666666666666667,10
2026-02-27,00363.HK,-1.6044842397012902,1.6768538234725487,True,2.213032925295724,0.9564161754931608,1.6768538234725487,-0.07518798,2026-03-02,2026-04-01,0.06666666666666667,11
2026-02-27,02285.HK,-1.1631747142657327,1.6637007836545161,True,1.29354119557155,0.9166663177886236,1.6637007836545161,-0.31891513,2026-03-02,2026-04-01,0.06666666666666667,12
2026-02-27,02318.HK,2.226253584991603,1.6630296126988027,True,1.3686390155039243,0.9258001876583031,1.6630296126988027,-0.08734983,2026-03-02,2026-04-01,0.06666666666666667,13
2026-02-27,01800.HK,-0.49492881566170255,1.6560325740405943,True,1.9759874418540015,0.891656162958618,1.6560325740405943,-0.1264565,2026-03-02,2026-04-01,0.06666666666666667,14
2026-02-27,00998.HK,0.1367641379588198,1.6357671701079508,True,1.530482386886363,0.9270255294121724,1.6357671701079508,0.10533154,2026-03-02,2026-04-01,0.06666666666666667,15
2026-03-31,02600.HK,1.4564799093212086,2.5766554665974883,True,3.040304558847919,0.7470098539817843,2.5766554665974883,-0.029011846,2026-04-01,2026-05-04,0.06666666666666667,1
2026-03-31,03993.HK,1.5968204280929215,2.5435031349265955,True,2.573535589064829,0.6497191016773468,2.5435031349265955,0.028655648,2026-04-01,2026-05-04,0.06666666666666667,2
2026-03-31,01138.HK,1.458934797418431,2.3106001091484067,True,5.486509561492995,0.844163447339767,2.3106001091484067,-0.0067694783,2026-04-01,2026-05-04,0.06666666666666667,3
2026-03-31,00939.HK,2.000826924186026,2.2455287362173797,True,1.6046196151404166,1.0,2.2455287362173797,0.051127195,2026-04-01,2026-05-04,0.06666666666666667,4
2026-03-31,03709.HK,-1.8644286989279741,2.1960064715109398,True,2.918441834852602,0.7911278610376812,2.1960064715109398,-0.010851145,2026-04-01,2026-05-04,0.06666666666666667,5
2026-03-31,02877.HK,-1.776032995876457,1.9444188087677339,True,1.9707055778413396,0.9033224501256473,1.9444188087677339,0.043906808,2026-04-01,2026-05-04,0.06666666666666667,6
2026-03-31,00363.HK,-1.490352720491968,1.8960823215101483,True,1.5791317177245725,0.874842560223963,1.8960823215101483,0.09496665,2026-04-01,2026-05-04,0.06666666666666667,7
2026-03-31,03320.HK,0.007350048742319589,1.8957512947743114,True,3.3088604223585714,1.0,1.8957512947743114,-0.16097236,2026-04-01,2026-05-04,0.06666666666666667,8
2026-03-31,01361.HK,-0.9136777259115513,1.8695081531151807,True,2.4321246077828302,0.9765896111159238,1.8695081531151807,-0.16640782,2026-04-01,2026-05-04,0.06666666666666667,9
2026-03-31,00358.HK,1.1465231279572043,1.7933951574249907,True,1.756582429587151,0.6458338546463438,1.7933951574249907,0.03180778,2026-04-01,2026-05-04,0.06666666666666667,10
2026-03-31,01186.HK,-0.8174373078552023,1.7882490801477833,True,1.482844344368301,0.8712303987677408,1.7882490801477833,0.0,2026-04-01,2026-05-04,0.06666666666666667,11
2026-03-31,00270.HK,-0.3065625251841371,1.6767070256894612,True,2.102134760135848,1.0,1.6767070256894612,-0.010985136,2026-04-01,2026-05-04,0.06666666666666667,12
2026-03-31,03988.HK,1.6184636973196767,1.6764441005623563,True,1.1545029394733208,1.0,1.6764441005623563,0.015960693,2026-04-01,2026-05-04,0.06666666666666667,13
2026-03-31,01800.HK,-0.3214107247910937,1.5656676975116899,True,1.1553479531693782,0.7731110161917151,1.5656676975116899,-0.015595794,2026-04-01,2026-05-04,0.06666666666666667,14
2026-03-31,02378.HK,-1.679347051311878,1.553783712426384,True,1.7968537714430908,0.8353005151384616,1.553783712426384,0.026833415,2026-04-01,2026-05-04,0.06666666666666667,15
2026-04-30,01138.HK,1.0288867442008416,3.4005757149486318,True,1.3146418684042687,0.8587579053741629,3.4005757149486318,-0.21342331,2026-05-04,2026-06-01,0.06666666666666667,1
2026-04-30,02600.HK,1.0540378047558114,2.667156305919169,True,2.294008052990419,0.7543199571647694,2.667156305919169,-0.04393816,2026-05-04,2026-06-01,0.06666666666666667,2
2026-04-30,01789.HK,-0.8165964019109675,2.4534038293073968,True,3.113464757455598,0.8848226264048032,2.4534038293073968,-0.06201613,2026-05-04,2026-06-01,0.06666666666666667,3
2026-04-30,00440.HK,-1.9144902774645485,2.1976428856019274,True,2.758323310801871,0.9493318255483558,2.1976428856019274,0.0101287365,2026-05-04,2026-06-01,0.06666666666666667,4
2026-04-30,02618.HK,0.3681598412247218,1.9369674613120174,True,0.6977647497526981,0.9467084991874635,1.9369674613120174,-0.11962992,2026-05-04,2026-06-01,0.06666666666666667,5
2026-04-30,03320.HK,0.221922310494361,1.8623263960790113,True,0.4157923697994511,0.8076947648306235,1.8623263960790113,-0.07559812,2026-05-04,2026-06-01,0.06666666666666667,6
2026-04-30,03868.HK,-1.9235346081802847,1.8346055262628447,True,2.7282145699340803,0.8264244938690679,1.8346055262628447,0.032495856,2026-05-04,2026-06-01,0.06666666666666667,7
2026-04-30,02038.HK,-0.8225522069731469,1.6866493531435793,True,1.5207247516162354,0.9470079705043951,1.6866493531435793,0.25289845,2026-05-04,2026-06-01,0.06666666666666667,8
2026-04-30,00939.HK,2.080012310571523,1.6138189497483397,True,1.6230182843562626,0.9766410430655674,1.6138189497483397,-0.035067677,2026-05-04,2026-06-01,0.06666666666666667,9
2026-04-30,00081.HK,-1.3140484147916769,1.589877702843253,True,2.8259306192956606,0.953030584509864,1.589877702843253,0.014003396,2026-05-04,2026-06-01,0.06666666666666667,10
2026-04-30,00934.HK,-1.9393906293354968,1.5854355990895095,True,1.7183121669780512,0.8807053516074983,1.5854355990895095,-0.05664748,2026-05-04,2026-06-01,0.06666666666666667,11
2026-04-30,01258.HK,0.21610000373799,1.582405648929284,True,2.6173765609529798,0.7350495937677344,1.582405648929284,0.11499691,2026-05-04,2026-06-01,0.06666666666666667,12
2026-04-30,00270.HK,-0.22368839571653823,1.549864257651765,True,0.9975937551676819,0.9808218070797387,1.549864257651765,0.035763144,2026-05-04,2026-06-01,0.06666666666666667,13
2026-04-30,03931.HK,0.5983497400771607,1.4869264557017035,True,1.1781776589191955,0.9360127395961747,1.4869264557017035,-0.16024566,2026-05-04,2026-06-01,0.06666666666666667,14
2026-04-30,01099.HK,-0.046052054256569885,1.4817803543288304,True,1.3254164614325454,0.841077125388577,1.4817803543288304,-0.09236485,2026-05-04,2026-06-01,0.06666666666666667,15
2026-05-29,01347.HK,2.659644295717666,2.6502377016361187,True,3.8041536908979308,0.9488235473632812,2.6502377016361187,0.22193038,2026-06-01,2026-07-02,0.06666666666666667,1
2026-05-29,01789.HK,-1.0824916483337346,2.5867532390222077,True,2.0600417205888175,0.8216302106895739,2.5867532390222077,-0.113939345,2026-06-01,2026-07-02,0.06666666666666667,2
2026-05-29,02252.HK,0.04618824290139858,2.486591005617143,True,1.766843505836286,0.7190692095815578,2.486591005617143,-0.065008044,2026-06-01,2026-07-02,0.06666666666666667,3
2026-05-29,00440.HK,-1.8738959839351188,2.4525043430488402,True,2.1466853752958093,0.9774298684626482,2.4525043430488402,-0.06414634,2026-06-01,2026-07-02,0.06666666666666667,4
2026-05-29,03868.HK,-1.7643971482601282,2.2210333206099406,True,1.7138520712858005,0.8680240321884299,2.2210333206099406,-0.28682947,2026-06-01,2026-07-02,0.06666666666666667,5
2026-05-29,00290.HK,0.0933149298875371,2.19999324473319,True,3.284944005001714,0.6122859755137164,2.19999324473319,-0.6780488,2026-06-01,2026-07-02,0.06666666666666667,6
2026-05-29,00966.HK,0.34029892537099005,2.1315296572341245,True,1.8100871246727284,0.7743552516242331,2.1315296572341245,-0.059259057,2026-06-01,2026-07-02,0.06666666666666667,7
2026-05-29,00522.HK,1.2621877038705587,2.056941423122952,True,2.5899875142470514,0.9481911322757848,2.056941423122952,0.04577279,2026-06-01,2026-07-02,0.06666666666666667,8
2026-05-29,00081.HK,-1.0641822947661306,1.9508251451274943,True,1.075719670959328,0.9062609047247208,1.9508251451274943,-0.22580647,2026-06-01,2026-07-02,0.06666666666666667,9
2026-05-29,02314.HK,-1.3672411087753558,1.7860965911888986,True,1.9312890926927593,0.7581689198777505,1.7860965911888986,-0.03225696,2026-06-01,2026-07-02,0.06666666666666667,10
2026-05-29,02600.HK,1.0980558446250575,1.704750227424097,True,1.115492401857775,0.7237708690908652,1.704750227424097,-0.30760992,2026-06-01,2026-07-02,0.06666666666666667,11
2026-05-29,01258.HK,0.35520364433024637,1.6165884980183027,True,0.6158004350836259,0.7432775830891779,1.6165884980183027,-0.18464017,2026-06-01,2026-07-02,0.06666666666666667,12
2026-05-29,00998.HK,0.5536749194871431,1.5867210664639773,True,1.477339558669459,0.8761914051821261,1.5867210664639773,-0.07934338,2026-06-01,2026-07-02,0.06666666666666667,13
2026-05-29,03988.HK,1.4814129600723287,1.5352645254374815,True,1.5770594691796838,0.9848840522994985,1.5352645254374815,-0.052925944,2026-06-01,2026-07-02,0.06666666666666667,14
2026-05-29,03698.HK,-0.44257120758100754,1.5282059649600859,True,2.045463404736071,0.9238122494430128,1.5282059649600859,-0.11920011,2026-06-01,2026-07-02,0.06666666666666667,15
2026-06-30,01347.HK,2.6240059572518457,3.249661104068985,True,2.69516851724004,1.0,3.249661104068985,-0.3186459,2026-07-02,2026-08-03,0.06666666666666667,1
2026-06-30,00522.HK,1.365150648626607,3.2342142263969613,True,3.8784409385468717,1.0,3.2342142263969613,-0.22605574,2026-07-02,2026-08-03,0.06666666666666667,2
2026-06-30,00148.HK,2.4802900662677345,2.8322387970039546,True,2.845677283541429,0.8355775792056562,2.8322387970039546,-0.596872,2026-07-02,2026-08-03,0.06666666666666667,3
2026-06-30,02338.HK,1.267967091980105,2.4441151014680944,True,3.3123485835149786,0.7635474451341971,2.4441151014680944,-0.0018119812,2026-07-02,2026-08-03,0.06666666666666667,4
2026-06-30,01789.HK,-0.6750048601708227,2.346849845813286,True,2.6336579710377546,0.7371007421509119,2.346849845813286,0.10763204,2026-07-02,2026-08-03,0.06666666666666667,5
2026-06-30,00290.HK,-0.1104915166046331,2.2196493693033883,True,1.1543547336050628,0.20745215301814382,2.2196493693033883,-0.08080804,2026-07-02,2026-08-03,0.06666666666666667,6
2026-06-30,02005.HK,-1.4718762515648571,2.04359970007343,True,2.133232666837349,0.671636470578438,2.04359970007343,0.09864962,2026-07-02,2026-08-03,0.06666666666666667,7
2026-06-30,01888.HK,2.683643471571272,1.8829336547497892,True,1.9830293651137236,0.9515355511490879,1.8829336547497892,-0.6420048,2026-07-02,2026-08-03,0.06666666666666667,8
2026-06-30,00966.HK,0.3723453972444441,1.7220986660810242,True,1.6341102074893201,0.7022589867043303,1.7220986660810242,0.22404277,2026-07-02,2026-08-03,0.06666666666666667,9
2026-06-30,03988.HK,1.687236996692427,1.692580889358931,True,1.808102309538178,0.9023492409325922,1.692580889358931,0.1403327,2026-07-02,2026-08-03,0.06666666666666667,10
2026-06-30,00010.HK,-1.7582085545849642,1.6854059129990748,True,1.6587361796251532,0.7539586871220276,1.6854059129990748,0.05394709,2026-07-02,2026-08-03,0.06666666666666667,11
2026-06-30,00023.HK,-1.3339440039288146,1.6818658825607906,True,1.4550629669894946,0.7935366317998755,1.6818658825607906,0.3768052,2026-07-02,2026-08-03,0.06666666666666667,12
2026-06-30,00087.HK,-1.3972874379663276,1.6758411503394743,True,1.3483869912923097,0.8317745379148996,1.6758411503394743,0.1728065,2026-07-02,2026-08-03,0.06666666666666667,13
2026-06-30,00081.HK,-1.2070325180227242,1.6382886810180037,True,2.2008576910766795,0.6968806204896213,1.6382886810180037,0.09684682,2026-07-02,2026-08-03,0.06666666666666667,14
2026-06-30,00119.HK,-0.95243765168608,1.6256518754252962,True,1.1259834161974354,0.6483049312290828,1.6256518754252962,-0.055900633,2026-07-02,2026-08-03,0.06666666666666667,15
2026-07-31,00992.HK,2.2033507553113383,3.3828434407959156,True,3.2454367594742743,0.8976662109463217,3.3828434407959156,0.25283706,2026-08-03,2026-09-01,0.06666666666666667,1
2026-07-31,02005.HK,-1.6005205589127272,2.169144288044901,True,2.205055909252453,0.7540103207793974,2.169144288044901,0.11429155,2026-08-03,2026-09-01,0.06666666666666667,2
2026-07-31,01773.HK,-1.4182373553756968,2.1396936702165292,True,1.5546239155539654,0.2983210573297363,2.1396936702165292,-0.116182566,2026-08-03,2026-09-01,0.06666666666666667,3
2026-07-31,01789.HK,-1.0422661181704538,2.107167530577045,True,1.5806770901163354,0.7917008123503954,2.107167530577045,-0.10512364,2026-08-03,2026-09-01,0.06666666666666667,4
2026-07-31,00081.HK,-1.3450327319985362,1.8997231827094487,True,1.598588674342218,0.7743118424057754,1.8997231827094487,0.09445584,2026-08-03,2026-09-01,0.06666666666666667,5
2026-07-31,00363.HK,-1.6100285197408313,1.88846973622435,True,2.2834994924384073,0.9027474279726837,1.88846973622435,-0.0036549568,2026-08-03,2026-09-01,0.06666666666666667,6
2026-07-31,02338.HK,1.1451504627968725,1.8578000861325514,True,0.40325158875012446,0.747243729400012,1.8578000861325514,-0.05502385,2026-08-03,2026-09-01,0.06666666666666667,7
2026-07-31,01883.HK,-1.5148226405994165,1.796613007274035,True,1.83847468341409,0.9893176829372352,1.796613007274035,-0.122742355,2026-08-03,2026-09-01,0.06666666666666667,8
2026-07-31,00990.HK,-1.3568313307299673,1.7626830310388382,True,1.7409708566881015,0.5473684078438459,1.7626830310388382,0.05769241,2026-08-03,2026-09-01,0.06666666666666667,9
2026-07-31,02232.HK,-1.3762914104557336,1.7255984347128699,True,2.3570198150016015,0.8601102622250657,1.7255984347128699,0.09373057,2026-08-03,2026-09-01,0.06666666666666667,10
2026-07-31,03328.HK,0.4409991566770979,1.6838140062386704,True,1.9283807981932333,0.9856583921225259,1.6838140062386704,0.038208127,2026-08-03,2026-09-01,0.06666666666666667,11
2026-07-31,00148.HK,2.1759393482772063,1.6695663423381073,True,0.4934554011347856,0.27781714434640803,1.6695663423381073,0.24393785,2026-08-03,2026-09-01,0.06666666666666667,12
2026-07-31,02666.HK,-0.9155224782445519,1.661703564451035,True,1.60399288156544,0.7926839271342205,1.661703564451035,-0.016129076,2026-08-03,2026-09-01,0.06666666666666667,13
2026-07-31,01398.HK,1.6650948839681512,1.611871193981704,True,1.5394665866448078,0.9829843403304195,1.611871193981704,0.025350213,2026-08-03,2026-09-01,0.06666666666666667,14
2026-07-31,03988.HK,1.5667306725981884,1.5496924649006845,True,1.2912826202631909,0.9945848857079853,1.5496924649006845,0.08933449,2026-08-03,2026-09-01,0.06666666666666667,15
